transaction_id,customer_id,transaction_date,category,product_amount,quantity,discount_pct,final_amount,payment_mode,returned
TXN00001,CUST0834,2024-11-30,Home & Kitchen,14485.5,5,20,57942.0,Net Banking,0
TXN00002,CUST0742,2023-05-02,Fashion,7521.1,5,10,33844.95,Credit Card,0
TXN00003,CUST0438,2024-02-12,Toys,3437.7,2,10,6187.86,UPI,0
TXN00004,CUST0968,2024-04-04,Fashion,7402.25,1,0,7402.25,Credit Card,1
TXN00005,CUST0668,2023-03-26,Grocery,1457.59,2,20,2332.14,Credit Card,1
TXN00006,CUST0328,2024-09-09,Home & Kitchen,8417.31,3,25,18938.95,UPI,0
TXN00007,CUST0396,2024-02-04,Jewellery,37620.44,1,15,31977.37,Credit Card,0
TXN00008,CUST0340,2023-12-22,Travel,42680.32,5,25,160051.2,Credit Card,0
TXN00009,CUST0144,2023-04-09,Electronics,71800.89,3,5,204632.54,Net Banking,0
TXN00010,CUST0747,2024-06-04,Toys,2950.42,4,20,9441.34,Wallet,0
TXN00011,CUST0915,2024-06-01,Beauty,4990.06,3,10,13473.16,Credit Card,0
TXN00012,CUST0952,2023-04-18,Books,620.48,1,0,620.48,Debit Card,0
TXN00013,CUST0597,2023-06-01,Toys,3382.09,1,15,2874.78,UPI,0
TXN00014,CUST0256,2023-01-27,Beauty,3578.88,5,15,15210.24,Net Banking,0
TXN00015,CUST0931,2023-04-29,Toys,2858.13,4,0,11432.52,Wallet,0
TXN00016,CUST0982,2024-12-23,Travel,21572.63,5,0,107863.15,Credit Card,0
TXN00017,CUST0751,2023-04-10,Toys,3206.73,4,0,12826.92,UPI,0
TXN00018,CUST0825,2023-01-03,Jewellery,45218.05,4,5,171828.59,Credit Card,0
TXN00019,CUST0607,2023-11-25,Fashion,2139.11,5,0,10695.55,Debit Card,0
TXN00020,CUST0366,2024-06-12,Grocery,1951.39,3,0,5854.17,Credit Card,0
TXN00021,CUST0830,2023-04-16,Electronics,34410.11,2,5,65379.21,Credit Card,0
TXN00022,CUST0945,2023-08-18,Home & Kitchen,14851.58,4,30,41584.42,Debit Card,0
TXN00023,CUST0810,2023-10-31,Beauty,2550.51,1,15,2167.93,Credit Card,0
TXN00024,CUST0915,2023-06-26,Electronics,22124.01,5,5,105089.05,Net Banking,0
TXN00025,CUST0098,2023-03-25,Toys,1712.87,3,30,3597.03,UPI,0
TXN00026,CUST0067,2023-09-20,Fashion,5403.79,4,10,19453.64,Credit Card,0
TXN00027,CUST0473,2023-07-15,Electronics,10706.7,3,10,28908.09,Net Banking,0
TXN00028,CUST0990,2023-09-06,Fashion,5027.01,5,10,22621.54,Wallet,0
TXN00029,CUST0999,2024-01-17,Beauty,4676.76,1,5,4442.92,Debit Card,0
TXN00030,CUST0632,2024-04-02,Jewellery,42817.41,4,0,171269.64,Debit Card,0
TXN00031,CUST0808,2024-10-22,Jewellery,5248.33,4,5,19943.65,Credit Card,0
TXN00032,CUST0608,2024-12-18,Fashion,7950.42,3,10,21466.13,Credit Card,1
TXN00033,CUST0735,2024-02-13,Fashion,5740.45,5,10,25832.02,Debit Card,0
TXN00034,CUST0627,2023-03-22,Grocery,654.39,2,15,1112.46,Credit Card,0
TXN00035,CUST0608,2024-12-01,Books,166.76,4,5,633.69,Debit Card,0
TXN00036,CUST0178,2024-02-16,Grocery,679.59,1,15,577.65,Credit Card,0
TXN00037,CUST0828,2023-07-25,Electronics,67863.19,4,10,244307.48,Debit Card,0
TXN00038,CUST0992,2024-01-23,Sports,846.69,4,30,2370.73,Debit Card,0
TXN00039,CUST0794,2024-02-03,Grocery,852.81,2,5,1620.34,Debit Card,0
TXN00040,CUST0223,2023-01-08,Electronics,61797.92,2,25,92696.88,Debit Card,0
TXN00041,CUST0166,2024-09-17,Home & Kitchen,9122.77,5,20,36491.08,Debit Card,0
TXN00042,CUST0895,2024-05-31,Electronics,63705.18,4,10,229338.65,Net Banking,0
TXN00043,CUST0534,2024-03-25,Electronics,60961.29,4,15,207268.39,UPI,0
TXN00044,CUST0375,2024-04-20,Fashion,879.51,3,0,2638.53,Debit Card,0
TXN00045,CUST0302,2023-12-08,Travel,53873.15,3,30,113133.62,Wallet,0
TXN00046,CUST0453,2023-03-14,Toys,1140.02,1,0,1140.02,UPI,0
TXN00047,CUST0266,2023-05-01,Fashion,4650.44,1,10,4185.4,Credit Card,0
TXN00048,CUST0238,2023-10-29,Fashion,5332.16,3,5,15196.66,Credit Card,0
TXN00049,CUST0350,2023-08-22,Travel,12611.81,1,5,11981.22,Credit Card,1
TXN00050,CUST0013,2023-03-07,Travel,58645.18,4,10,211122.65,Debit Card,0
TXN00051,CUST0065,2023-08-18,Toys,2106.18,2,25,3159.27,Debit Card,0
TXN00052,CUST0991,2024-06-26,Sports,1257.13,4,10,4525.67,Debit Card,0
TXN00053,CUST0837,2023-02-20,Home & Kitchen,14109.12,3,30,29629.15,Net Banking,0
TXN00054,CUST0669,2024-10-20,Grocery,1841.55,5,10,8286.98,Credit Card,1
TXN00055,CUST0534,2024-08-29,Electronics,57439.49,5,0,287197.45,Debit Card,0
TXN00056,CUST0688,2023-11-25,Grocery,1670.49,3,0,5011.47,Debit Card,1
TXN00057,CUST0972,2024-01-22,Jewellery,42067.42,4,15,143029.23,Wallet,0
TXN00058,CUST0399,2023-02-07,Beauty,455.73,1,0,455.73,Credit Card,0
TXN00059,CUST0034,2024-12-10,Sports,3659.51,1,10,3293.56,Credit Card,0
TXN00060,CUST0734,2023-06-22,Beauty,2507.35,5,0,12536.75,Credit Card,0
TXN00061,CUST0393,2024-05-07,Electronics,10745.27,3,5,30624.02,Debit Card,0
TXN00062,CUST0218,2024-03-30,Travel,43236.68,3,15,110253.53,Debit Card,0
TXN00063,CUST0257,2023-02-10,Electronics,34524.76,2,10,62144.57,UPI,0
TXN00064,CUST0201,2023-05-09,Home & Kitchen,4671.89,5,0,23359.45,Debit Card,0
TXN00065,CUST0428,2023-02-23,Grocery,209.46,3,0,628.38,Credit Card,0
TXN00066,CUST0444,2023-03-27,Toys,2963.37,2,5,5630.4,Debit Card,0
TXN00067,CUST0329,2024-12-24,Books,1275.64,1,0,1275.64,Net Banking,0
TXN00068,CUST0837,2023-09-26,Books,683.3,5,10,3074.85,Debit Card,0
TXN00069,CUST0187,2023-10-23,Toys,2387.61,5,10,10744.24,Net Banking,0
TXN00070,CUST0830,2023-01-21,Travel,15978.14,3,0,47934.42,Debit Card,0
TXN00071,CUST0877,2023-08-03,Books,989.97,3,5,2821.41,Credit Card,0
TXN00072,CUST0229,2024-02-29,Travel,3691.84,4,5,14028.99,UPI,0
TXN00073,CUST0589,2023-07-08,Fashion,4164.83,1,5,3956.59,Credit Card,0
TXN00074,CUST0858,2023-06-10,Home & Kitchen,9947.72,1,10,8952.95,Credit Card,0
TXN00075,CUST0310,2024-12-13,Sports,11067.39,2,5,21028.04,Credit Card,0
TXN00076,CUST0178,2024-06-24,Grocery,1267.74,2,5,2408.71,Credit Card,0
TXN00077,CUST0845,2024-01-16,Grocery,2342.53,4,15,7964.6,Debit Card,0
TXN00078,CUST0486,2023-09-01,Sports,7413.63,1,0,7413.63,Debit Card,0
TXN00079,CUST0231,2023-07-02,Electronics,74525.91,2,10,134146.64,Debit Card,0
TXN00080,CUST0598,2024-06-27,Electronics,34878.33,1,10,31390.5,Debit Card,1
TXN00081,CUST0388,2024-07-01,Beauty,1799.75,1,5,1709.76,UPI,0
TXN00082,CUST0422,2023-04-03,Electronics,71535.65,2,15,121610.6,Credit Card,0
TXN00083,CUST0072,2024-01-03,Travel,5806.93,3,10,15678.71,UPI,0
TXN00084,CUST0845,2023-06-08,Toys,804.63,3,10,2172.5,Debit Card,0
TXN00085,CUST0184,2024-02-02,Fashion,1118.03,2,15,1900.65,UPI,0
TXN00086,CUST0768,2023-06-29,Sports,10211.45,4,20,32676.64,UPI,0
TXN00087,CUST0416,2024-03-13,Travel,3604.62,5,30,12616.17,UPI,0
TXN00088,CUST0349,2024-01-08,Travel,52114.46,1,10,46903.01,UPI,0
TXN00089,CUST0702,2023-11-02,Beauty,2420.96,5,20,9683.84,Debit Card,0
TXN00090,CUST0127,2024-01-14,Travel,3229.44,2,0,6458.88,Debit Card,0
TXN00091,CUST0143,2023-08-06,Home & Kitchen,6503.36,1,10,5853.02,UPI,0
TXN00092,CUST0388,2023-11-25,Electronics,19010.06,5,0,95050.3,Debit Card,0
TXN00093,CUST0557,2023-12-09,Grocery,1948.32,3,0,5844.96,Debit Card,0
TXN00094,CUST0626,2024-12-24,Home & Kitchen,10446.89,4,10,37608.8,Credit Card,0
TXN00095,CUST0550,2023-06-12,Fashion,4156.46,5,15,17664.95,Credit Card,0
TXN00096,CUST0393,2023-06-07,Fashion,803.9,4,5,3054.82,UPI,0
TXN00097,CUST0587,2023-04-20,Fashion,5420.97,3,15,13823.47,Credit Card,0
TXN00098,CUST0066,2024-07-20,Electronics,68152.91,5,10,306688.1,Credit Card,0
TXN00099,CUST0109,2023-12-16,Travel,44058.48,2,5,83711.11,Wallet,0
TXN00100,CUST0328,2024-12-26,Fashion,6724.68,1,0,6724.68,Credit Card,0
TXN00101,CUST0704,2023-12-31,Sports,2885.81,3,5,8224.56,Debit Card,0
TXN00102,CUST0935,2023-01-15,Grocery,2688.89,4,5,10217.78,Net Banking,0
TXN00103,CUST0940,2023-06-02,Travel,21365.03,4,10,76914.11,Credit Card,0
TXN00104,CUST0272,2024-06-15,Beauty,363.0,3,0,1089.0,Wallet,0
TXN00105,CUST0758,2024-02-04,Electronics,68254.37,2,0,136508.74,Credit Card,0
TXN00106,CUST0374,2023-02-21,Toys,3784.74,2,15,6434.06,Credit Card,0
TXN00107,CUST0013,2024-04-13,Home & Kitchen,10108.93,4,10,36392.15,Credit Card,0
TXN00108,CUST0733,2023-11-17,Jewellery,13108.96,3,5,37360.54,Debit Card,0
TXN00109,CUST0338,2024-08-18,Home & Kitchen,4374.77,3,0,13124.31,Wallet,0
TXN00110,CUST0398,2024-01-02,Fashion,3999.45,1,5,3799.48,Net Banking,0
TXN00111,CUST0802,2024-04-30,Grocery,2713.93,4,15,9227.36,UPI,0
TXN00112,CUST0467,2024-10-02,Beauty,1003.11,2,20,1604.98,Credit Card,0
TXN00113,CUST0201,2023-01-16,Travel,50080.5,5,15,212842.12,Net Banking,0
TXN00114,CUST0364,2024-02-15,Sports,3920.85,2,0,7841.7,UPI,0
TXN00115,CUST0471,2023-10-01,Books,1241.59,2,15,2110.7,Credit Card,0
TXN00116,CUST0926,2024-08-11,Home & Kitchen,13867.85,5,0,69339.25,Net Banking,0
TXN00117,CUST0308,2023-11-02,Books,727.12,4,5,2763.06,Net Banking,0
TXN00118,CUST0367,2023-04-02,Travel,23807.89,1,0,23807.89,UPI,0
TXN00119,CUST0703,2024-04-02,Grocery,2446.22,2,15,4158.57,Credit Card,0
TXN00120,CUST0527,2023-09-27,Books,864.8,2,10,1556.64,Wallet,0
TXN00121,CUST0227,2023-02-21,Home & Kitchen,10519.18,4,10,37869.05,Credit Card,0
TXN00122,CUST0974,2023-05-01,Toys,2604.47,4,15,8855.2,UPI,0
TXN00123,CUST0904,2023-02-19,Jewellery,9338.66,3,0,28015.98,Credit Card,0
TXN00124,CUST0013,2024-04-19,Books,1290.47,4,5,4903.79,Wallet,0
TXN00125,CUST0107,2024-05-06,Toys,1024.37,4,10,3687.73,Debit Card,0
TXN00126,CUST0702,2024-01-15,Toys,3749.44,2,10,6748.99,Debit Card,0
TXN00127,CUST0476,2024-09-23,Fashion,2379.28,1,15,2022.39,Credit Card,0
TXN00128,CUST0587,2024-01-22,Jewellery,37226.29,2,0,74452.58,Debit Card,1
TXN00129,CUST0400,2024-08-29,Sports,3845.07,4,15,13073.24,Wallet,0
TXN00130,CUST0568,2024-10-22,Home & Kitchen,5312.55,3,5,15140.77,Wallet,0
TXN00131,CUST0532,2023-10-16,Beauty,1757.01,1,15,1493.46,Credit Card,0
TXN00132,CUST0276,2024-03-29,Travel,45629.86,3,10,123200.62,Debit Card,0
TXN00133,CUST0131,2024-01-06,Beauty,2917.03,5,25,10938.86,Credit Card,0
TXN00134,CUST0227,2023-07-03,Books,1341.99,3,0,4025.97,Debit Card,0
TXN00135,CUST0024,2024-10-23,Jewellery,16753.89,3,15,42722.42,Net Banking,0
TXN00136,CUST0831,2023-07-24,Books,1084.19,4,10,3903.08,UPI,0
TXN00137,CUST0015,2023-06-21,Jewellery,38141.53,4,0,152566.12,Debit Card,0
TXN00138,CUST0668,2023-08-10,Home & Kitchen,2951.05,4,0,11804.2,Debit Card,0
TXN00139,CUST0006,2023-06-17,Travel,25833.59,4,15,87834.21,UPI,0
TXN00140,CUST0998,2023-09-01,Travel,30520.6,4,0,122082.4,Credit Card,0
TXN00141,CUST0200,2023-08-06,Home & Kitchen,5850.76,3,0,17552.28,Credit Card,1
TXN00142,CUST0371,2023-02-25,Sports,4272.08,5,30,14952.28,Credit Card,0
TXN00143,CUST0726,2024-07-28,Toys,2839.75,4,15,9655.15,Credit Card,0
TXN00144,CUST0668,2024-09-06,Jewellery,12361.59,5,0,61807.95,Debit Card,0
TXN00145,CUST0734,2023-06-16,Electronics,58204.31,5,10,261919.4,Wallet,0
TXN00146,CUST0804,2024-06-02,Electronics,75128.31,2,10,135230.96,Credit Card,0
TXN00147,CUST0228,2023-05-22,Toys,2391.23,2,20,3825.97,Net Banking,0
TXN00148,CUST0494,2023-05-05,Books,975.44,1,15,829.12,Debit Card,0
TXN00149,CUST0252,2023-03-31,Jewellery,5308.77,2,20,8494.03,UPI,0
TXN00150,CUST0015,2023-11-07,Grocery,2620.54,4,0,10482.16,Credit Card,0
TXN00151,CUST0513,2024-01-06,Travel,19270.52,5,10,86717.34,Credit Card,0
TXN00152,CUST0329,2023-08-04,Beauty,3190.74,1,0,3190.74,Credit Card,0
TXN00153,CUST0447,2024-03-16,Grocery,2941.51,2,0,5883.02,UPI,0
TXN00154,CUST0472,2024-09-26,Beauty,3098.86,3,15,7902.09,UPI,1
TXN00155,CUST0850,2023-07-05,Travel,44308.44,1,0,44308.44,Wallet,0
TXN00156,CUST0578,2023-06-02,Electronics,38398.97,4,10,138236.29,Debit Card,0
TXN00157,CUST0346,2024-09-17,Home & Kitchen,1657.19,5,20,6628.76,Debit Card,1
TXN00158,CUST0287,2023-04-06,Sports,9692.63,4,5,36831.99,Debit Card,0
TXN00159,CUST0742,2024-12-10,Fashion,762.49,4,0,3049.96,Credit Card,0
TXN00160,CUST0429,2023-12-02,Books,1095.89,3,15,2794.52,Debit Card,0
TXN00161,CUST0958,2024-05-29,Toys,384.81,3,25,865.82,Net Banking,0
TXN00162,CUST0073,2023-05-29,Electronics,69672.89,5,15,296109.78,Debit Card,0
TXN00163,CUST0960,2024-09-14,Home & Kitchen,3038.43,2,10,5469.17,Net Banking,0
TXN00164,CUST0180,2024-06-15,Home & Kitchen,8102.66,4,0,32410.64,Debit Card,0
TXN00165,CUST0598,2024-12-15,Beauty,3106.61,2,0,6213.22,Debit Card,0
TXN00166,CUST0464,2024-02-06,Home & Kitchen,7297.14,5,15,31012.84,UPI,0
TXN00167,CUST0163,2024-11-24,Jewellery,18356.65,4,0,73426.6,Credit Card,0
TXN00168,CUST0597,2023-11-27,Books,781.55,2,20,1250.48,Wallet,1
TXN00169,CUST0750,2023-08-15,Fashion,2835.62,4,10,10208.23,Net Banking,0
TXN00170,CUST0281,2023-12-24,Electronics,37859.18,3,10,102219.79,UPI,0
TXN00171,CUST0227,2024-08-10,Jewellery,19227.82,3,15,49030.94,Wallet,0
TXN00172,CUST0087,2023-11-12,Electronics,47465.36,1,15,40345.56,Credit Card,0
TXN00173,CUST0307,2023-02-05,Sports,3312.34,5,10,14905.53,Debit Card,0
TXN00174,CUST0705,2024-05-23,Fashion,7914.92,2,25,11872.38,Net Banking,0
TXN00175,CUST0899,2024-04-22,Home & Kitchen,7912.35,4,30,22154.58,Debit Card,0
TXN00176,CUST0143,2024-03-03,Sports,2813.45,1,25,2110.09,Credit Card,0
TXN00177,CUST0726,2024-03-25,Beauty,2542.21,5,20,10168.84,Credit Card,1
TXN00178,CUST0664,2023-03-31,Sports,10477.13,5,15,44527.8,Debit Card,0
TXN00179,CUST0225,2024-06-24,Grocery,261.06,5,15,1109.5,UPI,0
TXN00180,CUST0878,2023-06-25,Beauty,3493.9,2,0,6987.8,Credit Card,0
TXN00181,CUST0302,2024-02-24,Fashion,4609.76,3,0,13829.28,Debit Card,0
TXN00182,CUST0984,2024-10-09,Books,378.9,1,0,378.9,Credit Card,0
TXN00183,CUST0292,2024-11-17,Grocery,2488.93,2,0,4977.86,Debit Card,0
TXN00184,CUST0614,2024-09-29,Electronics,32666.35,4,5,124132.13,Net Banking,0
TXN00185,CUST0014,2023-06-20,Toys,1387.07,2,0,2774.14,UPI,0
TXN00186,CUST0430,2024-01-29,Toys,3364.06,4,25,10092.18,Debit Card,0
TXN00187,CUST0988,2023-09-23,Grocery,1987.87,4,20,6361.18,Credit Card,1
TXN00188,CUST0872,2024-05-18,Books,1362.65,5,0,6813.25,Credit Card,0
TXN00189,CUST0963,2023-05-14,Jewellery,32234.42,2,0,64468.84,Credit Card,0
TXN00190,CUST0990,2023-01-26,Toys,3041.03,3,20,7298.47,UPI,0
TXN00191,CUST0131,2023-10-04,Grocery,2542.05,4,20,8134.56,Credit Card,0
TXN00192,CUST0573,2023-04-10,Fashion,910.55,5,25,3414.56,Debit Card,0
TXN00193,CUST0890,2024-03-17,Travel,47234.79,3,30,99193.06,UPI,0
TXN00194,CUST0311,2024-02-29,Books,978.5,2,30,1369.9,UPI,0
TXN00195,CUST0016,2023-01-30,Books,243.84,3,5,694.94,UPI,0
TXN00196,CUST0861,2024-10-06,Jewellery,26411.74,2,0,52823.48,UPI,0
TXN00197,CUST0756,2024-05-10,Beauty,687.55,4,15,2337.67,Credit Card,0
TXN00198,CUST0449,2024-10-12,Home & Kitchen,11250.45,1,0,11250.45,Credit Card,0
TXN00199,CUST0819,2023-07-10,Toys,2322.06,1,20,1857.65,Debit Card,1
TXN00200,CUST0988,2023-07-06,Home & Kitchen,14340.74,4,10,51626.66,Debit Card,1
TXN00201,CUST0665,2023-05-20,Home & Kitchen,3400.52,3,15,8671.33,Credit Card,0
TXN00202,CUST0865,2023-11-16,Fashion,5045.25,2,0,10090.5,UPI,0
TXN00203,CUST0960,2024-01-04,Electronics,20868.66,1,10,18781.79,UPI,0
TXN00204,CUST0438,2023-10-24,Home & Kitchen,9519.72,2,10,17135.5,Debit Card,0
TXN00205,CUST0398,2023-07-19,Books,1125.58,4,25,3376.74,Credit Card,0
TXN00206,CUST0977,2024-01-14,Jewellery,36670.61,3,0,110011.83,UPI,0
TXN00207,CUST0926,2023-03-21,Jewellery,41123.55,2,25,61685.32,Debit Card,1
TXN00208,CUST0371,2024-03-22,Travel,51652.36,3,20,123965.66,Credit Card,0
TXN00209,CUST0393,2024-05-15,Electronics,10795.38,1,15,9176.07,UPI,0
TXN00210,CUST0552,2023-09-16,Beauty,1913.36,2,15,3252.71,Debit Card,0
TXN00211,CUST0385,2024-09-04,Books,1077.62,5,10,4849.29,Credit Card,0
TXN00212,CUST0834,2024-06-27,Books,823.09,1,0,823.09,Debit Card,0
TXN00213,CUST0426,2023-05-01,Travel,13868.53,3,0,41605.59,Net Banking,0
TXN00214,CUST0209,2023-02-24,Sports,6900.89,4,20,22082.85,Net Banking,0
TXN00215,CUST0184,2024-05-07,Travel,26223.83,5,15,111451.28,Net Banking,0
TXN00216,CUST0328,2023-01-18,Home & Kitchen,6338.54,2,0,12677.08,Debit Card,0
TXN00217,CUST0587,2023-11-05,Grocery,2467.31,1,10,2220.58,UPI,0
TXN00218,CUST0796,2024-09-24,Jewellery,21564.72,2,5,40972.97,Net Banking,0
TXN00219,CUST0616,2023-04-20,Travel,4507.91,2,0,9015.82,Debit Card,0
TXN00220,CUST0590,2023-11-27,Home & Kitchen,1624.5,5,10,7310.25,Debit Card,0
TXN00221,CUST0163,2024-07-26,Toys,3468.1,5,0,17340.5,UPI,0
TXN00222,CUST0066,2023-09-21,Electronics,77045.06,5,0,385225.3,Wallet,0
TXN00223,CUST0822,2023-09-25,Books,1079.35,5,10,4857.08,Wallet,0
TXN00224,CUST0269,2024-03-10,Sports,4753.8,4,10,17113.68,Credit Card,0
TXN00225,CUST0245,2024-03-25,Electronics,75395.02,3,0,226185.06,Wallet,0
TXN00226,CUST0773,2023-10-24,Home & Kitchen,10211.8,5,5,48506.05,Debit Card,0
TXN00227,CUST0817,2024-09-30,Beauty,4268.37,1,0,4268.37,Debit Card,0
TXN00228,CUST0217,2023-05-17,Toys,3133.65,2,0,6267.3,Wallet,0
TXN00229,CUST0815,2024-08-12,Home & Kitchen,6183.78,5,0,30918.9,Net Banking,0
TXN00230,CUST0532,2024-12-19,Grocery,1540.37,1,0,1540.37,UPI,0
TXN00231,CUST0756,2024-02-01,Fashion,1895.99,4,0,7583.96,Net Banking,0
TXN00232,CUST0146,2023-07-03,Home & Kitchen,4946.6,1,20,3957.28,UPI,0
TXN00233,CUST0912,2024-02-16,Travel,47353.16,1,5,44985.5,Debit Card,0
TXN00234,CUST0903,2024-08-23,Home & Kitchen,13494.49,4,0,53977.96,Wallet,0
TXN00235,CUST0228,2023-11-16,Travel,44294.24,4,0,177176.96,Wallet,0
TXN00236,CUST0575,2024-07-29,Beauty,2486.32,2,0,4972.64,Debit Card,0
TXN00237,CUST0419,2023-11-22,Books,266.79,5,15,1133.86,Debit Card,0
TXN00238,CUST0744,2024-07-20,Jewellery,4733.5,1,5,4496.82,Debit Card,0
TXN00239,CUST0941,2024-02-21,Fashion,3307.44,3,0,9922.32,Net Banking,1
TXN00240,CUST0080,2024-11-30,Beauty,2479.96,3,5,7067.89,UPI,0
TXN00241,CUST0958,2024-12-03,Travel,37719.88,2,10,67895.78,Wallet,0
TXN00242,CUST0145,2024-08-29,Jewellery,2311.5,3,0,6934.5,Debit Card,0
TXN00243,CUST0050,2023-03-31,Grocery,2971.22,2,10,5348.2,UPI,0
TXN00244,CUST0804,2024-03-16,Electronics,32295.42,5,5,153403.24,Net Banking,0
TXN00245,CUST0966,2023-03-16,Fashion,6860.71,2,0,13721.42,Credit Card,0
TXN00246,CUST0398,2024-07-27,Sports,6698.62,4,15,22775.31,UPI,0
TXN00247,CUST0298,2023-09-24,Beauty,913.07,4,15,3104.44,Debit Card,0
TXN00248,CUST0720,2024-09-24,Electronics,64817.42,4,10,233342.71,UPI,1
TXN00249,CUST0190,2023-11-08,Electronics,58237.03,4,5,221300.71,UPI,0
TXN00250,CUST0796,2024-04-27,Home & Kitchen,8289.59,4,10,29842.52,Net Banking,0
TXN00251,CUST0533,2023-01-28,Home & Kitchen,8106.65,4,5,30805.27,Debit Card,0
TXN00252,CUST0758,2023-12-08,Sports,1597.27,4,15,5430.72,Credit Card,0
TXN00253,CUST0999,2024-03-01,Sports,8076.68,4,10,29076.05,Net Banking,0
TXN00254,CUST0201,2024-06-18,Travel,54940.97,4,0,219763.88,Debit Card,0
TXN00255,CUST0533,2024-02-14,Sports,1662.99,5,10,7483.46,Credit Card,0
TXN00256,CUST0504,2024-09-02,Electronics,24763.36,4,15,84195.42,Debit Card,0
TXN00257,CUST0103,2023-10-12,Travel,54431.55,2,5,103419.94,Credit Card,0
TXN00258,CUST0313,2024-09-13,Jewellery,15648.51,5,20,62594.04,UPI,0
TXN00259,CUST0737,2024-12-15,Books,1032.82,3,20,2478.77,UPI,0
TXN00260,CUST0658,2023-04-16,Books,872.0,1,0,872.0,UPI,0
TXN00261,CUST0782,2024-05-18,Books,955.04,5,25,3581.4,UPI,0
TXN00262,CUST0773,2023-02-15,Fashion,3618.42,4,5,13750.0,Debit Card,0
TXN00263,CUST0360,2024-03-22,Fashion,2749.94,5,15,11687.24,Credit Card,0
TXN00264,CUST0090,2023-05-24,Sports,1153.28,1,20,922.62,Net Banking,0
TXN00265,CUST0669,2024-06-20,Books,1154.78,1,10,1039.3,Debit Card,0
TXN00266,CUST0494,2023-03-03,Grocery,2289.06,4,5,8698.43,Credit Card,0
TXN00267,CUST0992,2023-03-23,Home & Kitchen,10324.31,4,25,30972.93,UPI,1
TXN00268,CUST0288,2023-12-02,Grocery,2002.17,2,0,4004.34,Debit Card,0
TXN00269,CUST0999,2023-07-30,Books,479.02,1,0,479.02,Credit Card,0
TXN00270,CUST0608,2024-02-04,Books,180.17,4,5,684.65,Credit Card,0
TXN00271,CUST0845,2024-12-09,Home & Kitchen,12283.76,1,20,9827.01,Wallet,0
TXN00272,CUST0865,2023-12-13,Books,813.04,2,25,1219.56,Debit Card,0
TXN00273,CUST0106,2023-07-17,Beauty,1742.14,3,0,5226.42,Credit Card,0
TXN00274,CUST0374,2024-01-12,Electronics,12644.89,1,20,10115.91,UPI,0
TXN00275,CUST0959,2023-06-11,Travel,6575.13,2,0,13150.26,Net Banking,1
TXN00276,CUST0395,2023-07-27,Home & Kitchen,5753.91,2,30,8055.47,Debit Card,0
TXN00277,CUST0149,2024-03-02,Books,1236.4,2,10,2225.52,Credit Card,0
TXN00278,CUST0454,2023-02-13,Fashion,7390.43,5,0,36952.15,Debit Card,0
TXN00279,CUST0535,2024-05-05,Fashion,7225.64,4,0,28902.56,Credit Card,0
TXN00280,CUST0307,2023-10-06,Electronics,74000.06,1,0,74000.06,UPI,0
TXN00281,CUST0973,2023-05-26,Fashion,7307.94,5,0,36539.7,Debit Card,0
TXN00282,CUST0515,2023-03-10,Travel,33051.81,1,15,28094.04,Debit Card,0
TXN00283,CUST0076,2024-10-13,Toys,1111.84,5,0,5559.2,UPI,0
TXN00284,CUST0225,2024-06-05,Toys,3252.77,4,30,9107.76,UPI,0
TXN00285,CUST0172,2023-04-21,Toys,1090.74,2,10,1963.33,Wallet,0
TXN00286,CUST0217,2024-07-02,Electronics,25040.55,1,15,21284.47,UPI,0
TXN00287,CUST0069,2024-08-15,Electronics,22494.07,2,0,44988.14,Debit Card,0
TXN00288,CUST0737,2024-08-30,Travel,32354.0,4,20,103532.8,Net Banking,0
TXN00289,CUST0994,2023-02-24,Home & Kitchen,5369.95,1,15,4564.46,Credit Card,0
TXN00290,CUST0307,2024-10-05,Sports,2357.38,3,20,5657.71,Credit Card,0
TXN00291,CUST0724,2023-08-11,Toys,1976.74,3,30,4151.15,UPI,0
TXN00292,CUST0494,2024-07-28,Fashion,7054.3,3,0,21162.9,Debit Card,0
TXN00293,CUST0228,2024-06-07,Grocery,1797.55,4,0,7190.2,Debit Card,0
TXN00294,CUST0025,2023-05-26,Sports,10613.03,3,20,25471.27,Net Banking,0
TXN00295,CUST0116,2023-09-21,Travel,14164.71,1,20,11331.77,UPI,1
TXN00296,CUST0774,2024-06-27,Home & Kitchen,3171.03,3,10,8561.78,Net Banking,0
TXN00297,CUST0026,2024-04-12,Fashion,4816.83,1,5,4575.99,Net Banking,0
TXN00298,CUST0214,2024-07-14,Books,775.49,4,15,2636.67,Credit Card,0
TXN00299,CUST0503,2023-07-06,Home & Kitchen,10174.45,2,5,19331.46,UPI,0
TXN00300,CUST0360,2023-12-09,Toys,3240.12,5,0,16200.6,Wallet,0
TXN00301,CUST0844,2023-04-09,Toys,3079.84,3,10,8315.57,Debit Card,0
TXN00302,CUST0649,2024-11-09,Books,1422.05,5,0,7110.25,UPI,0
TXN00303,CUST0216,2023-11-02,Travel,25700.62,2,10,46261.12,UPI,0
TXN00304,CUST0530,2024-12-25,Jewellery,11906.56,4,30,33338.37,Credit Card,1
TXN00305,CUST0187,2023-07-18,Home & Kitchen,8622.96,4,20,27593.47,Credit Card,0
TXN00306,CUST0262,2023-06-03,Books,299.5,2,25,449.25,Debit Card,0
TXN00307,CUST0491,2023-04-06,Travel,19464.51,5,20,77858.04,Debit Card,0
TXN00308,CUST0329,2024-07-28,Travel,14849.62,3,5,42321.42,Debit Card,0
TXN00309,CUST0700,2024-12-06,Electronics,34742.28,1,20,27793.82,Wallet,0
TXN00310,CUST0692,2023-12-25,Home & Kitchen,2379.28,4,25,7137.84,Credit Card,0
TXN00311,CUST0578,2024-02-03,Fashion,738.81,2,25,1108.21,Debit Card,0
TXN00312,CUST0072,2024-01-11,Jewellery,33526.11,5,15,142485.97,Debit Card,0
TXN00313,CUST0879,2024-08-24,Beauty,3168.17,3,0,9504.51,Wallet,0
TXN00314,CUST0575,2023-11-24,Grocery,2183.41,5,0,10917.05,Debit Card,0
TXN00315,CUST0840,2023-09-29,Home & Kitchen,10177.49,3,0,30532.47,UPI,0
TXN00316,CUST0668,2024-08-19,Sports,1902.96,1,30,1332.07,UPI,0
TXN00317,CUST0253,2023-10-22,Travel,19591.5,1,10,17632.35,UPI,0
TXN00318,CUST0562,2024-01-30,Electronics,14714.5,2,20,23543.2,Credit Card,0
TXN00319,CUST0837,2024-04-16,Books,1288.01,2,10,2318.42,Credit Card,0
TXN00320,CUST0562,2024-07-01,Toys,3063.54,3,15,7812.03,Credit Card,0
TXN00321,CUST0861,2023-01-18,Books,422.06,3,0,1266.18,Credit Card,0
TXN00322,CUST0613,2023-03-18,Books,610.77,3,0,1832.31,Debit Card,1
TXN00323,CUST0346,2023-02-18,Jewellery,48397.52,3,5,137932.93,UPI,0
TXN00324,CUST0762,2024-05-12,Home & Kitchen,9237.06,1,10,8313.35,Credit Card,0
TXN00325,CUST0676,2024-03-01,Books,1231.56,2,0,2463.12,Credit Card,0
TXN00326,CUST0797,2024-07-09,Jewellery,14700.37,2,15,24990.63,UPI,0
TXN00327,CUST0750,2024-09-12,Beauty,1287.25,4,5,4891.55,Credit Card,1
TXN00328,CUST0787,2023-05-09,Fashion,6379.38,2,20,10207.01,Credit Card,0
TXN00329,CUST0402,2024-06-02,Beauty,3523.6,2,0,7047.2,Wallet,0
TXN00330,CUST0027,2023-10-31,Home & Kitchen,10469.89,5,15,44497.03,Credit Card,0
TXN00331,CUST0285,2023-04-22,Toys,2344.75,5,0,11723.75,Debit Card,0
TXN00332,CUST0293,2024-12-25,Beauty,2948.82,4,15,10025.99,Credit Card,0
TXN00333,CUST0692,2023-12-29,Jewellery,37313.48,3,5,106343.42,Net Banking,0
TXN00334,CUST0216,2023-03-07,Jewellery,14960.12,4,15,50864.41,UPI,0
TXN00335,CUST0721,2023-01-31,Grocery,1187.75,4,25,3563.25,Credit Card,0
TXN00336,CUST0915,2023-10-22,Travel,52683.3,1,0,52683.3,UPI,0
TXN00337,CUST0429,2023-11-15,Sports,4121.06,2,0,8242.12,Credit Card,0
TXN00338,CUST0446,2023-01-14,Sports,6827.93,1,15,5803.74,Debit Card,0
TXN00339,CUST0868,2024-07-23,Home & Kitchen,10777.48,2,10,19399.46,UPI,0
TXN00340,CUST0948,2023-08-30,Travel,59995.72,4,0,239982.88,Credit Card,0
TXN00341,CUST0172,2023-12-19,Grocery,1418.82,2,10,2553.88,Debit Card,1
TXN00342,CUST0744,2023-09-05,Electronics,37106.97,3,0,111320.91,Debit Card,0
TXN00343,CUST0116,2024-09-01,Books,1287.49,3,0,3862.47,Wallet,0
TXN00344,CUST0441,2024-04-12,Beauty,4085.86,4,5,15526.27,Wallet,0
TXN00345,CUST0804,2024-01-23,Travel,44671.33,5,20,178685.32,UPI,0
TXN00346,CUST0850,2024-11-04,Books,775.36,3,10,2093.47,Net Banking,0
TXN00347,CUST0236,2024-03-17,Electronics,29295.43,4,10,105463.55,UPI,1
TXN00348,CUST0677,2023-12-08,Toys,2552.3,1,20,2041.84,Net Banking,0
TXN00349,CUST0298,2024-05-30,Grocery,2653.43,5,5,12603.79,Debit Card,1
TXN00350,CUST0429,2023-02-14,Books,1343.1,3,15,3424.9,UPI,0
TXN00351,CUST0426,2024-02-23,Grocery,503.8,4,20,1612.16,Net Banking,0
TXN00352,CUST0005,2024-12-23,Grocery,1399.38,4,0,5597.52,Wallet,0
TXN00353,CUST0621,2023-07-22,Travel,29489.15,1,5,28014.69,Credit Card,1
TXN00354,CUST0441,2024-12-15,Jewellery,48925.54,1,30,34247.88,Credit Card,0
TXN00355,CUST0415,2024-06-22,Fashion,5584.99,5,30,19547.46,Wallet,0
TXN00356,CUST0597,2024-01-21,Home & Kitchen,6582.9,3,0,19748.7,UPI,0
TXN00357,CUST0187,2024-09-21,Sports,897.06,4,0,3588.24,Wallet,0
TXN00358,CUST0692,2023-12-26,Grocery,1783.08,5,0,8915.4,UPI,0
TXN00359,CUST0984,2024-04-12,Travel,8476.33,5,5,40262.57,Net Banking,0
TXN00360,CUST0144,2023-07-24,Travel,50563.65,1,5,48035.47,Debit Card,0
TXN00361,CUST0423,2023-09-04,Books,1165.9,4,10,4197.24,Credit Card,0
TXN00362,CUST0107,2023-02-18,Books,771.69,2,20,1234.7,UPI,0
TXN00363,CUST0735,2024-01-01,Beauty,2317.29,1,5,2201.43,Net Banking,0
TXN00364,CUST0004,2023-09-10,Grocery,2712.55,4,20,8680.16,UPI,0
TXN00365,CUST0879,2023-03-19,Fashion,2663.44,5,0,13317.2,Debit Card,0
TXN00366,CUST0607,2024-09-23,Home & Kitchen,4336.08,5,0,21680.4,UPI,0
TXN00367,CUST0971,2024-02-21,Home & Kitchen,14136.6,3,10,38168.82,UPI,0
TXN00368,CUST0321,2023-02-04,Toys,3294.21,2,0,6588.42,Wallet,0
TXN00369,CUST0181,2024-03-13,Toys,3336.31,1,5,3169.49,Credit Card,0
TXN00370,CUST0386,2023-11-08,Beauty,1217.41,3,20,2921.78,Credit Card,0
TXN00371,CUST0772,2023-05-23,Sports,2233.57,3,0,6700.71,Debit Card,0
TXN00372,CUST0448,2023-07-16,Toys,396.31,2,15,673.73,Debit Card,0
TXN00373,CUST0549,2023-09-17,Electronics,22778.11,1,5,21639.2,Wallet,0
TXN00374,CUST0493,2024-01-01,Beauty,3938.7,1,0,3938.7,Credit Card,0
TXN00375,CUST0598,2024-08-18,Home & Kitchen,4208.55,5,10,18938.48,Wallet,0
TXN00376,CUST0881,2023-07-11,Home & Kitchen,11153.27,1,20,8922.62,Wallet,0
TXN00377,CUST0817,2024-05-01,Fashion,2389.31,3,5,6809.53,Credit Card,0
TXN00378,CUST0316,2024-06-17,Travel,25531.67,5,10,114892.52,Net Banking,0
TXN00379,CUST0143,2023-01-24,Electronics,78737.17,1,25,59052.88,Debit Card,0
TXN00380,CUST0372,2023-03-16,Sports,3390.85,2,15,5764.44,UPI,0
TXN00381,CUST0774,2024-10-07,Books,658.1,3,0,1974.3,Credit Card,0
TXN00382,CUST0808,2024-01-29,Beauty,1715.11,4,15,5831.37,Wallet,0
TXN00383,CUST0684,2024-11-09,Toys,705.61,2,10,1270.1,UPI,0
TXN00384,CUST0303,2024-04-02,Jewellery,25514.92,2,15,43375.36,Net Banking,0
TXN00385,CUST0534,2023-04-20,Fashion,3340.18,1,10,3006.16,UPI,0
TXN00386,CUST0614,2023-03-31,Home & Kitchen,10667.4,5,0,53337.0,Debit Card,1
TXN00387,CUST0466,2023-02-06,Jewellery,41244.54,5,10,185600.43,Credit Card,0
TXN00388,CUST0705,2024-07-16,Beauty,2857.97,3,10,7716.52,Credit Card,0
TXN00389,CUST0424,2024-07-25,Grocery,290.15,1,10,261.14,Debit Card,1
TXN00390,CUST0796,2024-08-06,Sports,7655.71,5,20,30622.84,Net Banking,0
TXN00391,CUST0516,2024-10-01,Grocery,355.09,4,20,1136.29,Credit Card,0
TXN00392,CUST0688,2023-11-03,Beauty,3196.87,1,10,2877.18,Wallet,0
TXN00393,CUST0773,2023-03-03,Grocery,2118.08,1,10,1906.27,Net Banking,0
TXN00394,CUST0435,2023-11-01,Sports,2854.55,5,10,12845.48,Debit Card,0
TXN00395,CUST0408,2023-06-28,Travel,49702.73,2,10,89464.91,Credit Card,0
TXN00396,CUST0386,2024-06-23,Beauty,4582.1,1,30,3207.47,Wallet,0
TXN00397,CUST0078,2024-10-26,Jewellery,41028.17,2,10,73850.71,Credit Card,0
TXN00398,CUST0999,2024-03-19,Grocery,1054.31,3,0,3162.93,Debit Card,0
TXN00399,CUST0156,2024-06-02,Sports,7287.73,3,10,19676.87,Credit Card,0
TXN00400,CUST0476,2024-07-30,Toys,3684.82,5,10,16581.69,Wallet,0
TXN00401,CUST0906,2024-09-26,Books,582.9,3,10,1573.83,UPI,0
TXN00402,CUST0869,2023-02-05,Sports,9948.32,5,10,44767.44,Debit Card,0
TXN00403,CUST0910,2024-04-22,Fashion,571.06,5,0,2855.3,Credit Card,0
TXN00404,CUST0314,2023-03-14,Books,154.92,2,0,309.84,Debit Card,0
TXN00405,CUST0768,2023-01-30,Toys,3110.93,2,5,5910.77,Credit Card,0
TXN00406,CUST0420,2023-10-30,Electronics,62108.57,3,5,177009.42,Net Banking,0
TXN00407,CUST0639,2023-12-13,Jewellery,39870.91,2,0,79741.82,Debit Card,0
TXN00408,CUST0356,2024-05-25,Home & Kitchen,14006.38,1,20,11205.1,UPI,0
TXN00409,CUST0096,2024-05-31,Toys,736.25,4,5,2797.75,Credit Card,0
TXN00410,CUST0164,2023-03-06,Travel,16223.14,1,25,12167.36,Debit Card,0
TXN00411,CUST0294,2024-09-18,Books,1370.03,1,0,1370.03,Credit Card,0
TXN00412,CUST0639,2024-03-28,Travel,13102.46,5,0,65512.3,Net Banking,0
TXN00413,CUST0016,2024-06-12,Books,1071.01,4,10,3855.64,UPI,0
TXN00414,CUST0661,2024-01-04,Fashion,4478.47,5,0,22392.35,Credit Card,0
TXN00415,CUST0462,2023-02-06,Electronics,11239.53,2,25,16859.3,Credit Card,0
TXN00416,CUST0768,2024-01-16,Home & Kitchen,4850.74,2,0,9701.48,Net Banking,0
TXN00417,CUST0337,2023-08-07,Fashion,4402.79,4,5,16730.6,Credit Card,0
TXN00418,CUST0142,2024-10-10,Toys,3453.7,3,25,7770.82,Debit Card,0
TXN00419,CUST0572,2023-09-03,Travel,43329.69,2,5,82326.41,Debit Card,0
TXN00420,CUST0743,2024-07-03,Books,989.54,1,0,989.54,Credit Card,0
TXN00421,CUST0310,2023-09-08,Toys,2135.32,4,5,8114.22,UPI,0
TXN00422,CUST0610,2024-07-18,Sports,4005.0,4,10,14418.0,Debit Card,0
TXN00423,CUST0953,2023-12-12,Electronics,13943.37,2,0,27886.74,Debit Card,0
TXN00424,CUST0015,2024-12-15,Jewellery,21635.65,2,10,38944.17,Debit Card,0
TXN00425,CUST0763,2024-04-16,Sports,925.11,5,20,3700.44,Net Banking,0
TXN00426,CUST0245,2024-07-14,Travel,15030.19,5,20,60120.76,Credit Card,0
TXN00427,CUST0785,2023-05-02,Electronics,37436.25,1,0,37436.25,Debit Card,0
TXN00428,CUST0110,2023-11-22,Electronics,36395.39,4,0,145581.56,Credit Card,0
TXN00429,CUST0804,2024-06-11,Toys,463.89,3,0,1391.67,Net Banking,0
TXN00430,CUST0251,2023-05-01,Sports,7315.29,3,10,19751.28,Credit Card,0
TXN00431,CUST0645,2023-05-19,Toys,2333.83,4,5,8868.55,UPI,0
TXN00432,CUST0326,2023-03-28,Toys,588.99,1,20,471.19,UPI,0
TXN00433,CUST0607,2023-05-10,Toys,3789.7,5,15,16106.22,Net Banking,0
TXN00434,CUST0417,2023-09-09,Travel,8664.82,5,0,43324.1,UPI,0
TXN00435,CUST0731,2023-12-26,Books,1304.03,5,10,5868.14,UPI,0
TXN00436,CUST0393,2024-03-05,Books,150.42,3,0,451.26,Net Banking,0
TXN00437,CUST0236,2023-02-16,Travel,53290.02,3,0,159870.06,UPI,0
TXN00438,CUST0665,2024-08-13,Home & Kitchen,1080.02,1,0,1080.02,Net Banking,0
TXN00439,CUST0344,2024-05-15,Jewellery,38374.98,3,0,115124.94,Credit Card,0
TXN00440,CUST0649,2024-02-29,Fashion,3212.68,2,10,5782.82,Debit Card,0
TXN00441,CUST0611,2024-01-10,Jewellery,37434.41,3,10,101072.91,Net Banking,1
TXN00442,CUST0963,2024-12-31,Travel,25899.48,5,0,129497.4,Net Banking,1
TXN00443,CUST0058,2023-04-21,Grocery,398.54,1,30,278.98,Net Banking,0
TXN00444,CUST0129,2023-08-15,Fashion,6256.3,4,5,23773.94,UPI,0
TXN00445,CUST0190,2023-02-08,Home & Kitchen,1811.79,4,0,7247.16,Wallet,0
TXN00446,CUST0008,2023-05-15,Beauty,4633.97,1,0,4633.97,Credit Card,0
TXN00447,CUST0351,2023-10-22,Fashion,882.31,2,10,1588.16,Credit Card,0
TXN00448,CUST0547,2024-09-01,Electronics,40949.4,4,30,114658.32,Credit Card,0
TXN00449,CUST0067,2023-02-03,Travel,44212.96,5,10,198958.32,Wallet,0
TXN00450,CUST0621,2024-03-03,Beauty,2148.26,4,25,6444.78,Debit Card,0
TXN00451,CUST0665,2023-03-09,Jewellery,12427.21,4,5,47223.4,UPI,0
TXN00452,CUST0787,2024-12-03,Beauty,3867.73,5,5,18371.72,Credit Card,0
TXN00453,CUST0685,2023-07-18,Travel,47704.8,3,10,128802.96,Credit Card,0
TXN00454,CUST0909,2024-07-13,Jewellery,46289.36,2,15,78691.91,UPI,0
TXN00455,CUST0658,2023-09-16,Travel,24441.41,5,5,116096.7,Debit Card,0
TXN00456,CUST0704,2024-12-25,Sports,6371.27,5,20,25485.08,Credit Card,0
TXN00457,CUST0854,2024-11-04,Grocery,1216.76,1,0,1216.76,Debit Card,1
TXN00458,CUST0131,2024-09-16,Home & Kitchen,4450.56,2,5,8456.06,Credit Card,0
TXN00459,CUST0332,2023-05-17,Home & Kitchen,11464.67,3,10,30954.61,Debit Card,0
TXN00460,CUST0627,2024-01-16,Electronics,30473.89,5,10,137132.5,Credit Card,0
TXN00461,CUST0299,2024-06-07,Grocery,1398.82,3,0,4196.46,UPI,0
TXN00462,CUST0426,2023-08-26,Grocery,1330.29,5,5,6318.88,Credit Card,0
TXN00463,CUST0178,2023-10-11,Electronics,58449.59,5,10,263023.15,Debit Card,0
TXN00464,CUST0207,2024-11-18,Jewellery,46054.19,1,15,39146.06,Credit Card,0
TXN00465,CUST0974,2024-04-02,Electronics,55006.7,4,15,187022.78,Debit Card,0
TXN00466,CUST0332,2024-08-09,Jewellery,24635.96,2,15,41881.13,Debit Card,0
TXN00467,CUST0806,2023-05-15,Electronics,63440.38,1,5,60268.36,UPI,0
TXN00468,CUST0275,2023-03-23,Fashion,5307.28,3,30,11145.29,UPI,0
TXN00469,CUST0942,2024-08-17,Fashion,954.58,5,20,3818.32,Wallet,0
TXN00470,CUST0369,2024-10-15,Sports,1690.56,5,0,8452.8,Wallet,0
TXN00471,CUST0577,2023-07-28,Books,201.19,2,0,402.38,UPI,1
TXN00472,CUST0328,2024-12-27,Electronics,39261.22,1,5,37298.16,UPI,0
TXN00473,CUST0886,2024-02-07,Grocery,2512.39,1,10,2261.15,UPI,0
TXN00474,CUST0263,2023-07-07,Fashion,2848.12,3,20,6835.49,UPI,0
TXN00475,CUST0317,2024-05-07,Toys,1721.39,1,15,1463.18,UPI,1
TXN00476,CUST0908,2023-09-12,Jewellery,45654.9,1,20,36523.92,Debit Card,0
TXN00477,CUST0878,2023-11-19,Fashion,6776.78,4,0,27107.12,Debit Card,0
TXN00478,CUST0042,2024-11-04,Fashion,5487.86,2,10,9878.15,UPI,0
TXN00479,CUST0046,2024-02-29,Travel,18207.82,1,0,18207.82,UPI,0
TXN00480,CUST0720,2024-02-19,Jewellery,7617.99,3,0,22853.97,Debit Card,0
TXN00481,CUST0705,2023-06-16,Home & Kitchen,1028.04,5,15,4369.17,Credit Card,0
TXN00482,CUST0566,2024-08-12,Beauty,802.95,1,0,802.95,Debit Card,0
TXN00483,CUST0027,2024-04-29,Jewellery,16044.63,1,15,13637.94,Wallet,0
TXN00484,CUST0480,2024-03-11,Sports,6890.41,5,10,31006.85,Credit Card,0
TXN00485,CUST0366,2024-11-17,Travel,6648.0,4,20,21273.6,UPI,0
TXN00486,CUST0829,2024-06-15,Jewellery,8538.93,2,0,17077.86,Wallet,0
TXN00487,CUST0215,2024-08-30,Jewellery,10691.87,4,15,36352.36,Debit Card,0
TXN00488,CUST0498,2024-04-25,Books,1003.18,3,30,2106.68,Net Banking,0
TXN00489,CUST0367,2023-06-29,Travel,38100.02,1,20,30480.02,Net Banking,0
TXN00490,CUST0988,2024-08-29,Jewellery,28436.75,4,15,96684.95,Debit Card,0
TXN00491,CUST0902,2023-03-12,Beauty,1477.36,2,15,2511.51,Credit Card,0
TXN00492,CUST0334,2024-12-02,Beauty,2044.26,3,5,5826.14,Credit Card,0
TXN00493,CUST0829,2024-03-16,Toys,657.75,4,15,2236.35,Debit Card,1
TXN00494,CUST0720,2024-10-05,Travel,15908.25,1,15,13522.01,Wallet,0
TXN00495,CUST0992,2023-05-19,Home & Kitchen,13547.41,2,10,24385.34,Credit Card,0
TXN00496,CUST0622,2023-04-12,Jewellery,49025.2,1,15,41671.42,Wallet,0
TXN00497,CUST0947,2024-04-12,Books,1024.34,1,5,973.12,Credit Card,0
TXN00498,CUST0014,2023-10-10,Books,1387.71,3,0,4163.13,Wallet,0
TXN00499,CUST0246,2023-01-29,Grocery,1999.68,2,10,3599.42,Credit Card,0
TXN00500,CUST0422,2023-01-18,Home & Kitchen,1271.39,5,0,6356.95,UPI,0
TXN00501,CUST0217,2024-11-17,Books,1495.63,1,5,1420.85,Credit Card,0
TXN00502,CUST0278,2024-05-22,Beauty,765.08,2,0,1530.16,Credit Card,0
TXN00503,CUST0993,2024-08-23,Grocery,2111.4,1,5,2005.83,Credit Card,0
TXN00504,CUST0364,2023-01-20,Electronics,23962.72,4,20,76680.7,Credit Card,0
TXN00505,CUST0381,2023-11-22,Books,679.17,4,10,2445.01,Credit Card,0
TXN00506,CUST0371,2023-12-22,Sports,7963.65,2,0,15927.3,UPI,0
TXN00507,CUST0597,2024-03-08,Travel,27879.78,3,10,75275.41,Debit Card,0
TXN00508,CUST0516,2024-02-03,Books,488.24,5,0,2441.2,UPI,0
TXN00509,CUST0427,2023-01-18,Fashion,3008.35,4,10,10830.06,UPI,0
TXN00510,CUST0260,2024-07-03,Home & Kitchen,5649.98,3,5,16102.44,UPI,0
TXN00511,CUST0478,2024-01-11,Fashion,7694.93,5,25,28855.99,Net Banking,0
TXN00512,CUST0487,2024-08-23,Toys,3254.87,4,0,13019.48,Net Banking,0
TXN00513,CUST0765,2023-12-06,Books,769.04,5,15,3268.42,Debit Card,0
TXN00514,CUST0562,2023-05-30,Electronics,19986.57,1,20,15989.26,Debit Card,0
TXN00515,CUST0635,2024-12-16,Fashion,6582.62,2,30,9215.67,Debit Card,0
TXN00516,CUST0544,2023-08-21,Fashion,1678.87,4,0,6715.48,Debit Card,0
TXN00517,CUST0658,2023-04-14,Home & Kitchen,3788.56,4,10,13638.82,Debit Card,0
TXN00518,CUST0190,2024-09-14,Grocery,1224.84,1,0,1224.84,Debit Card,0
TXN00519,CUST0014,2023-08-09,Electronics,71026.11,4,10,255694.0,Credit Card,0
TXN00520,CUST0031,2023-01-26,Fashion,1488.4,4,0,5953.6,Credit Card,0
TXN00521,CUST0529,2023-03-05,Jewellery,7867.24,4,20,25175.17,UPI,0
TXN00522,CUST0942,2023-09-11,Electronics,42048.12,4,0,168192.48,Credit Card,0
TXN00523,CUST0039,2023-09-06,Jewellery,15267.71,4,10,54963.76,Credit Card,0
TXN00524,CUST0542,2023-05-11,Books,917.78,3,10,2478.01,Credit Card,0
TXN00525,CUST0484,2023-01-30,Fashion,3887.28,4,30,10884.38,Debit Card,0
TXN00526,CUST0222,2023-01-10,Fashion,3762.19,1,15,3197.86,Debit Card,0
TXN00527,CUST0796,2023-03-30,Beauty,826.27,4,0,3305.08,Debit Card,0
TXN00528,CUST0971,2024-03-05,Beauty,962.93,5,0,4814.65,Credit Card,0
TXN00529,CUST0383,2023-05-27,Home & Kitchen,12459.32,5,0,62296.6,Credit Card,0
TXN00530,CUST0599,2023-05-07,Travel,53495.32,1,15,45471.02,Credit Card,0
TXN00531,CUST0792,2024-11-28,Travel,16376.96,3,15,41761.25,Debit Card,1
TXN00532,CUST0712,2023-05-04,Grocery,517.69,1,10,465.92,Debit Card,0
TXN00533,CUST0019,2024-09-10,Home & Kitchen,1558.52,3,0,4675.56,UPI,0
TXN00534,CUST0607,2023-12-07,Travel,37672.96,2,15,64044.03,Debit Card,0
TXN00535,CUST0542,2024-06-01,Home & Kitchen,10958.02,5,10,49311.09,UPI,0
TXN00536,CUST0033,2023-02-20,Fashion,3296.07,5,30,11536.24,UPI,0
TXN00537,CUST0840,2024-02-02,Beauty,3494.48,5,10,15725.16,Debit Card,0
TXN00538,CUST0155,2023-11-10,Beauty,3650.91,3,5,10405.09,Wallet,0
TXN00539,CUST0119,2024-10-09,Beauty,4696.11,1,5,4461.3,Credit Card,1
TXN00540,CUST0053,2024-05-28,Travel,6697.8,3,0,20093.4,Credit Card,0
TXN00541,CUST0013,2024-05-16,Electronics,19421.88,5,15,82542.99,Credit Card,0
TXN00542,CUST0741,2024-06-13,Sports,1381.2,5,15,5870.1,Net Banking,0
TXN00543,CUST0885,2024-11-27,Fashion,7009.95,5,0,35049.75,Wallet,0
TXN00544,CUST0263,2024-02-23,Books,1219.99,5,0,6099.95,Net Banking,0
TXN00545,CUST0683,2023-07-13,Home & Kitchen,8959.92,2,0,17919.84,Debit Card,1
TXN00546,CUST0422,2023-11-08,Beauty,693.22,5,25,2599.58,Wallet,0
TXN00547,CUST0294,2024-12-22,Beauty,1584.57,3,0,4753.71,Credit Card,0
TXN00548,CUST0607,2023-10-26,Beauty,1699.28,5,5,8071.58,UPI,0
TXN00549,CUST0580,2023-11-25,Fashion,4705.57,4,0,18822.28,Wallet,0
TXN00550,CUST0397,2024-04-20,Beauty,1512.81,2,5,2874.34,UPI,0
TXN00551,CUST0992,2024-08-06,Grocery,404.29,5,15,1718.23,Credit Card,0
TXN00552,CUST0533,2023-04-27,Home & Kitchen,11176.82,4,20,35765.82,UPI,0
TXN00553,CUST0134,2023-09-21,Fashion,2743.1,3,0,8229.3,Credit Card,0
TXN00554,CUST0503,2024-05-31,Home & Kitchen,7223.71,2,15,12280.31,Credit Card,0
TXN00555,CUST0567,2024-06-02,Jewellery,8128.0,5,5,38608.0,UPI,0
TXN00556,CUST0281,2023-01-21,Toys,3269.43,3,30,6865.8,Credit Card,0
TXN00557,CUST0412,2024-04-21,Grocery,1783.49,4,0,7133.96,Credit Card,0
TXN00558,CUST0351,2024-07-02,Electronics,72618.92,2,0,145237.84,UPI,0
TXN00559,CUST0265,2023-06-22,Electronics,42160.37,5,10,189721.66,UPI,0
TXN00560,CUST0388,2023-03-03,Sports,11332.25,3,0,33996.75,Credit Card,0
TXN00561,CUST0090,2023-07-25,Grocery,2697.23,2,0,5394.46,Credit Card,0
TXN00562,CUST0480,2024-09-04,Home & Kitchen,8985.73,4,15,30551.48,Net Banking,0
TXN00563,CUST0251,2024-09-22,Electronics,75042.01,5,15,318928.54,Credit Card,0
TXN00564,CUST0783,2023-06-28,Toys,1495.43,2,10,2691.77,UPI,0
TXN00565,CUST0123,2024-10-05,Electronics,32423.16,4,15,110238.74,Wallet,0
TXN00566,CUST0217,2023-12-08,Beauty,513.75,4,10,1849.5,Debit Card,0
TXN00567,CUST0029,2024-03-15,Sports,7316.89,3,10,19755.6,Credit Card,0
TXN00568,CUST0845,2023-03-16,Fashion,5914.43,4,10,21291.95,Debit Card,0
TXN00569,CUST0200,2023-10-17,Books,1194.25,4,15,4060.45,UPI,1
TXN00570,CUST0147,2024-07-10,Books,352.25,1,0,352.25,UPI,0
TXN00571,CUST0520,2023-05-24,Electronics,38311.93,4,0,153247.72,UPI,0
TXN00572,CUST0340,2024-10-10,Home & Kitchen,3311.46,5,5,15729.43,Credit Card,0
TXN00573,CUST0691,2023-07-27,Home & Kitchen,10202.21,2,5,19384.2,Credit Card,0
TXN00574,CUST0915,2023-09-29,Beauty,1042.35,5,15,4429.99,Debit Card,0
TXN00575,CUST0016,2024-08-29,Electronics,72812.28,5,5,345858.33,UPI,0
TXN00576,CUST0496,2024-02-19,Electronics,22297.6,3,0,66892.8,UPI,0
TXN00577,CUST0794,2024-02-01,Books,543.39,1,0,543.39,Credit Card,0
TXN00578,CUST0327,2024-01-19,Jewellery,42843.5,1,0,42843.5,UPI,1
TXN00579,CUST0590,2023-09-18,Electronics,39385.07,5,15,167386.55,UPI,0
TXN00580,CUST0790,2024-09-30,Fashion,679.97,2,10,1223.95,Net Banking,0
TXN00581,CUST0997,2023-06-16,Sports,6238.28,1,15,5302.54,Debit Card,0
TXN00582,CUST0266,2023-01-18,Sports,1563.79,1,5,1485.6,Debit Card,0
TXN00583,CUST0622,2024-10-21,Fashion,7890.09,5,20,31560.36,Debit Card,0
TXN00584,CUST0369,2023-09-04,Jewellery,30229.36,1,30,21160.55,UPI,0
TXN00585,CUST0840,2024-10-03,Home & Kitchen,4442.76,3,15,11329.04,UPI,0
TXN00586,CUST0700,2023-10-23,Books,911.02,5,20,3644.08,UPI,0
TXN00587,CUST0307,2024-02-18,Sports,1476.28,1,10,1328.65,Credit Card,0
TXN00588,CUST0420,2023-11-16,Grocery,2439.7,1,25,1829.78,UPI,0
TXN00589,CUST0646,2024-07-07,Toys,3723.71,1,20,2978.97,Debit Card,0
TXN00590,CUST0965,2024-12-15,Books,1330.5,5,30,4656.75,Net Banking,0
TXN00591,CUST0530,2024-11-23,Jewellery,18404.36,2,10,33127.85,Credit Card,0
TXN00592,CUST0555,2023-06-30,Grocery,1112.15,4,15,3781.31,Credit Card,0
TXN00593,CUST0658,2023-10-23,Electronics,7631.57,1,10,6868.41,Credit Card,0
TXN00594,CUST0319,2024-10-17,Fashion,5385.5,4,0,21542.0,Credit Card,0
TXN00595,CUST0179,2023-03-02,Electronics,45117.86,4,5,171447.87,Credit Card,0
TXN00596,CUST0149,2023-07-28,Beauty,2458.93,1,20,1967.14,Credit Card,0
TXN00597,CUST0232,2023-06-15,Travel,54734.96,1,0,54734.96,Debit Card,0
TXN00598,CUST0732,2023-10-27,Fashion,1759.09,4,10,6332.72,Credit Card,1
TXN00599,CUST0572,2024-10-16,Grocery,227.07,2,5,431.43,Net Banking,0
TXN00600,CUST0323,2023-12-17,Toys,571.27,4,5,2170.83,Credit Card,0
TXN00601,CUST0518,2023-03-02,Travel,15732.17,2,20,25171.47,Wallet,0
TXN00602,CUST0432,2023-09-20,Beauty,456.44,3,20,1095.46,Net Banking,0
TXN00603,CUST0417,2023-05-04,Home & Kitchen,7940.38,2,10,14292.68,Credit Card,0
TXN00604,CUST0372,2023-08-26,Beauty,1776.23,5,0,8881.15,Credit Card,0
TXN00605,CUST0257,2024-06-25,Travel,13287.53,1,10,11958.78,Credit Card,1
TXN00606,CUST0066,2023-03-31,Sports,9150.96,3,5,26080.24,UPI,0
TXN00607,CUST0813,2023-05-19,Books,426.01,4,5,1618.84,UPI,0
TXN00608,CUST0831,2023-12-28,Jewellery,35005.04,2,0,70010.08,Debit Card,0
TXN00609,CUST0973,2024-02-17,Electronics,31194.87,3,10,84226.15,Credit Card,0
TXN00610,CUST0837,2024-12-19,Home & Kitchen,8067.95,5,5,38322.76,Debit Card,0
TXN00611,CUST0035,2023-04-03,Jewellery,46825.62,2,15,79603.55,Debit Card,0
TXN00612,CUST0823,2023-05-14,Beauty,475.55,4,5,1807.09,Wallet,0
TXN00613,CUST0374,2023-07-23,Toys,2150.98,4,5,8173.72,Debit Card,0
TXN00614,CUST0728,2024-09-13,Electronics,69081.72,2,0,138163.44,Credit Card,0
TXN00615,CUST0042,2023-02-07,Home & Kitchen,9149.23,5,30,32022.3,Credit Card,0
TXN00616,CUST0726,2024-04-01,Jewellery,15289.78,1,10,13760.8,UPI,0
TXN00617,CUST0432,2024-06-17,Electronics,34826.09,1,0,34826.09,Debit Card,1
TXN00618,CUST0837,2024-03-13,Electronics,56019.92,4,10,201671.71,Credit Card,0
TXN00619,CUST0547,2024-11-10,Home & Kitchen,13449.53,5,20,53798.12,Credit Card,0
TXN00620,CUST0915,2024-10-08,Grocery,314.99,4,15,1070.97,Debit Card,0
TXN00621,CUST0692,2024-09-13,Books,246.58,1,15,209.59,UPI,0
TXN00622,CUST0177,2023-08-12,Grocery,1110.14,4,0,4440.56,Credit Card,0
TXN00623,CUST0611,2023-06-17,Electronics,22458.48,2,15,38179.42,UPI,0
TXN00624,CUST0330,2023-04-17,Travel,18101.06,2,15,30771.8,Debit Card,0
TXN00625,CUST0845,2024-01-15,Fashion,2159.52,5,10,9717.84,Debit Card,0
TXN00626,CUST0310,2023-01-24,Travel,14162.03,1,20,11329.62,UPI,0
TXN00627,CUST0513,2024-05-25,Home & Kitchen,2654.86,5,0,13274.3,Debit Card,0
TXN00628,CUST0444,2023-11-03,Electronics,75046.56,5,0,375232.8,UPI,0
TXN00629,CUST0840,2023-12-24,Electronics,15814.21,1,20,12651.37,Debit Card,0
TXN00630,CUST0400,2024-01-05,Toys,1056.29,3,10,2851.98,Wallet,0
TXN00631,CUST0400,2024-12-23,Books,482.46,3,0,1447.38,Debit Card,0
TXN00632,CUST0065,2023-06-20,Toys,3752.16,4,5,14258.21,Debit Card,0
TXN00633,CUST0831,2024-08-03,Home & Kitchen,11531.14,3,20,27674.74,Credit Card,0
TXN00634,CUST0939,2023-08-10,Sports,9602.57,2,0,19205.14,Credit Card,0
TXN00635,CUST0352,2024-03-18,Grocery,493.32,5,0,2466.6,UPI,0
TXN00636,CUST0222,2023-06-02,Toys,3394.35,4,0,13577.4,Credit Card,0
TXN00637,CUST0225,2024-01-11,Home & Kitchen,6596.34,5,25,24736.28,Wallet,0
TXN00638,CUST0615,2023-10-08,Grocery,935.9,1,25,701.92,Credit Card,0
TXN00639,CUST0813,2024-12-13,Home & Kitchen,8975.65,3,10,24234.25,Debit Card,0
TXN00640,CUST0024,2023-08-07,Sports,9972.89,1,10,8975.6,UPI,0
TXN00641,CUST0680,2024-09-07,Books,1201.18,4,5,4564.48,Net Banking,0
TXN00642,CUST0005,2024-04-30,Books,1351.5,2,0,2703.0,Credit Card,0
TXN00643,CUST0340,2024-05-24,Home & Kitchen,13979.48,3,20,33550.75,Wallet,0
TXN00644,CUST0347,2023-12-01,Toys,1181.05,1,0,1181.05,Wallet,0
TXN00645,CUST0109,2024-02-14,Books,722.21,3,10,1949.97,Wallet,0
TXN00646,CUST0402,2023-02-23,Fashion,609.71,5,10,2743.7,Net Banking,0
TXN00647,CUST0112,2024-12-01,Toys,3553.49,2,0,7106.98,Net Banking,0
TXN00648,CUST0416,2023-03-16,Jewellery,9419.46,3,10,25432.54,UPI,0
TXN00649,CUST0106,2023-12-15,Beauty,4348.93,2,10,7828.07,Net Banking,0
TXN00650,CUST0604,2024-11-14,Home & Kitchen,5477.3,5,15,23278.52,Debit Card,0
TXN00651,CUST0937,2024-01-28,Home & Kitchen,6027.5,5,0,30137.5,Debit Card,0
TXN00652,CUST0817,2024-07-07,Home & Kitchen,1355.68,1,0,1355.68,UPI,0
TXN00653,CUST0792,2023-06-06,Sports,4326.42,4,10,15575.11,Wallet,0
TXN00654,CUST0550,2023-03-22,Home & Kitchen,13414.76,1,30,9390.33,Credit Card,0
TXN00655,CUST0703,2023-07-27,Books,184.49,2,0,368.98,Net Banking,0
TXN00656,CUST0168,2023-03-27,Books,698.54,1,30,488.98,Credit Card,0
TXN00657,CUST0782,2024-03-22,Beauty,447.58,3,15,1141.33,Debit Card,0
TXN00658,CUST0664,2023-06-26,Beauty,2043.34,1,20,1634.67,Credit Card,1
TXN00659,CUST0276,2024-05-25,Travel,12840.52,4,0,51362.08,Debit Card,0
TXN00660,CUST0893,2024-09-10,Toys,1233.21,4,5,4686.2,Wallet,0
TXN00661,CUST0875,2023-05-19,Books,1334.76,2,0,2669.52,Debit Card,0
TXN00662,CUST0996,2023-04-12,Books,738.67,5,5,3508.68,UPI,0
TXN00663,CUST0416,2024-04-17,Sports,3721.3,4,30,10419.64,Credit Card,0
TXN00664,CUST0491,2024-06-25,Books,945.61,2,0,1891.22,Wallet,0
TXN00665,CUST0912,2023-07-13,Books,341.84,4,10,1230.62,Net Banking,0
TXN00666,CUST0915,2024-04-30,Travel,17785.32,4,0,71141.28,Debit Card,0
TXN00667,CUST0025,2023-11-10,Fashion,4596.86,5,15,19536.66,Debit Card,0
TXN00668,CUST0499,2024-11-27,Travel,16538.81,3,0,49616.43,Debit Card,0
TXN00669,CUST0332,2023-09-04,Fashion,5593.46,2,0,11186.92,Debit Card,0
TXN00670,CUST0926,2024-09-21,Travel,31015.0,4,5,117857.0,Credit Card,0
TXN00671,CUST0015,2024-03-13,Books,1192.19,4,15,4053.45,Wallet,0
TXN00672,CUST0429,2023-03-14,Travel,57049.94,1,0,57049.94,Net Banking,0
TXN00673,CUST0915,2023-03-10,Books,306.34,3,0,919.02,Credit Card,0
TXN00674,CUST0634,2023-06-01,Books,601.8,5,0,3009.0,Wallet,0
TXN00675,CUST0684,2023-04-04,Beauty,1801.88,2,30,2522.63,Credit Card,0
TXN00676,CUST0178,2024-03-10,Electronics,16338.72,4,10,58819.39,Debit Card,0
TXN00677,CUST0010,2024-03-06,Fashion,6577.27,2,15,11181.36,UPI,0
TXN00678,CUST0756,2024-04-01,Jewellery,38474.18,5,15,163515.26,Credit Card,0
TXN00679,CUST0600,2024-03-05,Toys,2092.37,3,0,6277.11,Credit Card,0
TXN00680,CUST0172,2023-08-17,Toys,2289.75,1,10,2060.78,Credit Card,0
TXN00681,CUST0516,2023-01-30,Travel,6394.02,3,0,19182.06,UPI,0
TXN00682,CUST0521,2024-09-16,Electronics,46663.05,1,5,44329.9,Wallet,0
TXN00683,CUST0448,2023-12-01,Sports,9621.29,2,10,17318.32,UPI,0
TXN00684,CUST0272,2024-10-21,Jewellery,29543.72,3,10,79768.04,UPI,0
TXN00685,CUST0469,2024-07-22,Toys,1281.63,3,0,3844.89,Debit Card,0
TXN00686,CUST0247,2023-06-26,Grocery,2069.14,3,0,6207.42,Debit Card,0
TXN00687,CUST0079,2024-07-21,Home & Kitchen,5933.14,5,15,25215.84,Net Banking,0
TXN00688,CUST0770,2024-02-13,Grocery,1725.65,2,15,2933.6,Debit Card,0
TXN00689,CUST0772,2023-08-25,Sports,6158.25,1,0,6158.25,Credit Card,0
TXN00690,CUST0330,2023-10-05,Jewellery,20296.4,3,0,60889.2,Credit Card,0
TXN00691,CUST0684,2023-03-18,Toys,2959.85,2,20,4735.76,Wallet,0
TXN00692,CUST0496,2024-09-27,Travel,53380.94,5,15,226869.0,Credit Card,0
TXN00693,CUST0527,2024-06-23,Home & Kitchen,874.02,5,30,3059.07,Wallet,1
TXN00694,CUST0026,2024-10-15,Fashion,7502.12,2,0,15004.24,Credit Card,0
TXN00695,CUST0332,2023-06-07,Toys,2192.61,1,10,1973.35,UPI,0
TXN00696,CUST0376,2023-06-16,Toys,2892.71,2,0,5785.42,Debit Card,0
TXN00697,CUST0982,2023-07-04,Sports,10354.12,2,10,18637.42,Net Banking,0
TXN00698,CUST0172,2024-01-24,Toys,2028.28,4,0,8113.12,Debit Card,1
TXN00699,CUST0130,2023-01-12,Jewellery,42078.76,5,0,210393.8,Credit Card,0
TXN00700,CUST0572,2023-06-18,Electronics,18321.49,1,0,18321.49,Credit Card,0
TXN00701,CUST0925,2024-03-01,Jewellery,9640.04,4,15,32776.14,Debit Card,0
TXN00702,CUST0853,2024-03-24,Fashion,5431.04,2,10,9775.87,Net Banking,1
TXN00703,CUST0206,2024-05-08,Electronics,70260.73,5,10,316173.28,UPI,0
TXN00704,CUST0090,2024-03-24,Toys,3601.98,4,20,11526.34,Net Banking,0
TXN00705,CUST0089,2023-04-16,Toys,2681.84,4,15,9118.26,Credit Card,1
TXN00706,CUST0473,2024-03-02,Home & Kitchen,8261.95,1,10,7435.76,UPI,0
TXN00707,CUST0692,2023-04-08,Toys,1526.15,2,30,2136.61,Wallet,0
TXN00708,CUST0634,2024-09-22,Books,1473.0,1,10,1325.7,UPI,0
TXN00709,CUST0106,2023-08-14,Fashion,2897.72,4,0,11590.88,Credit Card,0
TXN00710,CUST0707,2024-03-22,Beauty,3797.67,4,30,10633.48,UPI,0
TXN00711,CUST0257,2024-10-25,Travel,33322.96,1,0,33322.96,UPI,0
TXN00712,CUST0143,2024-04-20,Home & Kitchen,9440.88,4,10,33987.17,Debit Card,0
TXN00713,CUST0979,2023-07-22,Grocery,1301.75,3,5,3709.99,Credit Card,0
TXN00714,CUST0547,2024-11-05,Electronics,77361.73,5,10,348127.78,Credit Card,0
TXN00715,CUST0704,2023-10-24,Beauty,2986.91,2,10,5376.44,Wallet,0
TXN00716,CUST0384,2024-09-25,Travel,56453.89,5,0,282269.45,Credit Card,0
TXN00717,CUST0324,2023-01-16,Toys,328.09,2,10,590.56,Debit Card,0
TXN00718,CUST0492,2024-01-13,Jewellery,29488.19,4,15,100259.85,UPI,0
TXN00719,CUST0183,2023-12-02,Books,1118.2,1,0,1118.2,UPI,0
TXN00720,CUST0590,2024-09-09,Electronics,60881.01,1,5,57836.96,Wallet,0
TXN00721,CUST0542,2023-01-20,Electronics,72873.27,4,0,291493.08,Credit Card,0
TXN00722,CUST0346,2024-03-15,Electronics,5330.12,2,20,8528.19,UPI,0
TXN00723,CUST0232,2023-09-01,Fashion,502.48,4,15,1708.43,Credit Card,1
TXN00724,CUST0722,2023-09-01,Electronics,40419.76,2,20,64671.62,Credit Card,0
TXN00725,CUST0217,2024-01-27,Home & Kitchen,1215.97,4,0,4863.88,Credit Card,0
TXN00726,CUST0703,2024-12-24,Travel,58548.36,4,0,234193.44,UPI,0
TXN00727,CUST0007,2023-09-19,Jewellery,12659.13,4,0,50636.52,UPI,0
TXN00728,CUST0546,2023-08-08,Home & Kitchen,7511.84,1,0,7511.84,Debit Card,1
TXN00729,CUST0845,2023-01-08,Home & Kitchen,1668.15,2,10,3002.67,Credit Card,0
TXN00730,CUST0215,2024-03-21,Books,854.77,4,30,2393.36,UPI,0
TXN00731,CUST0126,2023-01-14,Jewellery,20237.89,5,5,96129.98,Credit Card,1
TXN00732,CUST0550,2024-01-22,Books,210.29,5,30,736.02,Credit Card,0
TXN00733,CUST0331,2024-10-03,Electronics,30134.32,1,0,30134.32,Debit Card,0
TXN00734,CUST0115,2023-01-22,Electronics,34357.7,3,25,77304.82,Debit Card,0
TXN00735,CUST0513,2023-08-13,Home & Kitchen,14856.89,1,0,14856.89,Debit Card,0
TXN00736,CUST0166,2023-08-23,Home & Kitchen,3751.98,3,25,8441.96,UPI,0
TXN00737,CUST0351,2023-12-07,Electronics,45858.47,1,0,45858.47,Credit Card,0
TXN00738,CUST0021,2024-12-11,Sports,11855.4,5,25,44457.75,Net Banking,0
TXN00739,CUST0871,2023-05-14,Travel,48145.09,4,0,192580.36,UPI,0
TXN00740,CUST0328,2023-06-27,Fashion,7950.26,2,5,15105.49,Credit Card,1
TXN00741,CUST0112,2024-07-09,Beauty,4851.0,4,10,17463.6,UPI,0
TXN00742,CUST0756,2024-06-03,Toys,2111.3,5,5,10028.67,Debit Card,0
TXN00743,CUST0621,2024-06-22,Grocery,2149.85,2,15,3654.74,UPI,1
TXN00744,CUST0191,2024-03-12,Jewellery,7301.27,3,30,15332.67,UPI,0
TXN00745,CUST0397,2023-02-20,Books,745.55,3,10,2012.98,Wallet,0
TXN00746,CUST0387,2024-03-18,Jewellery,40832.89,5,15,173539.78,Wallet,1
TXN00747,CUST0015,2024-08-03,Electronics,42900.15,2,0,85800.3,Debit Card,0
TXN00748,CUST0001,2023-10-08,Beauty,3602.69,4,10,12969.68,UPI,0
TXN00749,CUST0230,2023-02-13,Grocery,2288.1,5,10,10296.45,Credit Card,0
TXN00750,CUST0236,2024-11-17,Home & Kitchen,4399.26,3,20,10558.22,Net Banking,0
TXN00751,CUST0703,2024-09-22,Home & Kitchen,13234.93,5,5,62865.92,Credit Card,0
TXN00752,CUST0929,2023-12-31,Books,770.76,4,15,2620.58,UPI,0
TXN00753,CUST0467,2023-09-26,Travel,14980.55,1,0,14980.55,Credit Card,0
TXN00754,CUST0383,2024-11-23,Toys,3502.04,1,0,3502.04,Credit Card,0
TXN00755,CUST0432,2024-07-18,Travel,26815.67,4,5,101899.55,Credit Card,0
TXN00756,CUST0224,2023-10-20,Beauty,3826.47,2,5,7270.29,Credit Card,0
TXN00757,CUST0687,2024-12-03,Travel,34237.89,5,0,171189.45,Credit Card,0
TXN00758,CUST0664,2023-07-13,Books,665.53,4,0,2662.12,Debit Card,0
TXN00759,CUST0368,2024-01-06,Grocery,2467.65,1,20,1974.12,Debit Card,0
TXN00760,CUST0415,2024-07-05,Grocery,1836.52,3,0,5509.56,Debit Card,0
TXN00761,CUST0676,2023-03-19,Grocery,1293.57,4,20,4139.42,Debit Card,0
TXN00762,CUST0663,2023-07-08,Home & Kitchen,2356.29,4,0,9425.16,Debit Card,0
TXN00763,CUST0502,2024-08-29,Sports,10808.08,4,0,43232.32,Net Banking,0
TXN00764,CUST0335,2024-01-25,Beauty,466.71,1,10,420.04,UPI,0
TXN00765,CUST0953,2023-01-25,Toys,3493.79,1,10,3144.41,Credit Card,0
TXN00766,CUST0804,2024-09-06,Beauty,1991.82,4,10,7170.55,Credit Card,0
TXN00767,CUST0763,2023-10-29,Beauty,3304.89,4,10,11897.6,Debit Card,0
TXN00768,CUST0014,2024-11-01,Travel,55565.38,2,0,111130.76,Wallet,0
TXN00769,CUST0866,2023-12-24,Fashion,1637.8,3,15,4176.39,Credit Card,0
TXN00770,CUST0352,2024-12-20,Beauty,2964.67,5,10,13341.02,UPI,0
TXN00771,CUST0256,2023-04-04,Books,1181.98,5,5,5614.4,Credit Card,0
TXN00772,CUST0734,2024-07-04,Fashion,6181.88,5,20,24727.52,Debit Card,0
TXN00773,CUST0446,2023-12-02,Sports,6592.2,1,15,5603.37,UPI,0
TXN00774,CUST0794,2023-06-13,Books,993.4,1,5,943.73,Debit Card,0
TXN00775,CUST0287,2023-12-07,Beauty,3860.38,2,20,6176.61,Debit Card,0
TXN00776,CUST0971,2024-07-20,Jewellery,42369.33,1,25,31777.0,Wallet,0
TXN00777,CUST0927,2023-03-13,Home & Kitchen,11617.75,4,10,41823.9,Credit Card,0
TXN00778,CUST0988,2023-02-11,Travel,23178.28,3,0,69534.84,Debit Card,0
TXN00779,CUST0627,2024-02-15,Electronics,79754.48,3,25,179447.58,Debit Card,0
TXN00780,CUST0692,2024-10-05,Toys,1907.66,3,0,5722.98,Wallet,0
TXN00781,CUST0705,2023-01-21,Toys,390.52,3,0,1171.56,UPI,0
TXN00782,CUST0093,2023-01-01,Books,639.53,5,5,3037.77,Credit Card,0
TXN00783,CUST0445,2024-11-08,Toys,772.8,5,15,3284.4,Wallet,0
TXN00784,CUST0291,2024-07-25,Fashion,1410.82,4,25,4232.46,Credit Card,1
TXN00785,CUST0306,2023-03-17,Grocery,988.3,2,10,1778.94,Credit Card,1
TXN00786,CUST0625,2024-08-25,Jewellery,4562.02,1,30,3193.41,Debit Card,0
TXN00787,CUST0466,2024-02-02,Electronics,56638.41,1,0,56638.41,UPI,0
TXN00788,CUST0692,2024-12-19,Toys,573.76,5,0,2868.8,UPI,0
TXN00789,CUST0935,2023-03-29,Toys,1052.17,3,10,2840.86,Debit Card,0
TXN00790,CUST0792,2024-08-16,Books,275.41,4,30,771.15,Debit Card,1
TXN00791,CUST0686,2023-01-17,Beauty,596.89,2,10,1074.4,Wallet,0
TXN00792,CUST0276,2023-11-25,Home & Kitchen,4602.07,5,0,23010.35,Net Banking,0
TXN00793,CUST0684,2023-07-29,Travel,35598.24,4,0,142392.96,UPI,0
TXN00794,CUST0713,2024-01-18,Travel,57987.08,4,0,231948.32,Credit Card,0
TXN00795,CUST0364,2024-07-18,Travel,52906.73,5,5,251306.97,Net Banking,0
TXN00796,CUST0614,2024-10-01,Travel,52928.23,4,0,211712.92,UPI,0
TXN00797,CUST0832,2023-05-26,Sports,2607.16,3,25,5866.11,Wallet,1
TXN00798,CUST0926,2024-03-28,Electronics,24868.04,4,10,89524.94,Credit Card,0
TXN00799,CUST0616,2024-01-28,Beauty,659.05,2,15,1120.38,UPI,0
TXN00800,CUST0609,2023-11-06,Home & Kitchen,11854.25,4,0,47417.0,Wallet,0
TXN00801,CUST0961,2024-05-06,Home & Kitchen,1791.39,1,0,1791.39,Debit Card,0
TXN00802,CUST0288,2024-03-05,Books,901.54,4,10,3245.54,UPI,1
TXN00803,CUST0860,2023-01-01,Jewellery,13898.03,5,20,55592.12,Wallet,0
TXN00804,CUST0953,2023-02-10,Toys,1200.75,1,10,1080.68,Debit Card,1
TXN00805,CUST0804,2024-08-07,Toys,3965.68,5,20,15862.72,UPI,0
TXN00806,CUST0106,2024-11-02,Beauty,3856.87,2,20,6170.99,Credit Card,0
TXN00807,CUST0547,2023-07-31,Sports,10141.11,3,0,30423.33,Debit Card,0
TXN00808,CUST0464,2023-11-29,Fashion,4789.87,2,0,9579.74,Credit Card,0
TXN00809,CUST0163,2024-10-12,Grocery,2638.84,1,15,2243.01,Credit Card,0
TXN00810,CUST0608,2024-03-21,Beauty,3333.81,3,5,9501.36,UPI,0
TXN00811,CUST0440,2023-10-31,Fashion,7596.3,4,0,30385.2,Credit Card,0
TXN00812,CUST0973,2024-07-08,Grocery,987.75,1,5,938.36,Wallet,0
TXN00813,CUST0171,2024-11-21,Home & Kitchen,9253.54,3,5,26372.59,Debit Card,0
TXN00814,CUST0426,2024-12-01,Sports,8467.5,5,25,31753.12,UPI,0
TXN00815,CUST0658,2023-06-03,Beauty,2146.81,3,0,6440.43,Credit Card,1
TXN00816,CUST0499,2024-09-07,Travel,53143.35,5,0,265716.75,Credit Card,0
TXN00817,CUST0287,2024-06-06,Home & Kitchen,14713.2,5,10,66209.4,Credit Card,0
TXN00818,CUST0835,2023-01-25,Fashion,4203.27,3,15,10718.34,Credit Card,0
TXN00819,CUST0146,2023-01-25,Beauty,2136.01,2,10,3844.82,Net Banking,0
TXN00820,CUST0296,2024-08-18,Beauty,2518.11,2,25,3777.16,UPI,0
TXN00821,CUST0535,2023-04-16,Books,1301.19,5,15,5530.06,Net Banking,1
TXN00822,CUST0817,2023-04-29,Electronics,53410.13,1,10,48069.12,UPI,0
TXN00823,CUST0363,2023-04-18,Home & Kitchen,1435.77,3,0,4307.31,UPI,0
TXN00824,CUST0794,2023-11-26,Beauty,2848.2,1,10,2563.38,Debit Card,0
TXN00825,CUST0431,2023-06-29,Toys,364.01,2,15,618.82,Credit Card,0
TXN00826,CUST0351,2023-05-11,Toys,3180.58,1,20,2544.46,UPI,0
TXN00827,CUST0768,2024-08-25,Electronics,29623.42,4,30,82945.58,Credit Card,0
TXN00828,CUST0578,2023-06-17,Beauty,2518.44,4,10,9066.38,Debit Card,0
TXN00829,CUST0891,2023-08-11,Travel,48524.65,2,10,87344.37,Credit Card,0
TXN00830,CUST0369,2024-04-13,Electronics,8483.66,1,0,8483.66,Debit Card,0
TXN00831,CUST0750,2023-10-05,Electronics,16890.62,3,0,50671.86,Credit Card,0
TXN00832,CUST0034,2023-07-09,Fashion,3484.7,2,0,6969.4,Credit Card,0
TXN00833,CUST0773,2024-06-14,Fashion,2224.44,4,0,8897.76,Debit Card,1
TXN00834,CUST0737,2024-06-09,Jewellery,18219.27,2,5,34616.61,Credit Card,0
TXN00835,CUST0360,2024-09-12,Home & Kitchen,14974.08,1,5,14225.38,Credit Card,0
TXN00836,CUST0425,2023-07-09,Grocery,2511.16,1,10,2260.04,Debit Card,0
TXN00837,CUST0961,2023-08-06,Electronics,71292.64,1,10,64163.38,Debit Card,0
TXN00838,CUST0112,2023-10-26,Fashion,7527.91,5,10,33875.6,Net Banking,0
TXN00839,CUST0122,2023-11-07,Sports,4486.67,1,10,4038.0,UPI,0
TXN00840,CUST0742,2023-08-24,Jewellery,16259.69,4,0,65038.76,Net Banking,0
TXN00841,CUST0207,2023-06-17,Beauty,1400.09,4,30,3920.25,Credit Card,1
TXN00842,CUST0278,2023-07-12,Home & Kitchen,12587.66,5,0,62938.3,Debit Card,0
TXN00843,CUST0887,2023-08-30,Beauty,3493.89,4,25,10481.67,UPI,0
TXN00844,CUST0350,2023-06-11,Jewellery,13336.26,4,5,50677.79,Credit Card,1
TXN00845,CUST0163,2023-12-05,Books,658.94,2,10,1186.09,Credit Card,0
TXN00846,CUST0371,2024-03-30,Toys,2174.83,1,0,2174.83,UPI,0
TXN00847,CUST0710,2023-05-15,Home & Kitchen,8299.59,2,0,16599.18,UPI,0
TXN00848,CUST0351,2023-07-12,Toys,3588.29,2,5,6817.75,Credit Card,0
TXN00849,CUST0789,2024-02-06,Sports,4938.45,4,15,16790.73,Credit Card,1
TXN00850,CUST0492,2024-01-27,Beauty,4570.06,3,0,13710.18,UPI,0
TXN00851,CUST0649,2024-08-23,Books,745.85,1,10,671.26,Credit Card,0
TXN00852,CUST0466,2023-02-11,Sports,9108.65,3,0,27325.95,Wallet,0
TXN00853,CUST0673,2023-04-03,Grocery,2804.71,4,5,10657.9,Wallet,1
TXN00854,CUST0171,2023-08-03,Beauty,4565.61,5,25,17121.04,Net Banking,0
TXN00855,CUST0016,2023-12-15,Jewellery,4733.74,2,20,7573.98,Credit Card,0
TXN00856,CUST0940,2024-05-27,Books,427.7,4,10,1539.72,Credit Card,0
TXN00857,CUST0108,2023-12-01,Home & Kitchen,7572.06,4,0,30288.24,Wallet,0
TXN00858,CUST0572,2024-02-03,Books,732.6,3,0,2197.8,Debit Card,1
TXN00859,CUST0206,2023-06-13,Beauty,3312.19,5,30,11592.66,Debit Card,0
TXN00860,CUST0327,2023-04-16,Fashion,7585.32,2,0,15170.64,Credit Card,0
TXN00861,CUST0002,2023-08-20,Sports,1881.41,5,20,7525.64,Credit Card,1
TXN00862,CUST0502,2024-07-11,Books,760.01,5,5,3610.05,UPI,0
TXN00863,CUST0227,2024-12-17,Toys,1011.92,5,30,3541.72,Wallet,0
TXN00864,CUST0800,2024-06-16,Sports,10792.83,1,5,10253.19,UPI,1
TXN00865,CUST0393,2023-06-26,Toys,3868.95,5,5,18377.51,UPI,0
TXN00866,CUST0817,2024-11-09,Books,796.25,4,10,2866.5,Credit Card,1
TXN00867,CUST0222,2023-10-21,Fashion,1280.08,1,30,896.06,Debit Card,0
TXN00868,CUST0902,2023-09-22,Sports,9552.36,1,30,6686.65,Credit Card,0
TXN00869,CUST0448,2024-06-03,Jewellery,35462.78,5,15,150716.82,Credit Card,0
TXN00870,CUST0763,2023-09-27,Sports,4643.25,4,15,15787.05,Credit Card,1
TXN00871,CUST0794,2023-07-31,Home & Kitchen,13401.19,2,10,24122.14,UPI,0
TXN00872,CUST0548,2023-06-12,Books,1467.37,5,15,6236.32,Credit Card,0
TXN00873,CUST0276,2024-07-10,Grocery,1761.99,1,20,1409.59,Wallet,0
TXN00874,CUST0686,2023-02-22,Beauty,2958.92,2,10,5326.06,Wallet,0
TXN00875,CUST0802,2023-08-21,Electronics,27313.51,2,10,49164.32,Credit Card,0
TXN00876,CUST0848,2024-03-13,Travel,36316.84,1,10,32685.16,Debit Card,0
TXN00877,CUST0631,2024-11-13,Grocery,1431.0,2,10,2575.8,UPI,0
TXN00878,CUST0925,2024-06-01,Toys,1418.11,4,20,4537.95,Wallet,0
TXN00879,CUST0763,2023-02-13,Jewellery,5224.89,4,5,19854.58,Net Banking,0
TXN00880,CUST0413,2024-08-25,Jewellery,14129.98,5,0,70649.9,Credit Card,0
TXN00881,CUST0993,2024-12-08,Travel,14277.72,5,10,64249.74,Credit Card,0
TXN00882,CUST0583,2024-05-30,Fashion,4565.31,2,0,9130.62,Credit Card,1
TXN00883,CUST0032,2024-09-24,Home & Kitchen,9343.71,1,10,8409.34,Debit Card,0
TXN00884,CUST0043,2024-07-28,Beauty,3160.29,4,25,9480.87,Debit Card,0
TXN00885,CUST0288,2023-04-02,Grocery,1286.91,3,10,3474.66,UPI,0
TXN00886,CUST0180,2024-12-31,Electronics,36592.23,5,20,146368.92,Credit Card,1
TXN00887,CUST0103,2024-03-13,Sports,10110.32,4,0,40441.28,Net Banking,0
TXN00888,CUST0090,2023-12-03,Travel,30145.27,2,25,45217.9,Credit Card,0
TXN00889,CUST0740,2023-10-21,Fashion,7908.3,4,10,28469.88,Debit Card,0
TXN00890,CUST0956,2024-11-30,Jewellery,23101.63,4,0,92406.52,Debit Card,0
TXN00891,CUST0724,2024-11-10,Electronics,53718.57,2,10,96693.43,Credit Card,0
TXN00892,CUST0682,2023-09-21,Jewellery,4417.42,5,30,15460.97,UPI,0
TXN00893,CUST0716,2023-04-15,Books,1032.01,5,0,5160.05,Debit Card,0
TXN00894,CUST0553,2023-08-12,Travel,51531.3,3,10,139134.51,Net Banking,0
TXN00895,CUST0574,2024-02-23,Fashion,7568.43,3,25,17028.97,Wallet,0
TXN00896,CUST0721,2023-04-25,Sports,11969.45,5,0,59847.25,Net Banking,0
TXN00897,CUST0016,2023-08-23,Toys,1344.06,5,10,6048.27,Debit Card,0
TXN00898,CUST0130,2023-10-01,Fashion,4815.28,5,10,21668.76,Debit Card,0
TXN00899,CUST0163,2023-08-18,Beauty,2418.37,5,5,11487.26,Credit Card,0
TXN00900,CUST0271,2024-12-29,Sports,7027.52,4,10,25299.07,UPI,0
TXN00901,CUST0547,2023-02-03,Grocery,640.87,3,0,1922.61,Wallet,0
TXN00902,CUST0834,2024-01-23,Fashion,6921.12,2,15,11765.9,Credit Card,0
TXN00903,CUST0715,2024-12-09,Sports,10969.09,1,0,10969.09,UPI,0
TXN00904,CUST0106,2024-05-15,Grocery,1459.05,2,5,2772.2,Net Banking,0
TXN00905,CUST0782,2024-04-06,Fashion,2603.22,1,10,2342.9,Wallet,0
TXN00906,CUST0417,2024-03-24,Electronics,15562.51,4,5,59137.54,Debit Card,0
TXN00907,CUST0366,2023-08-02,Toys,2829.93,3,5,8065.3,Debit Card,0
TXN00908,CUST0374,2023-02-15,Electronics,28417.39,1,20,22733.91,Credit Card,0
TXN00909,CUST0051,2024-02-09,Beauty,4574.83,5,25,17155.61,UPI,0
TXN00910,CUST0469,2023-11-29,Sports,8249.54,4,20,26398.53,Credit Card,0
TXN00911,CUST0426,2023-08-28,Grocery,2007.92,1,10,1807.13,Credit Card,0
TXN00912,CUST0587,2023-09-11,Books,905.19,5,20,3620.76,Credit Card,0
TXN00913,CUST0307,2023-08-16,Fashion,843.32,4,25,2529.96,Debit Card,0
TXN00914,CUST0954,2023-06-15,Books,1408.1,1,5,1337.7,Debit Card,0
TXN00915,CUST0661,2024-08-07,Fashion,5209.53,5,0,26047.65,UPI,1
TXN00916,CUST0190,2024-05-25,Beauty,4972.09,3,0,14916.27,Wallet,0
TXN00917,CUST0877,2024-08-20,Books,875.43,4,10,3151.55,Credit Card,1
TXN00918,CUST0554,2024-08-15,Grocery,2188.31,1,25,1641.23,UPI,0
TXN00919,CUST0106,2024-12-27,Home & Kitchen,1598.18,5,10,7191.81,UPI,1
TXN00920,CUST0529,2024-11-06,Electronics,52380.21,3,15,133569.54,Credit Card,0
TXN00921,CUST0416,2024-01-25,Grocery,2341.02,5,0,11705.1,Net Banking,0
TXN00922,CUST0850,2024-02-27,Jewellery,39368.69,3,0,118106.07,Credit Card,0
TXN00923,CUST0404,2024-02-15,Travel,46896.36,1,10,42206.72,UPI,0
TXN00924,CUST0559,2024-08-03,Beauty,1363.53,5,30,4772.35,UPI,0
TXN00925,CUST0265,2024-10-10,Toys,3908.97,5,5,18567.61,UPI,0
TXN00926,CUST0578,2024-10-25,Fashion,7963.87,2,20,12742.19,Credit Card,0
TXN00927,CUST0997,2024-03-22,Grocery,411.67,4,0,1646.68,UPI,0
TXN00928,CUST0858,2024-02-07,Books,1414.2,5,10,6363.9,UPI,0
TXN00929,CUST0729,2023-04-07,Travel,19498.6,3,10,52646.22,UPI,0
TXN00930,CUST0686,2024-01-14,Home & Kitchen,10587.83,4,20,33881.06,Net Banking,0
TXN00931,CUST0338,2024-10-31,Jewellery,18229.32,1,0,18229.32,UPI,0
TXN00932,CUST0131,2023-07-05,Books,1456.47,4,0,5825.88,Credit Card,0
TXN00933,CUST0332,2024-11-10,Electronics,12612.79,2,0,25225.58,Credit Card,0
TXN00934,CUST0929,2023-09-01,Home & Kitchen,7868.0,1,25,5901.0,UPI,0
TXN00935,CUST0669,2024-09-22,Travel,27398.72,5,0,136993.6,UPI,0
TXN00936,CUST0614,2024-12-08,Sports,4316.67,1,0,4316.67,Credit Card,0
TXN00937,CUST0666,2024-05-17,Sports,7959.09,1,10,7163.18,Credit Card,0
TXN00938,CUST0371,2023-10-15,Travel,10470.18,2,10,18846.32,Credit Card,0
TXN00939,CUST0630,2024-01-04,Sports,8769.95,3,20,21047.88,Debit Card,0
TXN00940,CUST0302,2023-03-06,Beauty,4908.78,1,25,3681.58,Debit Card,0
TXN00941,CUST0408,2023-06-11,Grocery,2452.76,3,10,6622.45,Debit Card,0
TXN00942,CUST0830,2024-08-19,Fashion,6950.13,4,25,20850.39,Debit Card,0
TXN00943,CUST0372,2024-07-24,Grocery,1206.98,2,15,2051.87,Debit Card,0
TXN00944,CUST0346,2024-10-23,Jewellery,17594.56,5,0,87972.8,UPI,0
TXN00945,CUST0157,2024-02-22,Grocery,1647.74,1,25,1235.8,Credit Card,0
TXN00946,CUST0134,2024-04-25,Grocery,328.03,3,15,836.48,Credit Card,0
TXN00947,CUST0336,2024-09-24,Electronics,75901.86,1,5,72106.77,UPI,0
TXN00948,CUST0334,2023-09-26,Fashion,1578.39,2,15,2683.26,Net Banking,0
TXN00949,CUST0090,2024-07-20,Grocery,2728.44,5,5,12960.09,Debit Card,0
TXN00950,CUST0161,2024-10-09,Fashion,1126.87,4,0,4507.48,Wallet,0
TXN00951,CUST0301,2023-07-09,Toys,3343.71,4,15,11368.61,Credit Card,0
TXN00952,CUST0598,2024-02-10,Sports,2332.37,3,20,5597.69,Credit Card,0
TXN00953,CUST0765,2024-05-03,Books,201.48,4,15,685.03,Debit Card,0
TXN00954,CUST0741,2023-11-08,Electronics,58961.71,3,0,176885.13,UPI,1
TXN00955,CUST0737,2024-08-18,Sports,3795.02,5,30,13282.57,Debit Card,0
TXN00956,CUST0743,2024-11-19,Fashion,5858.72,1,0,5858.72,UPI,0
TXN00957,CUST0590,2023-04-04,Sports,6927.97,2,5,13163.14,Credit Card,0
TXN00958,CUST0287,2024-01-25,Grocery,504.66,5,0,2523.3,Debit Card,0
TXN00959,CUST0661,2024-06-30,Books,1408.38,5,0,7041.9,Credit Card,1
TXN00960,CUST0330,2024-02-15,Grocery,1466.48,4,5,5572.62,Debit Card,0
TXN00961,CUST0236,2023-07-31,Jewellery,37253.47,4,10,134112.49,Debit Card,0
TXN00962,CUST0461,2024-09-29,Grocery,1602.86,2,20,2564.58,UPI,0
TXN00963,CUST0329,2024-01-04,Books,965.89,1,30,676.12,Debit Card,0
TXN00964,CUST0596,2023-06-17,Home & Kitchen,5099.39,5,20,20397.56,UPI,1
TXN00965,CUST0558,2023-01-14,Toys,1041.33,4,10,3748.79,Debit Card,0
TXN00966,CUST0268,2024-08-08,Fashion,4569.28,5,15,19419.44,Wallet,0
TXN00967,CUST0512,2024-07-17,Toys,1928.81,1,20,1543.05,UPI,0
TXN00968,CUST0784,2023-07-26,Jewellery,20725.43,3,10,55958.66,UPI,0
TXN00969,CUST0743,2023-02-12,Toys,2788.5,1,15,2370.22,UPI,1
TXN00970,CUST0134,2024-03-17,Sports,8471.78,5,10,38123.01,Debit Card,0
TXN00971,CUST0356,2024-05-29,Travel,5617.44,5,5,26682.84,Debit Card,0
TXN00972,CUST0840,2024-08-29,Electronics,30405.84,2,10,54730.51,UPI,0
TXN00973,CUST0246,2024-01-30,Books,705.88,5,15,2999.99,Credit Card,0
TXN00974,CUST0051,2023-08-26,Electronics,12266.91,4,15,41707.49,Credit Card,0
TXN00975,CUST0329,2024-11-09,Books,468.47,2,5,890.09,UPI,0
TXN00976,CUST0084,2024-06-14,Fashion,887.31,5,10,3992.89,Credit Card,0
TXN00977,CUST0619,2024-12-19,Toys,3986.1,1,25,2989.58,Wallet,0
TXN00978,CUST0005,2024-02-08,Fashion,6024.18,5,30,21084.63,UPI,0
TXN00979,CUST0523,2023-08-02,Grocery,444.86,1,0,444.86,UPI,0
TXN00980,CUST0632,2024-07-21,Grocery,256.7,1,0,256.7,Debit Card,0
TXN00981,CUST0461,2024-01-09,Electronics,58946.59,5,15,250523.01,UPI,0
TXN00982,CUST0009,2023-05-12,Beauty,2364.2,1,5,2245.99,Debit Card,0
TXN00983,CUST0093,2023-01-09,Beauty,3997.94,3,0,11993.82,Credit Card,0
TXN00984,CUST0448,2023-06-02,Travel,55638.13,2,5,105712.45,Wallet,0
TXN00985,CUST0119,2024-03-06,Beauty,3116.71,5,20,12466.84,Credit Card,0
TXN00986,CUST0422,2024-04-27,Jewellery,10981.2,3,15,28002.06,UPI,0
TXN00987,CUST0472,2023-11-01,Sports,9517.01,1,10,8565.31,Net Banking,0
TXN00988,CUST0631,2023-10-11,Sports,11496.25,1,10,10346.62,Wallet,0
TXN00989,CUST0014,2024-04-16,Grocery,1824.65,2,10,3284.37,Debit Card,0
TXN00990,CUST0806,2023-07-09,Beauty,3505.39,3,0,10516.17,Debit Card,1
TXN00991,CUST0238,2024-06-11,Travel,22236.06,3,10,60037.36,Wallet,0
TXN00992,CUST0522,2024-05-26,Books,665.06,5,0,3325.3,Net Banking,0
TXN00993,CUST0657,2023-12-09,Grocery,2257.03,1,10,2031.33,UPI,0
TXN00994,CUST0735,2024-03-05,Fashion,7458.28,4,5,28341.46,UPI,0
TXN00995,CUST0780,2024-12-15,Beauty,3256.25,5,15,13839.06,Debit Card,0
TXN00996,CUST0431,2024-11-16,Grocery,2411.57,5,10,10852.06,Credit Card,1
TXN00997,CUST0383,2024-11-10,Beauty,1106.68,5,5,5256.73,Credit Card,0
TXN00998,CUST0121,2023-02-03,Jewellery,12174.04,2,0,24348.08,UPI,0
TXN00999,CUST0197,2024-04-15,Travel,33325.98,2,0,66651.96,Debit Card,1
TXN01000,CUST0840,2024-01-29,Electronics,18241.56,5,10,82087.02,UPI,0
TXN01001,CUST0866,2024-05-09,Home & Kitchen,9816.93,4,0,39267.72,UPI,0
TXN01002,CUST0502,2024-05-27,Travel,19624.23,3,0,58872.69,Debit Card,0
TXN01003,CUST0447,2023-11-18,Beauty,4020.2,3,10,10854.54,Credit Card,0
TXN01004,CUST0227,2023-04-25,Fashion,6560.83,1,15,5576.71,UPI,0
TXN01005,CUST0520,2023-08-02,Fashion,3978.41,3,5,11338.47,Wallet,1
TXN01006,CUST0676,2023-05-25,Electronics,18560.8,3,10,50114.16,UPI,0
TXN01007,CUST0522,2024-07-12,Toys,2693.07,4,25,8079.21,Credit Card,0
TXN01008,CUST0112,2023-06-27,Fashion,7945.9,3,25,17878.27,Debit Card,1
TXN01009,CUST0383,2024-12-25,Grocery,1943.25,4,5,7384.35,Net Banking,0
TXN01010,CUST0912,2023-12-26,Fashion,768.31,2,20,1229.3,UPI,0
TXN01011,CUST0754,2023-10-12,Home & Kitchen,1045.57,4,10,3764.05,Debit Card,0
TXN01012,CUST0119,2023-09-02,Electronics,29027.15,2,30,40638.01,Credit Card,0
TXN01013,CUST0665,2023-07-25,Grocery,748.19,4,10,2693.48,Debit Card,0
TXN01014,CUST0855,2024-08-06,Beauty,4121.34,5,15,17515.7,Credit Card,0
TXN01015,CUST0129,2023-12-08,Travel,51153.92,2,15,86961.66,Credit Card,0
TXN01016,CUST0294,2024-12-27,Electronics,24396.41,2,10,43913.54,UPI,0
TXN01017,CUST0743,2023-12-26,Home & Kitchen,5424.16,3,15,13831.61,Debit Card,0
TXN01018,CUST0724,2024-05-13,Sports,3293.22,2,0,6586.44,UPI,0
TXN01019,CUST0378,2023-05-21,Home & Kitchen,13699.03,4,0,54796.12,Debit Card,0
TXN01020,CUST0042,2024-10-29,Books,828.58,5,5,3935.76,Debit Card,1
TXN01021,CUST0920,2023-08-10,Books,1035.79,5,25,3884.21,UPI,0
TXN01022,CUST0231,2024-01-24,Sports,5336.5,3,10,14408.55,Wallet,0
TXN01023,CUST0248,2023-11-26,Jewellery,32288.68,4,10,116239.25,Debit Card,0
TXN01024,CUST0051,2024-01-28,Fashion,3393.92,4,10,12218.11,Credit Card,0
TXN01025,CUST0268,2024-10-15,Travel,22361.67,1,0,22361.67,Debit Card,0
TXN01026,CUST0669,2023-12-24,Toys,2647.58,2,5,5030.4,UPI,0
TXN01027,CUST0756,2024-01-29,Toys,2486.93,3,15,6341.67,Wallet,0
TXN01028,CUST0816,2024-08-09,Travel,19731.09,5,30,69058.81,Debit Card,0
TXN01029,CUST0724,2023-02-09,Home & Kitchen,2920.75,1,0,2920.75,Net Banking,0
TXN01030,CUST0180,2023-09-30,Sports,4801.77,4,5,18246.73,Debit Card,0
TXN01031,CUST0823,2024-02-24,Sports,5333.25,2,0,10666.5,Credit Card,0
TXN01032,CUST0791,2023-03-11,Beauty,3254.82,5,0,16274.1,Net Banking,0
TXN01033,CUST0911,2024-09-14,Electronics,73589.66,1,5,69910.18,Credit Card,0
TXN01034,CUST0236,2024-04-02,Grocery,301.32,4,10,1084.75,Credit Card,0
TXN01035,CUST0781,2023-08-22,Books,478.94,5,0,2394.7,Wallet,0
TXN01036,CUST0289,2023-07-16,Toys,1016.75,5,0,5083.75,Debit Card,0
TXN01037,CUST0530,2024-12-11,Fashion,4267.21,4,15,14508.51,Credit Card,0
TXN01038,CUST0143,2024-05-23,Grocery,1403.16,4,30,3928.85,Debit Card,0
TXN01039,CUST0163,2024-06-19,Home & Kitchen,11152.33,3,5,31784.14,Debit Card,0
TXN01040,CUST0222,2023-05-27,Beauty,1439.35,5,15,6117.24,Credit Card,1
TXN01041,CUST0024,2024-07-27,Grocery,1864.6,4,0,7458.4,Debit Card,1
TXN01042,CUST0542,2024-04-03,Beauty,4454.13,1,25,3340.6,UPI,0
TXN01043,CUST0990,2023-03-08,Toys,3669.51,2,15,6238.17,Wallet,0
TXN01044,CUST0416,2023-01-30,Toys,3847.5,3,20,9234.0,Debit Card,0
TXN01045,CUST0186,2023-04-17,Fashion,6299.46,4,0,25197.84,UPI,0
TXN01046,CUST0161,2024-11-08,Sports,10928.26,2,10,19670.87,UPI,0
TXN01047,CUST0808,2024-01-25,Home & Kitchen,4130.34,3,10,11151.92,Credit Card,0
TXN01048,CUST0042,2024-02-10,Jewellery,11483.89,5,0,57419.45,Debit Card,0
TXN01049,CUST0741,2023-05-01,Travel,3369.82,2,0,6739.64,UPI,1
TXN01050,CUST0977,2023-01-11,Fashion,5801.33,3,10,15663.59,UPI,0
TXN01051,CUST0310,2024-08-06,Toys,3768.63,4,15,12813.34,Debit Card,0
TXN01052,CUST0227,2023-12-13,Electronics,19020.15,4,0,76080.6,Credit Card,1
TXN01053,CUST0821,2023-09-10,Sports,7861.16,3,10,21225.13,Credit Card,0
TXN01054,CUST0263,2023-04-29,Travel,45548.21,5,0,227741.05,Debit Card,0
TXN01055,CUST0005,2024-06-03,Electronics,74571.07,3,0,223713.21,UPI,0
TXN01056,CUST0721,2023-08-03,Fashion,5351.45,1,10,4816.3,UPI,0
TXN01057,CUST0053,2023-03-21,Grocery,2916.82,3,5,8312.94,UPI,0
TXN01058,CUST0015,2024-02-23,Jewellery,18544.31,3,5,52851.28,Wallet,0
TXN01059,CUST0250,2024-08-06,Beauty,1944.66,4,5,7389.71,Wallet,0
TXN01060,CUST0898,2024-12-12,Travel,33951.71,5,10,152782.7,UPI,0
TXN01061,CUST0940,2024-11-15,Travel,24859.61,3,10,67120.95,Debit Card,0
TXN01062,CUST0485,2023-10-16,Fashion,510.69,2,30,714.97,Credit Card,0
TXN01063,CUST0258,2023-08-22,Travel,44711.01,4,5,169901.84,Debit Card,0
TXN01064,CUST0005,2023-09-18,Beauty,3833.07,4,15,13032.44,UPI,0
TXN01065,CUST0088,2024-10-18,Beauty,3810.78,3,0,11432.34,Wallet,0
TXN01066,CUST0249,2023-01-22,Electronics,30876.55,2,10,55577.79,Credit Card,0
TXN01067,CUST0188,2023-03-19,Grocery,1662.41,3,10,4488.51,UPI,0
TXN01068,CUST0783,2024-11-02,Beauty,1991.88,2,5,3784.57,Wallet,0
TXN01069,CUST0517,2023-01-14,Jewellery,2769.75,4,10,9971.1,Net Banking,0
TXN01070,CUST0371,2023-05-28,Travel,35059.59,2,0,70119.18,UPI,0
TXN01071,CUST0693,2024-10-23,Electronics,14282.05,3,0,42846.15,Credit Card,0
TXN01072,CUST0225,2023-01-30,Toys,596.15,1,0,596.15,Credit Card,0
TXN01073,CUST0434,2024-03-13,Electronics,61662.43,1,15,52413.07,Credit Card,0
TXN01074,CUST0924,2024-11-03,Jewellery,2456.3,2,15,4175.71,UPI,0
TXN01075,CUST0255,2024-06-13,Sports,11532.7,3,0,34598.1,Credit Card,0
TXN01076,CUST0740,2023-03-04,Electronics,43644.15,5,5,207309.71,Credit Card,0
TXN01077,CUST0577,2024-03-05,Toys,3937.16,1,0,3937.16,UPI,1
TXN01078,CUST0067,2023-05-15,Beauty,572.59,4,0,2290.36,UPI,0
TXN01079,CUST0421,2023-06-06,Books,937.76,3,15,2391.29,Debit Card,0
TXN01080,CUST0853,2024-07-22,Books,621.59,3,10,1678.29,Wallet,0
TXN01081,CUST0237,2023-09-11,Books,1288.7,1,0,1288.7,Credit Card,0
TXN01082,CUST0330,2023-07-06,Sports,4717.94,5,0,23589.7,Debit Card,0
TXN01083,CUST0865,2024-01-14,Toys,1263.8,4,20,4044.16,Debit Card,0
TXN01084,CUST0487,2023-11-23,Jewellery,43162.55,5,0,215812.75,Credit Card,0
TXN01085,CUST0616,2023-07-18,Fashion,3309.9,4,5,12577.62,Debit Card,0
TXN01086,CUST0821,2023-06-20,Books,172.72,1,15,146.81,UPI,1
TXN01087,CUST0743,2023-11-11,Fashion,3427.17,3,10,9253.36,UPI,0
TXN01088,CUST0106,2023-01-06,Sports,8061.55,4,10,29021.58,Credit Card,0
TXN01089,CUST0902,2023-09-13,Fashion,2407.7,3,20,5778.48,Net Banking,0
TXN01090,CUST0840,2023-11-16,Travel,27623.29,2,0,55246.58,Wallet,0
TXN01091,CUST0721,2023-09-05,Sports,1246.55,2,15,2119.13,Credit Card,0
TXN01092,CUST0099,2024-12-31,Fashion,4910.7,1,0,4910.7,Debit Card,0
TXN01093,CUST0465,2023-01-04,Electronics,61722.12,1,10,55549.91,Debit Card,1
TXN01094,CUST0476,2024-05-27,Books,707.97,1,20,566.38,Credit Card,0
TXN01095,CUST0368,2024-05-20,Grocery,1376.65,2,10,2477.97,Debit Card,0
TXN01096,CUST0075,2023-01-31,Home & Kitchen,2053.61,4,15,6982.27,Credit Card,0
TXN01097,CUST0836,2024-09-20,Sports,2902.13,5,20,11608.52,Wallet,0
TXN01098,CUST0071,2023-10-02,Beauty,1026.97,1,0,1026.97,Debit Card,0
TXN01099,CUST0200,2024-12-09,Home & Kitchen,7639.97,5,15,32469.87,Wallet,0
TXN01100,CUST0307,2023-11-21,Jewellery,27404.27,5,25,102766.01,Credit Card,0
TXN01101,CUST0469,2023-06-26,Sports,11417.92,2,10,20552.26,Credit Card,0
TXN01102,CUST0225,2023-10-14,Sports,1434.84,4,0,5739.36,Debit Card,0
TXN01103,CUST0217,2023-03-20,Fashion,4999.01,2,0,9998.02,Net Banking,0
TXN01104,CUST0774,2023-08-31,Sports,6602.08,1,0,6602.08,UPI,0
TXN01105,CUST0860,2024-05-15,Books,846.91,2,0,1693.82,UPI,0
TXN01106,CUST0848,2023-07-24,Toys,3530.69,2,10,6355.24,Debit Card,0
TXN01107,CUST0281,2024-04-04,Toys,1060.49,2,0,2120.98,Credit Card,0
TXN01108,CUST0287,2024-01-18,Jewellery,3957.12,1,0,3957.12,UPI,0
TXN01109,CUST0963,2024-12-23,Travel,41319.48,1,5,39253.51,UPI,0
TXN01110,CUST0309,2023-11-29,Grocery,1166.44,2,10,2099.59,Credit Card,0
TXN01111,CUST0941,2024-08-25,Travel,4002.63,2,10,7204.73,Credit Card,0
TXN01112,CUST0633,2023-06-15,Books,489.35,5,15,2079.74,Debit Card,0
TXN01113,CUST0684,2023-06-10,Books,567.59,4,0,2270.36,Debit Card,0
TXN01114,CUST0861,2023-01-06,Electronics,51262.88,5,0,256314.4,UPI,0
TXN01115,CUST0429,2024-10-14,Toys,938.57,4,0,3754.28,Debit Card,0
TXN01116,CUST0513,2023-07-24,Home & Kitchen,6665.37,4,5,25328.41,UPI,1
TXN01117,CUST0297,2024-06-15,Beauty,2567.63,2,0,5135.26,UPI,0
TXN01118,CUST0287,2023-04-10,Sports,5835.31,5,15,24800.07,UPI,0
TXN01119,CUST0167,2024-11-07,Grocery,2927.03,4,0,11708.12,UPI,0
TXN01120,CUST0785,2023-02-14,Beauty,513.87,4,25,1541.61,Net Banking,0
TXN01121,CUST0430,2024-04-01,Travel,57205.19,1,10,51484.67,UPI,0
TXN01122,CUST0686,2023-08-15,Beauty,3035.1,4,5,11533.38,Net Banking,0
TXN01123,CUST0935,2023-11-11,Electronics,64679.58,2,15,109955.29,UPI,0
TXN01124,CUST0013,2023-02-21,Grocery,1405.1,3,15,3583.0,Credit Card,0
TXN01125,CUST0150,2023-05-26,Grocery,1470.75,1,10,1323.68,Debit Card,1
TXN01126,CUST0756,2023-10-08,Electronics,70949.49,3,25,159636.35,Debit Card,0
TXN01127,CUST0971,2023-05-03,Books,1359.51,2,5,2583.07,Credit Card,0
TXN01128,CUST0243,2024-12-19,Electronics,22901.67,3,20,54964.01,UPI,0
TXN01129,CUST0247,2024-04-15,Books,418.98,4,5,1592.12,UPI,0
TXN01130,CUST0239,2023-10-24,Home & Kitchen,7846.54,3,20,18831.7,UPI,0
TXN01131,CUST0330,2024-09-05,Jewellery,45213.3,5,0,226066.5,Debit Card,0
TXN01132,CUST0668,2024-05-26,Books,585.18,2,0,1170.36,Debit Card,0
TXN01133,CUST0728,2024-10-02,Beauty,3364.47,5,15,14299.0,Credit Card,0
TXN01134,CUST0474,2024-05-16,Books,1106.0,3,0,3318.0,Credit Card,0
TXN01135,CUST0367,2024-11-09,Jewellery,39376.38,5,0,196881.9,UPI,0
TXN01136,CUST0539,2023-07-21,Travel,35143.69,1,5,33386.51,Credit Card,1
TXN01137,CUST0960,2024-02-19,Sports,5187.99,3,15,13229.37,Credit Card,0
TXN01138,CUST0396,2024-09-05,Electronics,77526.2,5,20,310104.8,Debit Card,0
TXN01139,CUST0214,2024-08-05,Sports,7569.17,4,15,25735.18,Credit Card,0
TXN01140,CUST0114,2024-02-26,Electronics,59642.39,3,20,143141.74,Credit Card,1
TXN01141,CUST0503,2024-06-03,Home & Kitchen,5698.76,1,10,5128.88,Debit Card,0
TXN01142,CUST0297,2024-11-04,Toys,2778.81,4,0,11115.24,Credit Card,0
TXN01143,CUST0824,2023-03-14,Beauty,1511.65,3,0,4534.95,Credit Card,0
TXN01144,CUST0044,2023-12-11,Beauty,1451.96,4,10,5227.06,UPI,1
TXN01145,CUST0236,2023-01-27,Travel,43739.17,3,5,124656.63,Debit Card,0
TXN01146,CUST0143,2023-06-18,Toys,2229.16,3,0,6687.48,UPI,0
TXN01147,CUST0940,2024-08-07,Toys,2828.12,2,10,5090.62,Credit Card,0
TXN01148,CUST0119,2023-07-28,Electronics,25207.89,5,15,107133.53,Wallet,0
TXN01149,CUST0982,2024-09-02,Beauty,3114.0,3,5,8874.9,UPI,0
TXN01150,CUST0414,2024-06-26,Beauty,2386.49,1,20,1909.19,Debit Card,0
TXN01151,CUST0206,2024-06-28,Toys,2508.75,5,15,10662.19,Credit Card,0
TXN01152,CUST0673,2024-12-25,Electronics,26815.98,2,15,45587.17,Credit Card,0
TXN01153,CUST0019,2024-10-18,Books,1115.86,5,30,3905.51,UPI,1
TXN01154,CUST0007,2024-09-02,Books,1238.0,5,0,6190.0,Debit Card,0
TXN01155,CUST0782,2023-11-06,Jewellery,14475.99,3,10,39085.17,Credit Card,0
TXN01156,CUST0429,2023-06-29,Fashion,2754.65,1,20,2203.72,Wallet,0
TXN01157,CUST0055,2024-10-08,Grocery,2051.23,3,10,5538.32,Debit Card,0
TXN01158,CUST0042,2024-03-13,Home & Kitchen,10677.31,1,15,9075.71,Debit Card,0
TXN01159,CUST0090,2024-04-21,Electronics,57807.48,1,5,54917.11,Net Banking,1
TXN01160,CUST0522,2024-01-30,Books,1071.64,4,10,3857.9,Net Banking,0
TXN01161,CUST0444,2024-12-02,Travel,25390.04,3,0,76170.12,UPI,0
TXN01162,CUST0405,2024-06-25,Grocery,1305.59,2,30,1827.83,Net Banking,0
TXN01163,CUST0829,2024-08-16,Grocery,913.49,5,20,3653.96,Wallet,1
TXN01164,CUST0078,2023-02-26,Grocery,639.13,4,20,2045.22,Wallet,1
TXN01165,CUST0243,2023-06-23,Toys,2862.54,2,15,4866.32,Debit Card,1
TXN01166,CUST0686,2024-12-20,Jewellery,6473.06,3,0,19419.18,Debit Card,0
TXN01167,CUST0446,2023-11-22,Travel,56454.16,1,0,56454.16,Credit Card,0
TXN01168,CUST0445,2023-11-18,Fashion,6700.15,3,20,16080.36,Net Banking,0
TXN01169,CUST0171,2023-07-02,Travel,51877.83,3,5,147851.82,Credit Card,0
TXN01170,CUST0549,2023-08-23,Travel,54680.12,4,0,218720.48,Debit Card,0
TXN01171,CUST0794,2024-09-10,Electronics,35645.37,2,10,64161.67,Credit Card,0
TXN01172,CUST0446,2023-07-05,Jewellery,42641.63,4,5,162038.19,UPI,0
TXN01173,CUST0416,2023-09-23,Sports,2401.9,2,15,4083.23,UPI,0
TXN01174,CUST0620,2024-10-05,Jewellery,3038.81,4,10,10939.72,Credit Card,0
TXN01175,CUST0845,2023-11-25,Sports,9547.76,5,15,40577.98,UPI,1
TXN01176,CUST0071,2023-12-31,Fashion,1060.97,1,20,848.78,Debit Card,0
TXN01177,CUST0402,2024-11-13,Electronics,79139.35,1,0,79139.35,Debit Card,0
TXN01178,CUST0080,2023-01-24,Toys,2796.75,1,5,2656.91,Wallet,0
TXN01179,CUST0983,2023-09-18,Grocery,2309.66,5,5,10970.88,UPI,0
TXN01180,CUST0721,2023-12-21,Electronics,23435.29,5,30,82023.52,Credit Card,1
TXN01181,CUST0517,2023-07-15,Toys,2793.3,1,5,2653.64,Wallet,0
TXN01182,CUST0263,2024-09-02,Electronics,8241.5,1,5,7829.42,Debit Card,0
TXN01183,CUST0051,2024-05-04,Toys,3399.96,2,15,5779.93,UPI,0
TXN01184,CUST0955,2023-11-29,Electronics,17721.81,2,5,33671.44,UPI,0
TXN01185,CUST0237,2024-09-04,Jewellery,35473.19,3,30,74493.7,Debit Card,0
TXN01186,CUST0402,2024-09-23,Jewellery,12775.06,4,20,40880.19,Debit Card,0
TXN01187,CUST0925,2023-11-17,Jewellery,5285.75,2,10,9514.35,Credit Card,1
TXN01188,CUST0434,2024-03-22,Grocery,1548.18,2,10,2786.72,Debit Card,0
TXN01189,CUST0802,2024-01-12,Home & Kitchen,3203.86,2,0,6407.72,Debit Card,0
TXN01190,CUST0350,2023-07-22,Beauty,3728.39,2,15,6338.26,Debit Card,0
TXN01191,CUST0669,2023-03-31,Sports,3308.25,5,15,14060.06,UPI,0
TXN01192,CUST0983,2024-12-07,Jewellery,18438.68,3,5,52550.24,UPI,0
TXN01193,CUST0782,2023-06-26,Home & Kitchen,8857.64,2,0,17715.28,UPI,0
TXN01194,CUST0599,2024-09-18,Sports,3848.64,4,25,11545.92,Credit Card,0
TXN01195,CUST0509,2023-02-01,Electronics,33349.11,2,5,63363.31,Credit Card,0
TXN01196,CUST0211,2024-12-27,Fashion,6617.16,5,15,28122.93,Credit Card,0
TXN01197,CUST0118,2023-08-31,Toys,963.08,1,0,963.08,Wallet,0
TXN01198,CUST0332,2023-03-11,Home & Kitchen,1967.26,1,5,1868.9,Net Banking,0
TXN01199,CUST0329,2023-03-12,Travel,21716.39,3,20,52119.34,Wallet,0
TXN01200,CUST0750,2024-09-14,Books,722.91,1,5,686.76,Credit Card,0
TXN01201,CUST0574,2023-06-07,Home & Kitchen,8505.76,2,10,15310.37,UPI,0
TXN01202,CUST0529,2024-07-02,Jewellery,19876.34,5,0,99381.7,UPI,0
TXN01203,CUST0782,2023-11-22,Jewellery,39915.76,3,5,113759.92,UPI,0
TXN01204,CUST0967,2023-02-04,Home & Kitchen,1358.34,2,25,2037.51,UPI,0
TXN01205,CUST0548,2024-04-24,Toys,1897.54,1,10,1707.79,Debit Card,0
TXN01206,CUST0850,2024-04-04,Sports,4957.72,4,25,14873.16,UPI,0
TXN01207,CUST0709,2024-02-20,Electronics,53568.39,2,25,80352.58,UPI,0
TXN01208,CUST0397,2024-07-24,Books,1454.47,4,25,4363.41,Credit Card,0
TXN01209,CUST0969,2024-02-23,Electronics,43278.16,4,20,138490.11,Wallet,0
TXN01210,CUST0958,2024-05-25,Grocery,2963.26,3,0,8889.78,Debit Card,0
TXN01211,CUST0146,2024-01-03,Toys,1418.32,5,25,5318.7,UPI,0
TXN01212,CUST0840,2023-07-26,Jewellery,3481.67,1,0,3481.67,UPI,0
TXN01213,CUST0737,2023-12-27,Grocery,663.86,1,0,663.86,UPI,0
TXN01214,CUST0611,2024-03-11,Electronics,34634.37,2,0,69268.74,Debit Card,0
TXN01215,CUST0393,2024-07-31,Electronics,28725.04,1,5,27288.79,UPI,0
TXN01216,CUST0527,2023-09-27,Books,281.02,3,10,758.75,Credit Card,0
TXN01217,CUST0920,2023-08-21,Beauty,2333.5,1,5,2216.82,Wallet,0
TXN01218,CUST0941,2024-10-30,Electronics,30358.68,2,0,60717.36,Credit Card,0
TXN01219,CUST0211,2023-04-16,Sports,1997.86,1,10,1798.07,Credit Card,0
TXN01220,CUST0070,2024-10-27,Sports,3975.74,5,5,18884.76,Wallet,0
TXN01221,CUST0416,2023-01-18,Home & Kitchen,13387.39,4,15,45517.13,Credit Card,0
TXN01222,CUST0522,2024-05-09,Books,557.77,4,0,2231.08,Credit Card,0
TXN01223,CUST0756,2023-09-17,Books,1113.84,4,0,4455.36,Net Banking,1
TXN01224,CUST0476,2024-04-29,Jewellery,31378.26,5,0,156891.3,Credit Card,0
TXN01225,CUST0146,2023-11-09,Electronics,37038.59,3,5,105559.98,Credit Card,1
TXN01226,CUST0928,2024-09-22,Beauty,1423.42,2,10,2562.16,Credit Card,0
TXN01227,CUST0530,2023-04-12,Travel,24033.84,5,10,108152.28,Net Banking,0
TXN01228,CUST0945,2024-06-20,Grocery,1857.9,2,5,3530.01,Credit Card,0
TXN01229,CUST0428,2023-06-29,Books,623.52,3,5,1777.03,UPI,0
TXN01230,CUST0479,2024-05-24,Home & Kitchen,3851.53,5,5,18294.77,Debit Card,0
TXN01231,CUST0839,2024-04-21,Home & Kitchen,2453.77,1,30,1717.64,Credit Card,0
TXN01232,CUST0200,2024-11-04,Electronics,70982.52,3,0,212947.56,Credit Card,0
TXN01233,CUST0426,2024-02-04,Electronics,38023.47,4,20,121675.1,Wallet,0
TXN01234,CUST0494,2023-12-16,Travel,38636.87,5,15,164206.7,Debit Card,0
TXN01235,CUST0351,2023-08-03,Fashion,4178.08,3,0,12534.24,Credit Card,1
TXN01236,CUST0389,2024-01-18,Fashion,7044.25,3,30,14792.92,Credit Card,0
TXN01237,CUST0158,2023-05-04,Electronics,46020.11,5,15,195585.47,Debit Card,0
TXN01238,CUST0468,2023-10-19,Toys,2078.89,4,15,7068.23,Debit Card,1
TXN01239,CUST0940,2024-10-29,Sports,11140.45,4,5,42333.71,Credit Card,0
TXN01240,CUST0388,2024-12-05,Sports,8804.46,3,10,23772.04,Credit Card,0
TXN01241,CUST0329,2023-11-24,Travel,9358.34,2,0,18716.68,UPI,0
TXN01242,CUST0678,2024-07-18,Travel,13129.15,3,0,39387.45,Debit Card,0
TXN01243,CUST0024,2024-11-12,Jewellery,39781.9,5,20,159127.6,Credit Card,1
TXN01244,CUST0005,2023-04-08,Beauty,4228.5,5,20,16914.0,Credit Card,0
TXN01245,CUST0227,2024-10-20,Home & Kitchen,8541.71,5,0,42708.55,Debit Card,0
TXN01246,CUST0620,2023-10-27,Sports,6920.79,4,15,23530.69,Credit Card,0
TXN01247,CUST0590,2023-01-30,Toys,2638.15,1,15,2242.43,Credit Card,0
TXN01248,CUST0871,2023-03-15,Electronics,37933.68,5,0,189668.4,UPI,0
TXN01249,CUST0724,2023-06-21,Books,1068.27,5,5,5074.28,Debit Card,0
TXN01250,CUST0108,2023-03-25,Toys,701.38,2,5,1332.62,Debit Card,0
TXN01251,CUST0196,2024-08-07,Jewellery,48141.4,2,15,81840.38,UPI,0
TXN01252,CUST0395,2023-10-17,Toys,3075.57,3,20,7381.37,UPI,0
TXN01253,CUST0252,2024-09-30,Books,1002.09,3,0,3006.27,Credit Card,0
TXN01254,CUST0228,2023-03-26,Grocery,1085.7,3,10,2931.39,Credit Card,0
TXN01255,CUST0915,2023-09-11,Fashion,1707.17,5,15,7255.47,Credit Card,0
TXN01256,CUST0894,2024-10-25,Grocery,1346.16,2,15,2288.47,Wallet,0
TXN01257,CUST0999,2024-06-02,Home & Kitchen,10194.39,3,0,30583.17,UPI,0
TXN01258,CUST0532,2024-03-27,Home & Kitchen,9798.68,2,10,17637.62,Credit Card,0
TXN01259,CUST0149,2023-11-03,Sports,4962.11,5,20,19848.44,Credit Card,0
TXN01260,CUST0658,2024-10-09,Books,977.94,5,5,4645.22,UPI,0
TXN01261,CUST0579,2023-07-03,Home & Kitchen,12355.23,3,5,35212.41,Credit Card,0
TXN01262,CUST0992,2023-11-10,Travel,4498.23,5,20,17992.92,UPI,0
TXN01263,CUST0952,2023-12-07,Sports,5737.08,5,0,28685.4,Wallet,0
TXN01264,CUST0484,2023-08-15,Jewellery,38410.65,2,20,61457.04,Credit Card,0
TXN01265,CUST0024,2023-09-21,Sports,6826.05,1,5,6484.75,Credit Card,0
TXN01266,CUST0792,2024-03-25,Grocery,2024.13,4,0,8096.52,Credit Card,0
TXN01267,CUST0992,2023-09-08,Electronics,43750.73,3,0,131252.19,Credit Card,0
TXN01268,CUST0731,2024-02-12,Travel,59536.85,1,0,59536.85,UPI,0
TXN01269,CUST0277,2023-06-19,Travel,6113.43,3,0,18340.29,Credit Card,0
TXN01270,CUST0860,2024-07-19,Beauty,2607.91,1,15,2216.72,Debit Card,1
TXN01271,CUST0483,2023-05-12,Travel,8210.74,5,0,41053.7,Debit Card,1
TXN01272,CUST0869,2024-08-28,Travel,12107.78,3,25,27242.51,Wallet,0
TXN01273,CUST0649,2023-02-15,Grocery,1272.51,1,10,1145.26,Debit Card,0
TXN01274,CUST0608,2023-12-16,Toys,875.5,4,10,3151.8,Credit Card,0
TXN01275,CUST0296,2023-04-09,Travel,57930.17,5,5,275168.31,Credit Card,0
TXN01276,CUST0572,2023-02-06,Electronics,76009.23,3,15,193823.54,UPI,0
TXN01277,CUST0667,2024-03-13,Fashion,3020.82,3,10,8156.21,Credit Card,1
TXN01278,CUST0420,2023-03-16,Grocery,1991.29,1,0,1991.29,Credit Card,0
TXN01279,CUST0184,2023-02-27,Grocery,1694.51,3,20,4066.82,Wallet,1
TXN01280,CUST0770,2023-01-19,Toys,3317.67,5,5,15758.93,Credit Card,0
TXN01281,CUST0911,2024-02-06,Beauty,3248.99,2,0,6497.98,Credit Card,0
TXN01282,CUST0829,2023-07-07,Toys,300.93,1,10,270.84,Net Banking,0
TXN01283,CUST0474,2023-05-19,Sports,9300.19,4,10,33480.68,Credit Card,0
TXN01284,CUST0614,2023-05-23,Fashion,6101.36,3,0,18304.08,Credit Card,0
TXN01285,CUST0227,2023-04-18,Home & Kitchen,8038.06,5,20,32152.24,Credit Card,0
TXN01286,CUST0396,2023-08-09,Jewellery,45340.11,3,15,115617.28,UPI,0
TXN01287,CUST0084,2023-05-25,Home & Kitchen,13699.94,4,15,46579.8,Wallet,0
TXN01288,CUST0013,2024-05-24,Beauty,2762.38,5,5,13121.3,UPI,0
TXN01289,CUST0597,2024-01-11,Beauty,3157.54,4,30,8841.11,Credit Card,0
TXN01290,CUST0525,2023-01-05,Travel,59801.76,5,0,299008.8,Credit Card,0
TXN01291,CUST0353,2024-01-23,Toys,1405.63,2,10,2530.13,Debit Card,0
TXN01292,CUST0027,2024-07-21,Sports,4300.64,5,5,20428.04,UPI,0
TXN01293,CUST0173,2024-07-13,Travel,13418.11,4,15,45621.57,UPI,0
TXN01294,CUST0231,2023-06-12,Books,1359.42,1,0,1359.42,UPI,1
TXN01295,CUST0026,2023-12-31,Sports,9087.17,2,0,18174.34,Wallet,0
TXN01296,CUST0117,2024-02-21,Beauty,796.52,3,20,1911.65,Credit Card,0
TXN01297,CUST0874,2024-05-23,Beauty,4914.31,2,5,9337.19,Credit Card,0
TXN01298,CUST0579,2024-09-03,Grocery,2246.69,2,5,4268.71,Net Banking,0
TXN01299,CUST0703,2023-01-21,Books,1298.2,3,10,3505.14,Credit Card,0
TXN01300,CUST0484,2024-09-05,Travel,5744.59,5,15,24414.51,Debit Card,0
TXN01301,CUST0447,2024-05-31,Beauty,2673.32,2,0,5346.64,Debit Card,0
TXN01302,CUST0441,2023-07-16,Books,1093.11,2,0,2186.22,Debit Card,0
TXN01303,CUST0988,2024-10-22,Fashion,4572.1,1,30,3200.47,Credit Card,0
TXN01304,CUST0551,2023-12-11,Jewellery,33999.08,1,10,30599.17,Wallet,0
TXN01305,CUST0395,2023-11-26,Toys,3326.13,4,5,12639.29,Credit Card,0
TXN01306,CUST0249,2024-01-13,Beauty,2059.38,3,20,4942.51,Debit Card,0
TXN01307,CUST0293,2023-07-30,Fashion,6865.02,5,10,30892.59,Credit Card,0
TXN01308,CUST0143,2023-06-09,Sports,2457.24,5,0,12286.2,Net Banking,0
TXN01309,CUST0031,2024-10-19,Toys,1302.28,4,0,5209.12,Credit Card,0
TXN01310,CUST0677,2024-07-23,Books,208.52,5,5,990.47,UPI,0
TXN01311,CUST0289,2023-12-20,Toys,1648.38,5,20,6593.52,Credit Card,0
TXN01312,CUST0239,2023-08-28,Home & Kitchen,6194.72,1,0,6194.72,Debit Card,0
TXN01313,CUST0263,2023-03-20,Grocery,2454.76,5,0,12273.8,UPI,0
TXN01314,CUST0373,2023-06-01,Books,1031.73,5,20,4126.92,Credit Card,0
TXN01315,CUST0755,2024-05-31,Fashion,3775.42,4,0,15101.68,Debit Card,0
TXN01316,CUST0990,2024-01-18,Beauty,3364.94,4,10,12113.78,UPI,0
TXN01317,CUST0865,2024-11-23,Books,221.26,2,0,442.52,Credit Card,0
TXN01318,CUST0082,2023-12-18,Electronics,18520.37,5,10,83341.66,Wallet,0
TXN01319,CUST0216,2023-07-20,Home & Kitchen,9702.66,5,5,46087.64,Credit Card,0
TXN01320,CUST0941,2023-05-13,Fashion,5310.25,5,0,26551.25,UPI,0
TXN01321,CUST0514,2024-09-25,Sports,9425.14,1,10,8482.63,Net Banking,0
TXN01322,CUST0681,2023-06-18,Electronics,35224.98,5,15,149706.16,Debit Card,0
TXN01323,CUST0686,2024-01-26,Books,1125.45,1,15,956.63,Credit Card,0
TXN01324,CUST0181,2024-01-20,Grocery,2115.14,2,10,3807.25,Credit Card,0
TXN01325,CUST0070,2023-04-08,Electronics,77254.5,3,10,208587.15,Wallet,0
TXN01326,CUST0859,2024-01-12,Toys,1095.98,5,10,4931.91,UPI,0
TXN01327,CUST0578,2023-12-06,Books,894.77,4,10,3221.17,Debit Card,0
TXN01328,CUST0952,2024-06-14,Fashion,5013.23,4,15,17044.98,Credit Card,0
TXN01329,CUST0830,2023-05-12,Books,1498.17,5,15,6367.22,Credit Card,0
TXN01330,CUST0090,2024-08-30,Grocery,763.32,1,10,686.99,UPI,0
TXN01331,CUST0738,2023-07-29,Jewellery,27114.46,4,0,108457.84,Wallet,0
TXN01332,CUST0224,2023-01-05,Toys,1580.89,4,0,6323.56,Credit Card,0
TXN01333,CUST0351,2024-01-12,Beauty,2771.7,2,0,5543.4,UPI,0
TXN01334,CUST0576,2024-10-01,Books,463.37,2,25,695.06,Credit Card,0
TXN01335,CUST0502,2023-02-23,Grocery,333.31,2,15,566.63,UPI,0
TXN01336,CUST0178,2024-05-12,Electronics,47942.41,4,10,172592.68,Debit Card,0
TXN01337,CUST0003,2023-07-17,Electronics,30189.07,4,0,120756.28,UPI,0
TXN01338,CUST0029,2024-03-16,Fashion,1864.56,5,0,9322.8,Wallet,0
TXN01339,CUST0097,2024-12-18,Toys,1498.56,5,20,5994.24,UPI,1
TXN01340,CUST0203,2023-06-29,Electronics,8696.02,1,20,6956.82,Wallet,0
TXN01341,CUST0021,2023-08-29,Beauty,4767.08,4,0,19068.32,Credit Card,0
TXN01342,CUST0590,2023-11-16,Jewellery,29895.1,5,15,127054.18,Wallet,0
TXN01343,CUST0603,2024-05-15,Jewellery,41108.9,5,5,195267.28,Net Banking,0
TXN01344,CUST0704,2024-10-11,Fashion,3673.39,2,5,6979.44,Credit Card,0
TXN01345,CUST0705,2023-01-23,Books,1369.47,2,15,2328.1,Debit Card,0
TXN01346,CUST0291,2024-09-23,Electronics,41248.87,2,10,74247.97,Wallet,0
TXN01347,CUST0615,2024-09-18,Grocery,1807.05,3,15,4607.98,Credit Card,0
TXN01348,CUST0043,2024-08-16,Sports,6206.45,5,0,31032.25,Debit Card,0
TXN01349,CUST0598,2024-12-08,Jewellery,37197.36,2,5,70674.98,UPI,0
TXN01350,CUST0692,2023-06-29,Travel,35299.4,2,5,67068.86,Credit Card,0
TXN01351,CUST0492,2023-06-24,Fashion,2536.99,4,5,9640.56,UPI,0
TXN01352,CUST0970,2023-07-17,Books,346.48,2,10,623.66,Debit Card,0
TXN01353,CUST0741,2024-06-21,Home & Kitchen,9406.97,4,0,37627.88,Credit Card,0
TXN01354,CUST0230,2024-03-29,Fashion,4168.85,1,5,3960.41,UPI,0
TXN01355,CUST0010,2023-04-09,Grocery,468.73,2,5,890.59,Debit Card,0
TXN01356,CUST0828,2024-03-02,Sports,5110.04,4,15,17374.14,Net Banking,0
TXN01357,CUST0049,2024-03-28,Travel,32342.26,2,10,58216.07,UPI,0
TXN01358,CUST0416,2023-07-10,Jewellery,41690.88,1,15,35437.25,Debit Card,0
TXN01359,CUST0389,2024-07-31,Toys,581.57,2,0,1163.14,UPI,0
TXN01360,CUST0487,2024-05-13,Travel,22864.23,4,5,86884.07,UPI,0
TXN01361,CUST0346,2024-09-07,Jewellery,41487.49,1,0,41487.49,Wallet,0
TXN01362,CUST0236,2023-07-10,Home & Kitchen,10007.62,1,0,10007.62,UPI,0
TXN01363,CUST0229,2023-05-21,Home & Kitchen,4917.41,1,0,4917.41,Debit Card,0
TXN01364,CUST0865,2024-11-21,Jewellery,42576.09,3,0,127728.27,Debit Card,0
TXN01365,CUST0346,2023-06-24,Toys,2125.19,4,10,7650.68,Net Banking,0
TXN01366,CUST0948,2024-02-24,Fashion,4237.64,3,30,8899.04,UPI,0
TXN01367,CUST0525,2024-11-06,Toys,3913.37,1,0,3913.37,Credit Card,0
TXN01368,CUST0802,2024-03-09,Electronics,76033.74,3,20,182480.98,UPI,1
TXN01369,CUST0834,2024-03-15,Jewellery,19209.57,2,0,38419.14,Debit Card,0
TXN01370,CUST0678,2024-06-14,Jewellery,8747.8,3,15,22306.89,Credit Card,0
TXN01371,CUST0830,2024-06-15,Toys,1504.97,5,10,6772.37,UPI,1
TXN01372,CUST0002,2023-12-27,Beauty,443.27,1,25,332.45,Credit Card,0
TXN01373,CUST0456,2024-03-21,Beauty,397.61,1,0,397.61,UPI,1
TXN01374,CUST0782,2024-07-09,Grocery,1307.46,4,5,4968.35,Credit Card,0
TXN01375,CUST0486,2024-12-08,Beauty,4722.79,2,0,9445.58,Credit Card,1
TXN01376,CUST0831,2024-12-07,Home & Kitchen,13173.27,4,5,50058.43,Credit Card,0
TXN01377,CUST0853,2023-12-23,Electronics,43358.21,3,25,97555.97,Debit Card,0
TXN01378,CUST0788,2024-07-14,Jewellery,29130.87,5,15,123806.2,Credit Card,0
TXN01379,CUST0302,2023-02-28,Travel,3338.21,5,15,14187.39,Net Banking,1
TXN01380,CUST0992,2024-10-05,Home & Kitchen,3860.12,5,10,17370.54,Credit Card,0
TXN01381,CUST0271,2023-06-16,Grocery,269.37,5,20,1077.48,Net Banking,0
TXN01382,CUST0394,2024-10-08,Sports,9201.75,2,5,17483.32,Debit Card,0
TXN01383,CUST0592,2024-08-23,Electronics,15923.43,3,0,47770.29,Wallet,0
TXN01384,CUST0365,2023-09-20,Beauty,4384.52,5,20,17538.08,Credit Card,0
TXN01385,CUST0658,2024-03-06,Books,1018.49,1,0,1018.49,Credit Card,0
TXN01386,CUST0425,2024-09-19,Fashion,2220.64,3,0,6661.92,UPI,1
TXN01387,CUST0848,2023-07-15,Travel,11990.06,2,0,23980.12,UPI,0
TXN01388,CUST0432,2023-12-20,Jewellery,32125.99,5,10,144566.96,Debit Card,0
TXN01389,CUST0014,2024-09-11,Sports,10869.54,2,10,19565.17,Credit Card,1
TXN01390,CUST0505,2023-02-16,Fashion,5887.7,5,0,29438.5,Debit Card,0
TXN01391,CUST0430,2023-11-05,Toys,1589.62,1,15,1351.18,Credit Card,0
TXN01392,CUST0796,2023-08-18,Toys,2473.32,3,15,6306.97,Debit Card,0
TXN01393,CUST0243,2024-02-15,Electronics,28307.13,1,25,21230.35,Debit Card,0
TXN01394,CUST0220,2023-11-12,Electronics,79936.22,5,10,359712.99,UPI,0
TXN01395,CUST0221,2023-03-18,Electronics,61162.94,4,15,207954.0,Wallet,0
TXN01396,CUST0647,2023-03-03,Home & Kitchen,9524.22,3,15,24286.76,Credit Card,0
TXN01397,CUST0873,2024-07-24,Home & Kitchen,6810.28,2,0,13620.56,UPI,0
TXN01398,CUST0572,2023-08-26,Toys,2587.16,5,5,12289.01,Credit Card,0
TXN01399,CUST0172,2024-12-01,Electronics,30621.2,1,10,27559.08,Credit Card,1
TXN01400,CUST0129,2024-07-21,Travel,4645.3,4,0,18581.2,UPI,0
TXN01401,CUST0431,2023-03-19,Grocery,1306.25,5,0,6531.25,UPI,0
TXN01402,CUST0721,2024-07-12,Electronics,74786.06,2,10,134614.91,Wallet,0
TXN01403,CUST0845,2024-10-11,Jewellery,32062.45,1,0,32062.45,UPI,1
TXN01404,CUST0326,2024-02-20,Travel,7785.48,3,0,23356.44,Credit Card,0
TXN01405,CUST0826,2023-01-24,Jewellery,44479.69,4,10,160126.88,Credit Card,0
TXN01406,CUST0599,2023-01-29,Books,512.98,5,15,2180.16,UPI,0
TXN01407,CUST0662,2024-05-05,Toys,1201.95,5,20,4807.8,Debit Card,1
TXN01408,CUST0103,2023-05-15,Electronics,27281.82,5,10,122768.19,Credit Card,0
TXN01409,CUST0212,2023-12-17,Beauty,3012.85,5,10,13557.82,Debit Card,1
TXN01410,CUST0209,2023-12-16,Fashion,4585.16,1,5,4355.9,Wallet,0
TXN01411,CUST0782,2023-10-08,Electronics,41856.03,3,0,125568.09,UPI,0
TXN01412,CUST0684,2024-04-20,Grocery,2209.1,2,0,4418.2,Debit Card,1
TXN01413,CUST0572,2023-10-19,Books,577.33,4,15,1962.92,Wallet,0
TXN01414,CUST0216,2023-07-08,Electronics,63654.84,5,10,286446.78,UPI,0
TXN01415,CUST0915,2024-08-05,Fashion,1814.91,5,15,7713.37,Credit Card,0
TXN01416,CUST0449,2024-02-23,Fashion,6369.66,3,15,16242.63,Credit Card,0
TXN01417,CUST0875,2024-04-12,Home & Kitchen,10226.1,3,0,30678.3,UPI,0
TXN01418,CUST0484,2023-07-25,Grocery,2112.98,1,10,1901.68,Debit Card,0
TXN01419,CUST0016,2023-08-30,Grocery,1548.35,1,5,1470.93,Net Banking,0
TXN01420,CUST0243,2023-11-02,Travel,41019.09,1,5,38968.14,Net Banking,0
TXN01421,CUST0346,2023-07-03,Beauty,675.05,4,10,2430.18,Credit Card,0
TXN01422,CUST0994,2024-04-22,Grocery,2584.34,1,30,1809.04,UPI,0
TXN01423,CUST0847,2024-05-18,Books,224.99,5,20,899.96,Debit Card,1
TXN01424,CUST0580,2023-05-08,Beauty,999.09,1,25,749.32,Debit Card,0
TXN01425,CUST0457,2024-03-24,Home & Kitchen,8990.41,4,0,35961.64,UPI,0
TXN01426,CUST0978,2023-08-18,Grocery,2270.35,1,0,2270.35,UPI,0
TXN01427,CUST0297,2023-02-10,Home & Kitchen,1882.77,1,0,1882.77,UPI,0
TXN01428,CUST0971,2024-11-04,Fashion,7405.74,5,0,37028.7,Credit Card,0
TXN01429,CUST0531,2024-01-27,Electronics,78020.57,5,5,370597.71,UPI,0
TXN01430,CUST0243,2023-12-06,Grocery,1896.66,5,10,8534.97,Debit Card,0
TXN01431,CUST0869,2024-10-31,Fashion,4109.33,1,10,3698.4,Debit Card,0
TXN01432,CUST0002,2023-01-21,Electronics,60604.62,5,25,227267.32,Credit Card,0
TXN01433,CUST0455,2023-12-13,Electronics,29626.8,3,25,66660.3,UPI,0
TXN01434,CUST0473,2023-01-10,Fashion,4199.48,2,0,8398.96,Credit Card,0
TXN01435,CUST0676,2023-03-28,Jewellery,45975.25,2,20,73560.4,Credit Card,0
TXN01436,CUST0945,2024-06-28,Beauty,4791.58,5,10,21562.11,Credit Card,1
TXN01437,CUST0608,2023-12-05,Jewellery,46499.32,4,10,167397.55,Net Banking,0
TXN01438,CUST0737,2024-12-15,Toys,1271.06,5,15,5402.0,Credit Card,0
TXN01439,CUST0837,2023-01-04,Sports,3250.15,5,0,16250.75,UPI,0
TXN01440,CUST0817,2023-01-23,Electronics,27324.84,1,20,21859.87,Credit Card,0
TXN01441,CUST0325,2023-07-16,Travel,28154.73,4,15,95726.08,UPI,0
TXN01442,CUST0534,2024-05-12,Beauty,1776.59,5,20,7106.36,UPI,0
TXN01443,CUST0109,2023-09-30,Electronics,33065.96,3,30,69438.52,Credit Card,0
TXN01444,CUST0597,2024-03-26,Books,987.86,2,10,1778.15,Credit Card,0
TXN01445,CUST0068,2023-04-17,Travel,46463.96,3,0,139391.88,Credit Card,0
TXN01446,CUST0181,2024-01-13,Toys,3021.57,3,0,9064.71,UPI,0
TXN01447,CUST0993,2023-07-19,Toys,3313.37,3,5,9443.1,Credit Card,0
TXN01448,CUST0484,2024-12-27,Books,193.45,4,0,773.8,Debit Card,0
TXN01449,CUST0384,2023-01-02,Fashion,858.0,4,20,2745.6,Credit Card,0
TXN01450,CUST0014,2023-05-01,Beauty,4010.1,4,0,16040.4,Debit Card,0
TXN01451,CUST0649,2024-09-06,Home & Kitchen,8369.72,2,30,11717.61,UPI,0
TXN01452,CUST0587,2023-05-29,Beauty,3017.26,1,15,2564.67,Credit Card,0
TXN01453,CUST0671,2023-06-01,Travel,5997.45,5,0,29987.25,Net Banking,0
TXN01454,CUST0243,2024-07-18,Jewellery,14255.06,5,10,64147.77,Wallet,0
TXN01455,CUST0080,2024-11-08,Home & Kitchen,9864.63,1,10,8878.17,Credit Card,0
TXN01456,CUST0059,2023-11-02,Toys,3478.97,5,10,15655.36,UPI,1
TXN01457,CUST0954,2024-11-09,Toys,3692.84,3,10,9970.67,Debit Card,0
TXN01458,CUST0495,2024-04-19,Fashion,4253.15,2,0,8506.3,UPI,0
TXN01459,CUST0514,2023-12-30,Sports,6818.41,5,15,28978.24,Debit Card,0
TXN01460,CUST0865,2023-03-12,Beauty,4215.33,2,10,7587.59,Net Banking,0
TXN01461,CUST0656,2024-10-01,Fashion,4532.18,1,15,3852.35,Debit Card,0
TXN01462,CUST0053,2023-02-02,Travel,32460.94,5,20,129843.76,Net Banking,0
TXN01463,CUST0840,2023-06-06,Home & Kitchen,13652.19,2,0,27304.38,UPI,0
TXN01464,CUST0550,2023-11-26,Books,1216.41,3,0,3649.23,Credit Card,0
TXN01465,CUST0804,2024-12-16,Electronics,73180.44,3,15,186610.12,Credit Card,0
TXN01466,CUST0849,2024-12-07,Jewellery,12475.86,1,30,8733.1,UPI,0
TXN01467,CUST0362,2024-01-22,Travel,32889.4,4,5,124979.72,Debit Card,0
TXN01468,CUST0929,2024-09-12,Electronics,68185.41,5,0,340927.05,Wallet,0
TXN01469,CUST0658,2023-06-08,Beauty,822.39,3,0,2467.17,Wallet,1
TXN01470,CUST0364,2024-06-22,Books,1222.79,3,0,3668.37,UPI,0
TXN01471,CUST0163,2023-08-15,Toys,977.0,1,5,928.15,Debit Card,0
TXN01472,CUST0143,2023-09-09,Fashion,6560.89,3,5,18698.54,Credit Card,0
TXN01473,CUST0431,2024-01-02,Home & Kitchen,9490.41,5,15,40334.24,Net Banking,0
TXN01474,CUST0992,2023-09-19,Fashion,1949.27,1,0,1949.27,Credit Card,0
TXN01475,CUST0364,2024-10-07,Home & Kitchen,7521.63,2,0,15043.26,Debit Card,0
TXN01476,CUST0703,2024-06-21,Sports,8373.72,1,5,7955.03,Debit Card,0
TXN01477,CUST0626,2023-02-12,Sports,7825.92,5,20,31303.68,Wallet,0
TXN01478,CUST0320,2024-06-14,Fashion,3704.35,5,10,16669.58,Credit Card,0
TXN01479,CUST0383,2023-01-16,Home & Kitchen,13571.0,2,30,18999.4,Net Banking,0
TXN01480,CUST0255,2023-04-15,Home & Kitchen,8173.54,1,10,7356.19,Debit Card,0
TXN01481,CUST0307,2023-07-22,Electronics,42940.05,5,0,214700.25,Credit Card,1
TXN01482,CUST0998,2024-12-20,Fashion,966.88,5,0,4834.4,UPI,0
TXN01483,CUST0228,2024-11-08,Grocery,2781.94,2,15,4729.3,Credit Card,1
TXN01484,CUST0092,2023-02-28,Beauty,1132.45,4,10,4076.82,Credit Card,1
TXN01485,CUST0328,2023-02-17,Toys,2254.88,1,10,2029.39,UPI,0
TXN01486,CUST0236,2024-10-21,Sports,9760.67,5,15,41482.85,Credit Card,0
TXN01487,CUST0581,2023-10-04,Grocery,803.27,3,15,2048.34,Debit Card,0
TXN01488,CUST0649,2024-02-16,Sports,6612.06,2,0,13224.12,Debit Card,0
TXN01489,CUST0268,2023-06-27,Books,474.92,4,20,1519.74,UPI,0
TXN01490,CUST0737,2023-04-24,Sports,9260.52,4,10,33337.87,UPI,0
TXN01491,CUST0053,2023-10-23,Travel,35167.45,2,5,66818.15,Credit Card,0
TXN01492,CUST0697,2024-12-30,Sports,10358.12,4,10,37289.23,Credit Card,0
TXN01493,CUST0426,2024-03-13,Electronics,72091.85,5,10,324413.32,Credit Card,1
TXN01494,CUST0446,2023-09-23,Grocery,2016.45,4,0,8065.8,Debit Card,0
TXN01495,CUST0298,2023-06-11,Books,1129.28,1,5,1072.82,Debit Card,0
TXN01496,CUST0457,2024-05-18,Home & Kitchen,8598.93,3,5,24506.95,Credit Card,1
TXN01497,CUST0675,2023-02-05,Home & Kitchen,6258.89,5,5,29729.73,UPI,0
TXN01498,CUST0393,2024-08-09,Books,1024.96,2,0,2049.92,Wallet,0
TXN01499,CUST0395,2024-04-02,Jewellery,45597.85,3,0,136793.55,Net Banking,0
TXN01500,CUST0031,2024-10-08,Fashion,3625.1,5,0,18125.5,Credit Card,0
TXN01501,CUST0130,2024-01-06,Jewellery,17091.68,3,5,48711.29,Debit Card,0
TXN01502,CUST0945,2024-04-30,Grocery,1287.62,4,20,4120.38,Net Banking,0
TXN01503,CUST0058,2023-09-29,Sports,5563.53,2,0,11127.06,Debit Card,0
TXN01504,CUST0724,2023-06-28,Home & Kitchen,1844.57,2,5,3504.68,Net Banking,0
TXN01505,CUST0683,2024-04-24,Electronics,42383.14,1,5,40263.98,Net Banking,0
TXN01506,CUST0926,2023-06-08,Jewellery,25727.08,4,15,87472.07,Credit Card,0
TXN01507,CUST0071,2023-07-23,Sports,7308.26,1,0,7308.26,Debit Card,0
TXN01508,CUST0027,2023-10-05,Toys,1642.43,1,0,1642.43,Credit Card,1
TXN01509,CUST0397,2023-05-23,Fashion,5098.31,4,0,20393.24,Credit Card,0
TXN01510,CUST0051,2024-06-03,Books,1335.59,5,30,4674.56,Net Banking,0
TXN01511,CUST0565,2024-05-26,Sports,11492.37,1,10,10343.13,Wallet,0
TXN01512,CUST0547,2023-04-26,Fashion,4877.09,3,0,14631.27,Wallet,0
TXN01513,CUST0810,2024-01-27,Fashion,819.43,5,0,4097.15,Credit Card,0
TXN01514,CUST0484,2023-12-09,Home & Kitchen,14563.15,4,0,58252.6,Wallet,0
TXN01515,CUST0871,2024-01-08,Home & Kitchen,10823.24,2,0,21646.48,Net Banking,0
TXN01516,CUST0658,2024-11-18,Grocery,1140.7,5,15,4847.97,Net Banking,1
TXN01517,CUST0015,2024-12-26,Toys,844.48,1,10,760.03,Wallet,1
TXN01518,CUST0743,2024-01-04,Books,343.62,3,10,927.77,Debit Card,0
TXN01519,CUST0699,2023-08-03,Fashion,1758.08,4,5,6680.7,Credit Card,0
TXN01520,CUST0502,2024-05-25,Grocery,327.6,2,10,589.68,Credit Card,1
TXN01521,CUST0328,2024-07-22,Travel,54422.79,3,0,163268.37,Credit Card,0
TXN01522,CUST0879,2023-11-23,Jewellery,27956.88,2,5,53118.07,UPI,0
TXN01523,CUST0276,2023-02-06,Beauty,3589.81,4,15,12205.35,Debit Card,0
TXN01524,CUST0275,2024-01-15,Fashion,6710.81,5,0,33554.05,Debit Card,0
TXN01525,CUST0955,2024-05-26,Grocery,2416.31,1,10,2174.68,Credit Card,0
TXN01526,CUST0578,2023-11-20,Toys,3565.64,4,20,11410.05,Wallet,1
TXN01527,CUST0823,2024-01-04,Home & Kitchen,14535.02,3,0,43605.06,Credit Card,0
TXN01528,CUST0217,2023-08-12,Fashion,3793.03,5,20,15172.12,Debit Card,0
TXN01529,CUST0682,2024-12-13,Fashion,7627.52,2,0,15255.04,Debit Card,0
TXN01530,CUST0700,2023-04-10,Sports,8845.51,5,5,42016.17,Credit Card,0
TXN01531,CUST0979,2023-03-16,Toys,561.47,5,10,2526.62,UPI,0
TXN01532,CUST0609,2024-12-24,Books,1070.41,3,10,2890.11,Debit Card,0
TXN01533,CUST0461,2024-03-12,Home & Kitchen,10551.38,1,0,10551.38,Debit Card,0
TXN01534,CUST0516,2024-12-03,Fashion,7293.95,5,15,30999.29,Net Banking,0
TXN01535,CUST0292,2024-01-03,Jewellery,19900.74,5,30,69652.59,Credit Card,0
TXN01536,CUST0782,2023-03-04,Home & Kitchen,9105.74,1,0,9105.74,Net Banking,0
TXN01537,CUST0282,2024-09-15,Jewellery,2585.0,1,20,2068.0,Net Banking,0
TXN01538,CUST0975,2024-10-16,Beauty,1860.75,2,10,3349.35,Net Banking,0
TXN01539,CUST0673,2023-04-09,Books,234.03,2,25,351.04,Debit Card,0
TXN01540,CUST0865,2023-08-13,Beauty,2752.8,1,0,2752.8,Credit Card,0
TXN01541,CUST0754,2023-03-16,Fashion,6630.86,4,15,22544.92,Debit Card,0
TXN01542,CUST0823,2024-12-10,Sports,2953.45,1,0,2953.45,Credit Card,0
TXN01543,CUST0178,2023-07-03,Books,862.05,2,20,1379.28,Credit Card,1
TXN01544,CUST0688,2023-10-20,Sports,2925.7,3,15,7460.53,Credit Card,0
TXN01545,CUST0422,2023-02-26,Grocery,537.93,3,5,1533.1,Debit Card,0
TXN01546,CUST0792,2023-09-06,Travel,32126.82,5,0,160634.1,Credit Card,0
TXN01547,CUST0678,2024-09-17,Toys,592.85,3,20,1422.84,Wallet,0
TXN01548,CUST0222,2024-04-13,Grocery,1844.59,2,10,3320.26,UPI,0
TXN01549,CUST0072,2023-05-20,Beauty,447.29,3,5,1274.78,Credit Card,0
TXN01550,CUST0785,2023-12-25,Jewellery,7122.32,4,5,27064.82,Net Banking,0
TXN01551,CUST0925,2024-07-06,Beauty,2884.99,1,20,2307.99,Wallet,0
TXN01552,CUST0388,2024-02-12,Books,948.4,1,5,900.98,Credit Card,0
TXN01553,CUST0538,2024-04-18,Books,189.13,2,0,378.26,Credit Card,0
TXN01554,CUST0099,2024-10-26,Beauty,2994.87,5,25,11230.76,Debit Card,0
TXN01555,CUST0563,2024-03-21,Fashion,6788.77,1,5,6449.33,Net Banking,0
TXN01556,CUST0971,2023-08-20,Beauty,3694.89,3,5,10530.44,Credit Card,0
TXN01557,CUST0705,2024-09-08,Books,327.1,4,0,1308.4,UPI,0
TXN01558,CUST0233,2024-09-09,Books,949.84,5,20,3799.36,UPI,0
TXN01559,CUST0837,2023-10-27,Home & Kitchen,10345.99,5,0,51729.95,UPI,0
TXN01560,CUST0763,2024-10-03,Electronics,7792.34,5,10,35065.53,Debit Card,0
TXN01561,CUST0921,2024-03-01,Sports,10350.96,1,20,8280.77,Debit Card,0
TXN01562,CUST0051,2023-06-10,Grocery,2737.55,5,0,13687.75,Credit Card,0
TXN01563,CUST0803,2024-02-05,Beauty,4297.13,2,20,6875.41,Debit Card,0
TXN01564,CUST0632,2024-01-13,Home & Kitchen,12509.77,3,5,35652.84,UPI,0
TXN01565,CUST0759,2023-09-14,Fashion,6087.24,4,15,20696.62,Net Banking,0
TXN01566,CUST0744,2024-05-08,Books,1005.13,3,5,2864.62,Net Banking,0
TXN01567,CUST0476,2024-05-03,Beauty,3489.55,2,15,5932.24,Credit Card,0
TXN01568,CUST0292,2023-07-01,Books,1238.63,2,0,2477.26,Credit Card,1
TXN01569,CUST0121,2024-06-09,Jewellery,33799.93,3,0,101399.79,Net Banking,0
TXN01570,CUST0965,2023-04-10,Home & Kitchen,5453.72,1,25,4090.29,Wallet,0
TXN01571,CUST0604,2023-12-24,Beauty,2067.02,2,0,4134.04,Credit Card,0
TXN01572,CUST0722,2023-08-19,Jewellery,45058.76,5,20,180235.04,UPI,0
TXN01573,CUST0395,2024-07-18,Travel,3975.96,4,0,15903.84,Debit Card,0
TXN01574,CUST0417,2023-01-06,Home & Kitchen,10723.25,4,5,40748.35,Debit Card,0
TXN01575,CUST0765,2023-03-31,Beauty,4787.45,2,20,7659.92,UPI,0
TXN01576,CUST0673,2023-03-05,Beauty,3619.27,5,0,18096.35,Net Banking,0
TXN01577,CUST0826,2023-03-29,Toys,3977.47,3,20,9545.93,Credit Card,0
TXN01578,CUST0941,2023-02-02,Home & Kitchen,10563.14,4,10,38027.3,UPI,0
TXN01579,CUST0655,2023-03-13,Home & Kitchen,1287.96,5,5,6117.81,UPI,0
TXN01580,CUST0332,2024-07-09,Books,1266.46,5,15,5382.46,Debit Card,0
TXN01581,CUST0720,2023-09-10,Beauty,1637.76,1,5,1555.87,UPI,0
TXN01582,CUST0192,2023-04-17,Sports,5685.05,2,5,10801.6,Credit Card,0
TXN01583,CUST0755,2024-05-28,Sports,4157.85,5,15,17670.86,Credit Card,1
TXN01584,CUST0484,2023-05-16,Sports,3661.52,3,5,10435.33,UPI,0
TXN01585,CUST0883,2024-09-20,Travel,27590.13,4,0,110360.52,Debit Card,0
TXN01586,CUST0053,2024-02-13,Beauty,2080.13,1,20,1664.1,Credit Card,0
TXN01587,CUST0794,2023-05-01,Beauty,3276.69,3,20,7864.06,Debit Card,0
TXN01588,CUST0304,2024-04-22,Jewellery,41031.26,4,10,147712.54,UPI,0
TXN01589,CUST0180,2023-04-04,Toys,1399.23,2,10,2518.61,Debit Card,0
TXN01590,CUST0914,2024-05-19,Home & Kitchen,3834.84,3,15,9778.84,Debit Card,0
TXN01591,CUST0236,2023-01-07,Books,1050.31,4,10,3781.12,UPI,0
TXN01592,CUST0891,2024-08-22,Toys,2780.18,1,5,2641.17,Credit Card,0
TXN01593,CUST0383,2024-11-24,Jewellery,45254.3,4,30,126712.04,Debit Card,0
TXN01594,CUST0743,2023-07-10,Beauty,374.94,5,0,1874.7,Credit Card,0
TXN01595,CUST0429,2024-04-01,Grocery,2588.51,1,10,2329.66,Debit Card,0
TXN01596,CUST0379,2024-12-20,Home & Kitchen,8198.23,3,20,19675.75,UPI,0
TXN01597,CUST0632,2024-01-21,Travel,38414.22,2,15,65304.17,Credit Card,0
TXN01598,CUST0716,2023-10-05,Sports,1641.63,1,20,1313.3,Credit Card,1
TXN01599,CUST0572,2024-03-23,Travel,27659.05,1,5,26276.1,Credit Card,0
TXN01600,CUST0158,2023-02-21,Beauty,1368.32,1,0,1368.32,UPI,0
TXN01601,CUST0400,2024-02-09,Jewellery,14202.8,4,20,45448.96,Credit Card,0
TXN01602,CUST0611,2024-01-31,Grocery,1611.47,5,5,7654.48,Credit Card,0
TXN01603,CUST0962,2024-11-24,Fashion,6593.42,2,15,11208.81,UPI,1
TXN01604,CUST0673,2023-07-30,Sports,9079.1,2,0,18158.2,Credit Card,0
TXN01605,CUST0002,2024-12-10,Books,947.85,5,15,4028.36,Debit Card,0
TXN01606,CUST0547,2023-09-27,Beauty,2835.27,4,10,10206.97,Wallet,0
TXN01607,CUST0236,2024-06-28,Electronics,37047.95,4,0,148191.8,Net Banking,0
TXN01608,CUST0684,2024-09-05,Grocery,2923.59,5,10,13156.16,Credit Card,0
TXN01609,CUST0741,2023-10-09,Grocery,1768.54,5,15,7516.3,UPI,0
TXN01610,CUST0533,2024-02-02,Home & Kitchen,4406.32,3,0,13218.96,UPI,0
TXN01611,CUST0911,2023-08-04,Travel,16115.18,4,10,58014.65,Wallet,0
TXN01612,CUST0861,2024-03-07,Sports,7569.42,1,10,6812.48,Debit Card,0
TXN01613,CUST0317,2023-11-17,Beauty,2757.29,2,0,5514.58,UPI,0
TXN01614,CUST0372,2024-09-30,Electronics,5577.34,4,15,18962.96,Net Banking,0
TXN01615,CUST0928,2024-05-07,Sports,10062.75,5,5,47798.06,Credit Card,0
TXN01616,CUST0993,2024-08-28,Jewellery,35797.87,1,0,35797.87,UPI,0
TXN01617,CUST0288,2024-08-08,Electronics,54637.2,3,10,147520.44,Debit Card,0
TXN01618,CUST0734,2023-05-08,Toys,554.49,3,15,1413.95,Wallet,1
TXN01619,CUST0329,2023-03-15,Toys,1639.61,1,25,1229.71,Wallet,0
TXN01620,CUST0831,2024-04-20,Grocery,2819.07,1,0,2819.07,Credit Card,0
TXN01621,CUST0606,2024-03-27,Jewellery,43404.28,5,5,206170.33,Credit Card,0
TXN01622,CUST0534,2024-04-06,Toys,1356.51,5,0,6782.55,Credit Card,0
TXN01623,CUST0364,2024-03-13,Grocery,639.76,2,15,1087.59,Credit Card,1
TXN01624,CUST0387,2023-09-13,Travel,28598.01,2,5,54336.22,Debit Card,0
TXN01625,CUST0468,2024-03-23,Beauty,1972.4,3,15,5029.62,Debit Card,1
TXN01626,CUST0472,2023-04-12,Grocery,2110.23,1,5,2004.72,UPI,1
TXN01627,CUST0161,2024-07-12,Beauty,4842.24,3,20,11621.38,UPI,0
TXN01628,CUST0532,2024-11-07,Jewellery,19424.07,5,10,87408.32,Credit Card,1
TXN01629,CUST0016,2023-10-10,Home & Kitchen,1683.58,4,25,5050.74,UPI,0
TXN01630,CUST0297,2023-07-23,Sports,10832.8,5,0,54164.0,Wallet,0
TXN01631,CUST0178,2023-03-27,Grocery,306.26,4,10,1102.54,Debit Card,0
TXN01632,CUST0256,2023-11-20,Grocery,2867.74,1,15,2437.58,Credit Card,0
TXN01633,CUST0307,2023-06-13,Beauty,3423.52,1,10,3081.17,Credit Card,0
TXN01634,CUST0649,2023-02-26,Toys,3784.25,1,0,3784.25,Credit Card,0
TXN01635,CUST0955,2023-07-25,Toys,1038.74,2,30,1454.24,UPI,0
TXN01636,CUST0700,2024-03-04,Grocery,313.96,2,0,627.92,Credit Card,0
TXN01637,CUST0999,2023-05-28,Toys,2106.38,4,0,8425.52,Net Banking,0
TXN01638,CUST0034,2023-10-28,Toys,1967.31,3,10,5311.74,Net Banking,0
TXN01639,CUST0993,2023-10-17,Grocery,1128.18,3,10,3046.09,Debit Card,0
TXN01640,CUST0978,2023-01-21,Travel,57586.42,4,15,195793.83,Debit Card,0
TXN01641,CUST0952,2023-05-17,Travel,49887.27,2,5,94785.81,UPI,1
TXN01642,CUST0090,2024-01-04,Fashion,5461.87,5,5,25943.88,Net Banking,0
TXN01643,CUST0216,2024-06-05,Travel,12282.92,4,10,44218.51,Credit Card,0
TXN01644,CUST0474,2024-07-10,Fashion,6007.43,3,5,17121.18,Wallet,0
TXN01645,CUST0663,2024-03-11,Jewellery,36896.6,4,25,110689.8,UPI,0
TXN01646,CUST0079,2023-01-30,Books,723.84,4,20,2316.29,Debit Card,0
TXN01647,CUST0153,2024-03-23,Sports,11142.56,1,10,10028.3,Debit Card,0
TXN01648,CUST0461,2023-08-13,Books,375.42,2,0,750.84,Debit Card,0
TXN01649,CUST0977,2024-01-21,Toys,1289.15,1,25,966.86,Debit Card,0
TXN01650,CUST0992,2024-11-19,Electronics,9741.83,2,0,19483.66,UPI,0
TXN01651,CUST0432,2024-08-30,Toys,3243.17,4,0,12972.68,Credit Card,1
TXN01652,CUST0440,2024-03-04,Grocery,1940.93,2,0,3881.86,Credit Card,0
TXN01653,CUST0663,2024-06-12,Grocery,1081.83,3,0,3245.49,Credit Card,0
TXN01654,CUST0268,2023-01-28,Sports,2467.48,1,20,1973.98,Debit Card,0
TXN01655,CUST0530,2023-05-06,Home & Kitchen,1370.1,4,10,4932.36,Debit Card,0
TXN01656,CUST0928,2024-05-13,Home & Kitchen,3167.79,3,30,6652.36,UPI,0
TXN01657,CUST0017,2023-07-06,Home & Kitchen,7236.64,2,0,14473.28,Credit Card,0
TXN01658,CUST0326,2024-10-15,Travel,17089.09,2,10,30760.36,Credit Card,0
TXN01659,CUST0613,2024-01-07,Jewellery,14431.14,3,30,30305.39,Credit Card,0
TXN01660,CUST0921,2023-05-18,Toys,3539.63,2,20,5663.41,Credit Card,0
TXN01661,CUST0024,2023-12-03,Grocery,1642.39,1,15,1396.03,Credit Card,0
TXN01662,CUST0859,2023-08-02,Electronics,59693.9,5,0,298469.5,Net Banking,1
TXN01663,CUST0445,2023-10-18,Electronics,7678.32,2,15,13053.14,UPI,0
TXN01664,CUST0383,2024-07-23,Electronics,32387.25,4,5,123071.55,Wallet,0
TXN01665,CUST0952,2024-01-06,Home & Kitchen,7604.2,2,10,13687.56,Credit Card,0
TXN01666,CUST0216,2024-06-13,Sports,2725.15,4,10,9810.54,Net Banking,0
TXN01667,CUST0524,2024-11-22,Home & Kitchen,2506.72,2,10,4512.1,UPI,0
TXN01668,CUST0402,2024-10-31,Grocery,2636.85,2,15,4482.64,UPI,0
TXN01669,CUST0228,2024-07-02,Toys,3775.9,4,15,12838.06,Debit Card,0
TXN01670,CUST0804,2023-10-23,Toys,591.58,1,0,591.58,Debit Card,0
TXN01671,CUST0953,2024-08-13,Sports,4578.81,5,10,20604.65,Net Banking,0
TXN01672,CUST0066,2024-02-23,Jewellery,47997.71,5,15,203990.27,UPI,1
TXN01673,CUST0597,2024-10-27,Travel,7740.22,1,0,7740.22,UPI,0
TXN01674,CUST0531,2023-12-27,Electronics,53273.1,2,5,101218.89,Credit Card,0
TXN01675,CUST0103,2023-06-07,Toys,3897.22,5,0,19486.1,Credit Card,1
TXN01676,CUST0288,2023-03-16,Sports,11751.75,1,5,11164.16,Wallet,0
TXN01677,CUST0813,2024-01-07,Electronics,40341.75,1,30,28239.22,Debit Card,0
TXN01678,CUST0463,2024-07-20,Home & Kitchen,3111.04,5,0,15555.2,UPI,0
TXN01679,CUST0121,2024-12-18,Beauty,1249.8,4,10,4499.28,Debit Card,1
TXN01680,CUST0721,2024-12-27,Books,1350.96,3,15,3444.95,UPI,0
TXN01681,CUST0648,2024-06-04,Toys,3673.23,4,0,14692.92,Credit Card,0
TXN01682,CUST0756,2023-04-16,Jewellery,31178.22,2,25,46767.33,Credit Card,0
TXN01683,CUST0618,2024-01-02,Sports,9334.41,4,5,35470.76,Debit Card,0
TXN01684,CUST0742,2024-02-06,Travel,45176.08,3,20,108422.59,UPI,0
TXN01685,CUST0768,2023-04-13,Jewellery,33767.44,3,0,101302.32,Debit Card,0
TXN01686,CUST0765,2023-11-21,Home & Kitchen,12547.33,1,0,12547.33,UPI,0
TXN01687,CUST0502,2024-01-08,Toys,2836.0,2,5,5388.4,Debit Card,0
TXN01688,CUST0187,2023-12-04,Grocery,1695.21,1,5,1610.45,Wallet,0
TXN01689,CUST0338,2023-02-02,Home & Kitchen,4164.78,4,20,13327.3,Credit Card,0
TXN01690,CUST0982,2023-04-18,Travel,45401.62,4,0,181606.48,Credit Card,0
TXN01691,CUST0508,2024-02-26,Home & Kitchen,7522.82,5,10,33852.69,Wallet,0
TXN01692,CUST0840,2023-09-26,Sports,3960.63,1,0,3960.63,UPI,0
TXN01693,CUST0383,2023-03-14,Jewellery,40493.42,1,20,32394.74,UPI,0
TXN01694,CUST0926,2023-06-30,Sports,8542.54,1,15,7261.16,Credit Card,0
TXN01695,CUST0184,2023-06-01,Electronics,75300.47,1,10,67770.42,Wallet,0
TXN01696,CUST0026,2024-05-26,Beauty,1077.58,3,0,3232.74,UPI,0
TXN01697,CUST0496,2023-03-09,Jewellery,33161.09,5,10,149224.9,UPI,0
TXN01698,CUST0990,2024-01-07,Beauty,1447.93,2,0,2895.86,Wallet,0
TXN01699,CUST0227,2023-12-14,Sports,10900.85,2,0,21801.7,UPI,0
TXN01700,CUST0939,2024-12-09,Grocery,478.6,2,10,861.48,Debit Card,0
TXN01701,CUST0053,2023-02-01,Toys,2727.8,3,30,5728.38,Debit Card,0
TXN01702,CUST0922,2024-09-11,Travel,48091.89,5,20,192367.56,UPI,0
TXN01703,CUST0143,2023-03-20,Home & Kitchen,5839.83,5,10,26279.24,UPI,0
TXN01704,CUST0850,2023-09-16,Home & Kitchen,14348.76,3,10,38741.65,UPI,0
TXN01705,CUST0166,2024-05-11,Beauty,4298.43,1,30,3008.9,Credit Card,0
TXN01706,CUST0602,2023-06-24,Travel,19793.24,4,10,71255.66,Net Banking,0
TXN01707,CUST0924,2024-01-02,Jewellery,2361.97,1,5,2243.87,UPI,0
TXN01708,CUST0865,2023-01-15,Toys,1397.63,2,25,2096.45,Credit Card,0
TXN01709,CUST0139,2023-02-20,Books,529.77,1,0,529.77,Debit Card,0
TXN01710,CUST0439,2023-04-17,Beauty,4482.83,3,0,13448.49,Wallet,0
TXN01711,CUST0742,2024-12-22,Jewellery,48421.82,2,10,87159.28,Debit Card,0
TXN01712,CUST0995,2024-04-13,Jewellery,5381.12,4,0,21524.48,Credit Card,1
TXN01713,CUST0395,2023-07-21,Travel,29863.81,2,5,56741.24,Credit Card,0
TXN01714,CUST0460,2023-08-06,Travel,34254.92,1,5,32542.17,Credit Card,0
TXN01715,CUST0665,2023-02-10,Fashion,1196.84,5,10,5385.78,Credit Card,0
TXN01716,CUST0940,2024-01-20,Home & Kitchen,6160.47,5,30,21561.64,Net Banking,0
TXN01717,CUST0793,2024-12-15,Toys,1473.2,5,0,7366.0,Credit Card,0
TXN01718,CUST0171,2023-12-02,Electronics,45204.23,2,5,85888.04,Net Banking,0
TXN01719,CUST0560,2024-09-02,Beauty,3407.6,5,0,17038.0,Credit Card,0
TXN01720,CUST0700,2024-10-22,Toys,2902.89,3,10,7837.8,Wallet,0
TXN01721,CUST0480,2023-04-15,Fashion,1525.66,4,15,5187.24,Credit Card,0
TXN01722,CUST0457,2023-07-22,Fashion,6597.11,5,10,29686.99,UPI,0
TXN01723,CUST0988,2024-05-24,Toys,2810.61,3,0,8431.83,Credit Card,0
TXN01724,CUST0521,2023-04-05,Travel,53677.27,3,10,144928.63,Debit Card,0
TXN01725,CUST0941,2023-06-26,Jewellery,23568.13,2,10,42422.63,Credit Card,0
TXN01726,CUST0977,2023-03-06,Books,1356.75,2,0,2713.5,UPI,0
TXN01727,CUST0131,2024-07-06,Toys,3503.36,4,5,13312.77,Debit Card,0
TXN01728,CUST0512,2023-08-12,Beauty,2360.52,4,5,8969.98,Net Banking,0
TXN01729,CUST0281,2024-08-01,Electronics,33585.75,1,30,23510.02,Credit Card,0
TXN01730,CUST0214,2024-01-15,Home & Kitchen,14045.93,4,20,44946.98,Credit Card,0
TXN01731,CUST0227,2023-09-12,Fashion,5863.74,2,15,9968.36,Credit Card,0
TXN01732,CUST0484,2023-10-25,Grocery,2799.09,3,20,6717.82,UPI,0
TXN01733,CUST0249,2024-08-03,Grocery,2431.53,1,15,2066.8,Credit Card,0
TXN01734,CUST0480,2023-06-20,Jewellery,31246.28,4,25,93738.84,Credit Card,0
TXN01735,CUST0940,2024-09-04,Travel,9603.61,3,0,28810.83,UPI,0
TXN01736,CUST0396,2024-10-13,Home & Kitchen,4939.03,2,10,8890.25,Credit Card,0
TXN01737,CUST0326,2024-12-18,Fashion,7766.32,5,15,33006.86,UPI,0
TXN01738,CUST0845,2023-12-30,Grocery,1094.38,1,10,984.94,Credit Card,0
TXN01739,CUST0024,2023-03-14,Grocery,461.11,3,0,1383.33,UPI,0
TXN01740,CUST0280,2023-03-01,Books,1105.2,2,5,2099.88,Wallet,0
TXN01741,CUST0330,2024-03-30,Toys,3015.82,2,5,5730.06,Credit Card,0
TXN01742,CUST0715,2023-12-02,Sports,3854.22,1,0,3854.22,Credit Card,0
TXN01743,CUST0024,2024-10-29,Home & Kitchen,5026.94,1,5,4775.59,Net Banking,0
TXN01744,CUST0743,2023-05-04,Sports,5945.38,4,10,21403.37,UPI,0
TXN01745,CUST0614,2024-03-30,Electronics,6634.17,4,20,21229.34,Debit Card,0
TXN01746,CUST0676,2023-01-14,Travel,47991.41,1,15,40792.7,UPI,0
TXN01747,CUST0926,2024-02-20,Toys,1473.23,1,20,1178.58,Credit Card,0
TXN01748,CUST0746,2023-01-27,Electronics,69032.23,3,20,165677.35,Net Banking,0
TXN01749,CUST0992,2023-02-19,Beauty,4072.36,4,5,15474.97,UPI,1
TXN01750,CUST0379,2023-07-06,Fashion,5460.52,2,5,10374.99,UPI,0
TXN01751,CUST0765,2023-02-26,Sports,4303.57,4,0,17214.28,Wallet,0
TXN01752,CUST0118,2024-10-28,Jewellery,26783.19,4,25,80349.57,UPI,0
TXN01753,CUST0131,2023-02-03,Beauty,2390.7,1,0,2390.7,Debit Card,0
TXN01754,CUST0673,2024-06-21,Home & Kitchen,5612.12,1,15,4770.3,Wallet,0
TXN01755,CUST0305,2024-01-06,Fashion,6861.02,4,5,26071.88,Credit Card,0
TXN01756,CUST0066,2023-03-27,Grocery,1553.82,5,25,5826.82,Credit Card,0
TXN01757,CUST0750,2023-06-09,Sports,10093.04,5,5,47941.94,Credit Card,0
TXN01758,CUST0982,2024-02-29,Toys,689.31,4,20,2205.79,Wallet,0
TXN01759,CUST0639,2024-12-12,Toys,821.79,5,0,4108.95,UPI,0
TXN01760,CUST0665,2023-04-16,Beauty,4893.41,4,0,19573.64,Debit Card,0
TXN01761,CUST0830,2024-01-26,Beauty,3062.51,1,10,2756.26,Credit Card,0
TXN01762,CUST0850,2024-05-26,Travel,32056.87,1,30,22439.81,Credit Card,1
TXN01763,CUST0067,2023-10-02,Grocery,1664.84,1,10,1498.36,Credit Card,0
TXN01764,CUST0952,2023-10-16,Books,440.61,2,25,660.92,Wallet,0
TXN01765,CUST0197,2023-09-15,Sports,8793.23,1,15,7474.25,UPI,0
TXN01766,CUST0735,2023-08-08,Electronics,11358.55,1,15,9654.77,Wallet,0
TXN01767,CUST0070,2024-06-10,Home & Kitchen,8941.2,4,5,33976.56,Debit Card,0
TXN01768,CUST0676,2024-06-16,Sports,7106.76,5,5,33757.11,UPI,0
TXN01769,CUST0835,2023-02-28,Sports,11021.75,5,0,55108.75,Debit Card,0
TXN01770,CUST0249,2023-12-26,Grocery,1673.31,1,30,1171.32,Net Banking,0
TXN01771,CUST0366,2024-08-16,Sports,2162.51,1,30,1513.76,Wallet,0
TXN01772,CUST0744,2024-09-21,Travel,35646.94,1,15,30299.9,Wallet,0
TXN01773,CUST0304,2023-04-23,Sports,1641.14,4,0,6564.56,UPI,1
TXN01774,CUST0395,2023-10-03,Jewellery,11782.1,4,0,47128.4,Credit Card,0
TXN01775,CUST0372,2023-09-14,Jewellery,3493.21,4,30,9780.99,UPI,0
TXN01776,CUST0620,2023-11-25,Fashion,4349.7,5,0,21748.5,Credit Card,0
TXN01777,CUST0039,2023-08-23,Home & Kitchen,2000.36,2,20,3200.58,Credit Card,0
TXN01778,CUST0466,2023-02-20,Jewellery,24530.93,5,5,116521.92,Credit Card,0
TXN01779,CUST0724,2024-11-08,Home & Kitchen,14047.82,4,5,53381.72,Debit Card,0
TXN01780,CUST0744,2023-08-09,Toys,2963.12,3,20,7111.49,UPI,0
TXN01781,CUST0213,2024-08-18,Travel,7412.47,2,0,14824.94,Debit Card,0
TXN01782,CUST0718,2023-08-18,Grocery,827.79,1,5,786.4,Debit Card,0
TXN01783,CUST0990,2023-08-10,Grocery,2086.25,5,30,7301.87,Credit Card,0
TXN01784,CUST0022,2024-10-27,Jewellery,44945.69,2,15,76407.67,UPI,0
TXN01785,CUST0684,2023-02-23,Travel,4876.36,3,15,12434.72,UPI,0
TXN01786,CUST0432,2024-09-22,Toys,3306.07,2,15,5620.32,Credit Card,0
TXN01787,CUST0822,2024-12-10,Electronics,47136.04,5,0,235680.2,UPI,0
TXN01788,CUST0763,2023-09-30,Travel,34127.21,4,0,136508.84,UPI,0
TXN01789,CUST0865,2023-07-17,Fashion,7683.6,1,10,6915.24,Debit Card,0
TXN01790,CUST0704,2023-05-08,Grocery,2293.4,4,5,8714.92,UPI,0
TXN01791,CUST0837,2024-08-26,Fashion,6875.89,4,5,26128.38,Debit Card,0
TXN01792,CUST0758,2023-01-09,Grocery,1191.19,5,15,5062.56,Credit Card,0
TXN01793,CUST0704,2023-08-15,Toys,2351.15,4,0,9404.6,UPI,0
TXN01794,CUST0127,2024-07-11,Sports,7615.62,4,15,25893.11,Debit Card,0
TXN01795,CUST0915,2023-05-14,Books,584.14,5,0,2920.7,Credit Card,0
TXN01796,CUST0257,2023-01-16,Travel,35504.14,5,0,177520.7,UPI,0
TXN01797,CUST0289,2023-08-03,Travel,16489.36,3,5,46994.68,UPI,0
TXN01798,CUST0804,2023-04-22,Sports,2234.48,4,20,7150.34,Credit Card,0
TXN01799,CUST0894,2023-06-06,Electronics,33047.77,2,0,66095.54,UPI,0
TXN01800,CUST0298,2024-02-29,Grocery,2270.01,1,10,2043.01,Debit Card,0
TXN01801,CUST0376,2024-03-27,Electronics,73714.04,1,15,62656.93,Credit Card,0
TXN01802,CUST0754,2023-11-14,Travel,29089.7,5,0,145448.5,UPI,1
TXN01803,CUST0437,2023-12-26,Jewellery,32855.54,5,10,147849.93,UPI,0
TXN01804,CUST0754,2024-01-11,Jewellery,6945.78,3,25,15628.0,Credit Card,0
TXN01805,CUST0764,2023-10-23,Beauty,4550.98,4,10,16383.53,Net Banking,1
TXN01806,CUST0942,2023-07-17,Home & Kitchen,8874.18,5,0,44370.9,Net Banking,0
TXN01807,CUST0302,2024-07-23,Jewellery,39456.24,5,10,177553.08,Net Banking,0
TXN01808,CUST0080,2024-02-02,Jewellery,40133.18,1,10,36119.86,Debit Card,0
TXN01809,CUST0941,2024-08-12,Grocery,918.15,4,0,3672.6,Net Banking,0
TXN01810,CUST0038,2023-08-30,Beauty,2787.12,3,0,8361.36,Net Banking,0
TXN01811,CUST0421,2024-03-04,Grocery,2889.34,5,0,14446.7,Wallet,1
TXN01812,CUST0925,2024-09-02,Travel,8109.17,5,0,40545.85,Wallet,0
TXN01813,CUST0763,2023-01-06,Fashion,5622.87,5,0,28114.35,Debit Card,0
TXN01814,CUST0273,2023-11-14,Electronics,77169.81,1,10,69452.83,Credit Card,0
TXN01815,CUST0878,2023-07-31,Travel,20132.9,5,5,95631.28,Credit Card,0
TXN01816,CUST0976,2023-09-30,Fashion,6960.86,5,20,27843.44,Debit Card,0
TXN01817,CUST0268,2023-03-25,Toys,3754.53,1,10,3379.08,Net Banking,0
TXN01818,CUST0989,2024-09-15,Toys,3064.22,5,20,12256.88,UPI,0
TXN01819,CUST0698,2024-12-10,Grocery,847.72,4,10,3051.79,UPI,0
TXN01820,CUST0778,2023-12-26,Books,600.9,4,0,2403.6,Debit Card,0
TXN01821,CUST0115,2024-01-16,Books,198.34,1,10,178.51,Credit Card,0
TXN01822,CUST0065,2024-06-23,Fashion,6735.9,4,20,21554.88,Credit Card,0
TXN01823,CUST0572,2023-05-21,Jewellery,42781.34,3,0,128344.02,UPI,0
TXN01824,CUST0031,2024-05-24,Grocery,1971.59,5,0,9857.95,UPI,0
TXN01825,CUST0735,2023-06-22,Fashion,3143.96,3,5,8960.29,Net Banking,0
TXN01826,CUST0921,2023-01-20,Grocery,415.07,4,5,1577.27,Debit Card,0
TXN01827,CUST0026,2024-09-20,Fashion,6147.93,1,5,5840.53,Wallet,0
TXN01828,CUST0828,2024-05-17,Toys,2988.15,1,0,2988.15,Credit Card,0
TXN01829,CUST0218,2024-07-19,Beauty,4589.23,3,0,13767.69,Debit Card,0
TXN01830,CUST0608,2023-08-15,Grocery,2245.49,4,15,7634.67,Credit Card,0
TXN01831,CUST0608,2023-04-19,Beauty,4194.87,5,5,19925.63,Credit Card,0
TXN01832,CUST0253,2023-11-16,Toys,3060.03,4,10,11016.11,Wallet,0
TXN01833,CUST0875,2023-11-04,Books,1001.43,4,10,3605.15,Net Banking,0
TXN01834,CUST0415,2023-03-28,Sports,5467.42,1,10,4920.68,Credit Card,0
TXN01835,CUST0855,2023-08-16,Electronics,72658.8,2,0,145317.6,Credit Card,0
TXN01836,CUST0466,2023-11-06,Travel,40105.21,5,10,180473.44,Credit Card,0
TXN01837,CUST0477,2024-01-14,Electronics,34876.65,5,0,174383.25,Credit Card,0
TXN01838,CUST0737,2024-08-05,Electronics,11260.2,1,5,10697.19,UPI,0
TXN01839,CUST0276,2024-01-20,Travel,19570.18,4,10,70452.65,UPI,0
TXN01840,CUST0227,2023-04-23,Toys,2311.79,1,0,2311.79,Debit Card,0
TXN01841,CUST0802,2023-10-20,Toys,1319.85,4,0,5279.4,Credit Card,0
TXN01842,CUST0574,2023-11-01,Books,448.67,2,0,897.34,Credit Card,0
TXN01843,CUST0232,2023-10-18,Sports,6612.29,2,0,13224.58,Debit Card,1
TXN01844,CUST0354,2023-04-15,Home & Kitchen,3211.45,3,5,9152.63,UPI,0
TXN01845,CUST0439,2023-10-18,Electronics,65030.75,4,30,182086.1,Wallet,0
TXN01846,CUST0705,2024-04-21,Jewellery,25249.67,1,5,23987.19,Credit Card,0
TXN01847,CUST0657,2024-06-04,Electronics,48039.71,1,10,43235.74,Debit Card,0
TXN01848,CUST0415,2024-11-07,Home & Kitchen,2892.84,1,15,2458.91,Credit Card,0
TXN01849,CUST0284,2023-03-01,Grocery,1108.81,3,10,2993.79,Credit Card,0
TXN01850,CUST0655,2023-11-08,Books,703.62,5,25,2638.58,Credit Card,1
TXN01851,CUST0268,2023-04-16,Beauty,4098.6,1,20,3278.88,Wallet,0
TXN01852,CUST0140,2024-09-14,Beauty,3919.75,2,15,6663.58,Net Banking,0
TXN01853,CUST0023,2023-03-30,Home & Kitchen,3966.28,1,30,2776.4,Credit Card,0
TXN01854,CUST0880,2023-09-25,Electronics,51213.43,1,0,51213.43,Debit Card,0
TXN01855,CUST0665,2024-08-05,Beauty,1444.24,1,10,1299.82,Debit Card,0
TXN01856,CUST0400,2023-04-29,Home & Kitchen,14833.11,5,20,59332.44,Credit Card,0
TXN01857,CUST0741,2024-03-20,Travel,57271.06,1,10,51543.95,UPI,0
TXN01858,CUST0363,2024-03-04,Toys,2384.08,5,30,8344.28,UPI,0
TXN01859,CUST0457,2023-12-17,Fashion,5741.77,5,0,28708.85,Debit Card,0
TXN01860,CUST0857,2023-11-02,Toys,3265.29,3,5,9306.08,Net Banking,0
TXN01861,CUST0047,2024-09-06,Electronics,59074.88,2,30,82704.83,UPI,0
TXN01862,CUST0422,2023-07-21,Home & Kitchen,10737.57,1,5,10200.69,Credit Card,0
TXN01863,CUST0062,2023-01-23,Grocery,2883.95,1,15,2451.36,Debit Card,0
TXN01864,CUST0549,2023-03-31,Beauty,3103.34,1,0,3103.34,Credit Card,0
TXN01865,CUST0598,2024-04-15,Beauty,3290.62,5,15,13985.13,UPI,0
TXN01866,CUST0371,2023-04-03,Beauty,4291.56,4,25,12874.68,UPI,0
TXN01867,CUST0337,2023-10-12,Home & Kitchen,10312.45,2,5,19593.66,Net Banking,0
TXN01868,CUST0880,2024-11-13,Toys,3011.85,1,0,3011.85,Net Banking,0
TXN01869,CUST0667,2023-11-05,Grocery,855.67,4,0,3422.68,Net Banking,0
TXN01870,CUST0249,2024-06-19,Home & Kitchen,6071.99,4,20,19430.37,Debit Card,0
TXN01871,CUST0381,2024-01-11,Electronics,16047.6,4,15,54561.84,UPI,0
TXN01872,CUST0635,2024-12-14,Books,832.78,2,0,1665.56,UPI,0
TXN01873,CUST0114,2024-05-13,Electronics,39179.56,4,0,156718.24,Credit Card,0
TXN01874,CUST0145,2024-09-27,Fashion,7978.72,1,20,6382.98,Debit Card,0
TXN01875,CUST0376,2023-05-22,Books,975.13,1,20,780.1,Credit Card,0
TXN01876,CUST0616,2023-02-21,Electronics,63983.36,3,0,191950.08,Debit Card,0
TXN01877,CUST0992,2023-03-11,Grocery,1135.24,5,5,5392.39,Net Banking,0
TXN01878,CUST0602,2023-09-17,Sports,10079.62,4,15,34270.71,Credit Card,0
TXN01879,CUST0547,2024-11-28,Sports,7611.97,5,10,34253.86,UPI,1
TXN01880,CUST0913,2024-12-19,Sports,8545.71,5,30,29909.98,Debit Card,0
TXN01881,CUST0665,2023-10-20,Fashion,2708.23,5,10,12187.04,Wallet,0
TXN01882,CUST0227,2024-01-13,Fashion,4614.79,5,15,19612.86,UPI,0
TXN01883,CUST0103,2023-02-08,Sports,7828.02,5,10,35226.09,Wallet,0
TXN01884,CUST0224,2023-12-14,Travel,36578.4,1,25,27433.8,Credit Card,0
TXN01885,CUST0646,2024-07-31,Beauty,4601.41,2,5,8742.68,Wallet,0
TXN01886,CUST0721,2024-06-08,Books,1362.67,4,0,5450.68,Debit Card,0
TXN01887,CUST0090,2024-12-06,Books,1460.83,4,5,5551.15,UPI,0
TXN01888,CUST0392,2024-05-20,Beauty,3436.91,1,20,2749.53,Credit Card,0
TXN01889,CUST0894,2024-01-17,Toys,3896.08,1,10,3506.47,UPI,1
TXN01890,CUST0086,2024-02-29,Travel,50451.25,5,5,239643.44,Wallet,0
TXN01891,CUST0394,2024-03-11,Sports,3687.49,2,10,6637.48,UPI,0
TXN01892,CUST0844,2024-10-06,Beauty,2308.95,4,0,9235.8,UPI,0
TXN01893,CUST0293,2024-12-07,Home & Kitchen,4185.17,3,0,12555.51,Debit Card,0
TXN01894,CUST0133,2023-11-18,Books,155.67,1,0,155.67,Debit Card,0
TXN01895,CUST0817,2024-08-12,Home & Kitchen,3470.29,3,10,9369.78,Debit Card,0
TXN01896,CUST0721,2023-09-07,Beauty,319.08,4,15,1084.87,Debit Card,0
TXN01897,CUST0276,2023-06-29,Beauty,3683.24,1,20,2946.59,Net Banking,0
TXN01898,CUST0473,2024-11-19,Electronics,36915.07,4,25,110745.21,Net Banking,0
TXN01899,CUST0178,2023-01-29,Electronics,28443.1,1,5,27020.94,Wallet,1
TXN01900,CUST0926,2024-05-10,Grocery,2332.82,4,15,7931.59,Debit Card,0
TXN01901,CUST0104,2024-11-08,Grocery,2530.96,3,0,7592.88,Debit Card,0
TXN01902,CUST0865,2023-11-22,Fashion,7814.75,2,0,15629.5,UPI,0
TXN01903,CUST0034,2024-10-09,Fashion,5315.1,1,0,5315.1,UPI,0
TXN01904,CUST0648,2023-07-06,Sports,5861.43,3,5,16705.08,Credit Card,0
TXN01905,CUST0446,2023-02-24,Electronics,27894.82,4,0,111579.28,Net Banking,0
TXN01906,CUST0824,2024-05-28,Sports,3134.43,3,0,9403.29,Credit Card,0
TXN01907,CUST0487,2024-02-14,Beauty,1300.75,1,10,1170.68,Debit Card,0
TXN01908,CUST0616,2023-01-17,Sports,5264.76,3,5,15004.57,Net Banking,0
TXN01909,CUST0113,2024-07-24,Beauty,4961.4,4,10,17861.04,Wallet,0
TXN01910,CUST0067,2023-03-29,Books,151.15,5,5,717.96,UPI,0
TXN01911,CUST0827,2023-08-11,Electronics,19790.44,2,0,39580.88,Credit Card,0
TXN01912,CUST0143,2023-02-27,Grocery,727.5,2,0,1455.0,Debit Card,0
TXN01913,CUST0045,2024-12-04,Sports,8775.16,5,0,43875.8,Credit Card,0
TXN01914,CUST0443,2024-07-15,Electronics,31436.35,1,0,31436.35,Wallet,0
TXN01915,CUST0416,2024-12-25,Books,767.3,3,10,2071.71,Credit Card,0
TXN01916,CUST0983,2023-08-18,Home & Kitchen,2910.46,3,15,7421.67,Wallet,0
TXN01917,CUST0026,2023-06-03,Grocery,1333.99,5,5,6336.45,Wallet,0
TXN01918,CUST0379,2023-09-30,Travel,8882.39,5,5,42191.35,Net Banking,0
TXN01919,CUST0687,2023-02-15,Jewellery,27586.08,4,20,88275.46,Credit Card,0
TXN01920,CUST0357,2024-03-27,Electronics,12345.38,4,0,49381.52,Credit Card,0
TXN01921,CUST0872,2023-11-02,Toys,3224.88,2,0,6449.76,UPI,0
TXN01922,CUST0213,2024-03-02,Electronics,47495.13,1,10,42745.62,Net Banking,0
TXN01923,CUST0323,2023-04-28,Beauty,3702.65,1,10,3332.38,Wallet,0
TXN01924,CUST0499,2024-11-18,Travel,26855.43,5,10,120849.44,Credit Card,1
TXN01925,CUST0014,2024-08-02,Toys,1711.52,2,15,2909.58,UPI,0
TXN01926,CUST0131,2023-09-08,Sports,1719.58,2,0,3439.16,Debit Card,0
TXN01927,CUST0911,2024-02-07,Books,857.21,4,5,3257.4,Debit Card,0
TXN01928,CUST0178,2023-07-19,Toys,2203.66,3,0,6610.98,UPI,0
TXN01929,CUST0031,2023-05-26,Sports,5936.36,1,15,5045.91,Debit Card,0
TXN01930,CUST0138,2023-02-20,Sports,9041.91,2,20,14467.06,Credit Card,0
TXN01931,CUST0823,2024-01-03,Sports,10090.55,4,0,40362.2,Credit Card,0
TXN01932,CUST0828,2024-11-28,Beauty,3828.71,4,0,15314.84,Debit Card,0
TXN01933,CUST0664,2023-11-16,Toys,832.3,4,0,3329.2,Debit Card,0
TXN01934,CUST0372,2023-07-18,Fashion,5165.45,3,0,15496.35,Debit Card,0
TXN01935,CUST0992,2024-03-16,Books,258.44,2,5,491.04,Credit Card,0
TXN01936,CUST0971,2023-05-25,Home & Kitchen,10663.64,5,10,47986.38,Wallet,0
TXN01937,CUST0011,2023-02-28,Electronics,33637.93,5,30,117732.75,Net Banking,0
TXN01938,CUST0875,2024-12-07,Beauty,922.75,4,5,3506.45,Net Banking,0
TXN01939,CUST0740,2023-05-23,Grocery,2613.74,4,0,10454.96,Credit Card,0
TXN01940,CUST0653,2023-08-11,Home & Kitchen,9518.92,3,0,28556.76,Credit Card,0
TXN01941,CUST0229,2023-04-10,Books,628.88,4,0,2515.52,Net Banking,0
TXN01942,CUST0466,2023-01-26,Beauty,444.42,2,0,888.84,Credit Card,1
TXN01943,CUST0290,2024-03-07,Home & Kitchen,8429.81,4,15,28661.35,Debit Card,0
TXN01944,CUST0671,2024-06-09,Electronics,74241.94,4,0,296967.76,Credit Card,0
TXN01945,CUST0702,2023-05-02,Sports,7398.73,2,30,10358.22,Debit Card,0
TXN01946,CUST0898,2024-04-09,Travel,58384.08,1,10,52545.67,Net Banking,0
TXN01947,CUST0051,2023-09-22,Sports,2155.54,5,10,9699.93,Net Banking,0
TXN01948,CUST0476,2023-01-07,Books,917.21,4,5,3485.4,Wallet,1
TXN01949,CUST0029,2024-12-31,Electronics,64859.38,2,15,110260.95,Wallet,0
TXN01950,CUST0016,2023-08-08,Home & Kitchen,8262.68,5,10,37182.06,UPI,0
TXN01951,CUST0805,2024-11-25,Jewellery,6371.19,3,5,18157.89,Debit Card,0
TXN01952,CUST0940,2024-01-31,Travel,36224.5,1,0,36224.5,Credit Card,0
TXN01953,CUST0967,2024-04-01,Sports,7573.81,4,25,22721.43,UPI,0
TXN01954,CUST0945,2023-04-18,Fashion,5965.32,1,0,5965.32,Credit Card,0
TXN01955,CUST0297,2024-05-06,Home & Kitchen,11609.2,4,5,44114.96,Net Banking,0
TXN01956,CUST0984,2024-09-27,Sports,9386.81,4,5,35669.88,Debit Card,0
TXN01957,CUST0823,2024-11-12,Home & Kitchen,10220.91,4,0,40883.64,UPI,0
TXN01958,CUST0476,2024-04-04,Travel,15301.24,1,0,15301.24,UPI,0
TXN01959,CUST0363,2023-01-09,Books,695.72,3,0,2087.16,Debit Card,0
TXN01960,CUST0359,2024-01-02,Grocery,2373.16,2,15,4034.37,UPI,0
TXN01961,CUST0324,2023-05-05,Sports,11469.07,2,5,21791.23,Net Banking,0
TXN01962,CUST0031,2023-06-11,Home & Kitchen,1921.05,3,15,4898.68,UPI,0
TXN01963,CUST0573,2023-02-05,Grocery,1699.5,3,15,4333.72,UPI,0
TXN01964,CUST0971,2023-01-04,Grocery,1075.06,4,0,4300.24,Debit Card,0
TXN01965,CUST0737,2024-02-17,Fashion,2190.45,4,10,7885.62,Wallet,0
TXN01966,CUST0627,2023-03-28,Grocery,1616.27,2,15,2747.66,Debit Card,0
TXN01967,CUST0774,2024-04-27,Travel,37547.09,4,10,135169.52,Net Banking,0
TXN01968,CUST0535,2024-08-25,Electronics,5732.92,4,10,20638.51,Net Banking,0
TXN01969,CUST0340,2023-02-27,Grocery,2384.58,3,15,6080.68,Credit Card,0
TXN01970,CUST0598,2023-05-20,Jewellery,41354.34,1,0,41354.34,Wallet,0
TXN01971,CUST0718,2023-06-21,Home & Kitchen,14510.25,5,15,61668.56,Wallet,0
TXN01972,CUST0374,2023-09-17,Grocery,705.8,5,0,3529.0,UPI,0
TXN01973,CUST0992,2024-05-09,Toys,2499.84,4,10,8999.42,UPI,0
TXN01974,CUST0448,2023-01-25,Electronics,36996.9,4,0,147987.6,Wallet,0
TXN01975,CUST0658,2023-07-17,Beauty,1873.69,5,20,7494.76,Credit Card,0
TXN01976,CUST0514,2024-08-01,Electronics,47422.51,3,10,128040.78,Wallet,0
TXN01977,CUST0901,2024-02-27,Books,1206.22,5,10,5427.99,UPI,0
TXN01978,CUST0845,2023-04-28,Beauty,408.35,5,15,1735.49,Net Banking,0
TXN01979,CUST0717,2023-01-06,Fashion,7770.5,5,20,31082.0,Debit Card,0
TXN01980,CUST0601,2023-04-07,Electronics,65741.12,4,15,223519.81,Debit Card,0
TXN01981,CUST0679,2023-03-13,Books,1164.06,4,0,4656.24,Net Banking,0
TXN01982,CUST0912,2024-03-07,Electronics,62029.05,5,20,248116.2,Debit Card,0
TXN01983,CUST0550,2024-01-15,Grocery,1289.37,4,10,4641.73,Debit Card,0
TXN01984,CUST0346,2024-07-03,Sports,9168.47,5,10,41258.12,UPI,0
TXN01985,CUST0632,2023-02-25,Sports,5009.18,3,25,11270.66,Debit Card,0
TXN01986,CUST0328,2024-09-06,Books,1363.25,4,0,5453.0,Debit Card,0
TXN01987,CUST0473,2023-04-13,Electronics,18291.68,1,0,18291.68,Credit Card,0
TXN01988,CUST0066,2023-08-04,Books,544.67,4,10,1960.81,Debit Card,0
TXN01989,CUST0636,2023-01-21,Fashion,4635.03,3,15,11819.33,Credit Card,0
TXN01990,CUST0662,2024-09-18,Sports,4239.01,3,5,12081.18,Debit Card,0
TXN01991,CUST0430,2023-07-29,Toys,1869.68,4,10,6730.85,UPI,0
TXN01992,CUST0901,2023-10-18,Beauty,2614.39,2,10,4705.9,UPI,0
TXN01993,CUST0578,2024-12-15,Travel,51812.14,5,10,233154.63,Credit Card,0
TXN01994,CUST0794,2023-07-07,Grocery,1664.94,5,20,6659.76,Credit Card,1
TXN01995,CUST0831,2023-05-31,Toys,1641.1,3,0,4923.3,UPI,0
TXN01996,CUST0606,2023-07-10,Toys,1216.62,4,15,4136.51,Debit Card,0
TXN01997,CUST0834,2024-02-11,Home & Kitchen,6603.2,2,15,11225.44,Debit Card,0
TXN01998,CUST0940,2023-08-02,Toys,2208.22,1,5,2097.81,Credit Card,0
TXN01999,CUST0939,2024-07-07,Beauty,3806.74,5,5,18082.01,Debit Card,0
TXN02000,CUST0177,2024-04-22,Beauty,868.93,2,0,1737.86,Net Banking,1
TXN02001,CUST0855,2023-07-13,Grocery,820.51,5,15,3487.17,UPI,0
TXN02002,CUST0364,2023-09-07,Books,662.53,4,5,2517.61,Credit Card,0
TXN02003,CUST0202,2024-08-15,Jewellery,19299.12,5,5,91670.82,Debit Card,0
TXN02004,CUST0676,2023-02-10,Jewellery,20803.91,1,5,19763.71,Wallet,0
TXN02005,CUST0216,2024-01-05,Electronics,64514.09,4,10,232250.72,Debit Card,0
TXN02006,CUST0887,2023-01-20,Electronics,29311.58,3,15,74744.53,Credit Card,0
TXN02007,CUST0186,2023-01-09,Travel,31608.2,2,15,53733.94,Wallet,0
TXN02008,CUST0805,2024-09-27,Beauty,3232.36,5,5,15353.71,Debit Card,0
TXN02009,CUST0792,2023-07-22,Electronics,22413.39,4,15,76205.53,UPI,0
TXN02010,CUST0873,2024-08-12,Home & Kitchen,11005.47,4,15,37418.6,Credit Card,0
TXN02011,CUST0502,2024-12-22,Electronics,46033.35,5,0,230166.75,Credit Card,0
TXN02012,CUST0131,2023-01-18,Fashion,3850.86,3,0,11552.58,UPI,0
TXN02013,CUST0176,2023-11-15,Fashion,6573.38,5,20,26293.52,Credit Card,0
TXN02014,CUST0966,2024-12-12,Home & Kitchen,4257.63,3,15,10856.96,Credit Card,0
TXN02015,CUST0106,2023-10-09,Toys,3567.75,5,10,16054.88,Wallet,0
TXN02016,CUST0302,2024-04-20,Fashion,4707.87,4,0,18831.48,Credit Card,0
TXN02017,CUST0616,2023-09-09,Jewellery,31240.39,1,20,24992.31,UPI,0
TXN02018,CUST0170,2023-12-06,Jewellery,44002.83,1,10,39602.55,Debit Card,0
TXN02019,CUST0455,2024-04-06,Fashion,6631.87,4,20,21221.98,Wallet,0
TXN02020,CUST0371,2024-09-22,Electronics,50117.16,1,30,35082.01,Wallet,0
TXN02021,CUST0141,2024-02-05,Travel,45931.7,3,30,96456.57,Debit Card,0
TXN02022,CUST0314,2024-01-06,Travel,27699.21,4,20,88637.47,UPI,0
TXN02023,CUST0955,2023-10-09,Jewellery,28274.13,3,0,84822.39,UPI,0
TXN02024,CUST0253,2024-01-25,Fashion,965.53,4,20,3089.7,Credit Card,0
TXN02025,CUST0547,2023-12-03,Toys,632.47,3,0,1897.41,UPI,0
TXN02026,CUST0271,2023-12-11,Grocery,2522.39,3,20,6053.74,Wallet,0
TXN02027,CUST0415,2024-06-02,Electronics,9475.37,1,0,9475.37,Credit Card,0
TXN02028,CUST0056,2023-09-30,Electronics,17704.93,4,10,63737.75,Net Banking,0
TXN02029,CUST0999,2023-09-10,Travel,48362.46,5,0,241812.3,Credit Card,0
TXN02030,CUST0829,2024-10-01,Fashion,508.59,1,15,432.3,UPI,0
TXN02031,CUST0815,2024-01-09,Books,531.25,3,0,1593.75,Debit Card,0
TXN02032,CUST0071,2024-08-26,Sports,7258.04,3,5,20685.41,Debit Card,0
TXN02033,CUST0257,2023-01-06,Fashion,4965.87,5,20,19863.48,Debit Card,0
TXN02034,CUST0024,2024-02-18,Home & Kitchen,11835.57,5,15,50301.17,Credit Card,0
TXN02035,CUST0143,2024-08-08,Fashion,4294.45,3,0,12883.35,UPI,0
TXN02036,CUST0448,2024-05-12,Electronics,43205.14,5,5,205224.42,Credit Card,0
TXN02037,CUST0398,2023-02-25,Grocery,2230.87,2,0,4461.74,Debit Card,0
TXN02038,CUST0735,2024-02-02,Home & Kitchen,7880.47,1,15,6698.4,Credit Card,0
TXN02039,CUST0376,2023-08-26,Travel,37683.99,4,30,105515.17,Credit Card,0
TXN02040,CUST0692,2024-05-04,Beauty,4519.54,5,15,19208.05,UPI,0
TXN02041,CUST0545,2023-01-22,Beauty,2186.82,5,0,10934.1,Credit Card,0
TXN02042,CUST0088,2024-03-16,Books,669.92,2,5,1272.85,UPI,0
TXN02043,CUST0227,2023-02-10,Travel,3202.29,4,30,8966.41,Debit Card,1
TXN02044,CUST0082,2023-09-15,Toys,2569.68,2,0,5139.36,Net Banking,0
TXN02045,CUST0382,2024-03-26,Jewellery,3429.05,4,10,12344.58,Credit Card,0
TXN02046,CUST0912,2023-02-17,Books,830.6,1,5,789.07,UPI,0
TXN02047,CUST0715,2024-05-17,Beauty,4079.9,5,15,17339.58,Debit Card,0
TXN02048,CUST0281,2023-05-19,Jewellery,28396.21,1,20,22716.97,Credit Card,0
TXN02049,CUST0208,2023-07-21,Toys,1297.65,4,5,4931.07,UPI,0
TXN02050,CUST0664,2024-10-13,Travel,47811.6,5,15,203199.3,UPI,0
TXN02051,CUST0706,2024-05-23,Jewellery,14946.42,2,10,26903.56,Credit Card,0
TXN02052,CUST0750,2024-10-15,Travel,44782.81,3,0,134348.43,Wallet,0
TXN02053,CUST0587,2023-10-13,Toys,2557.96,2,0,5115.92,UPI,0
TXN02054,CUST0811,2023-08-21,Sports,2537.96,3,10,6852.49,Debit Card,0
TXN02055,CUST0849,2023-11-12,Home & Kitchen,13652.9,2,0,27305.8,Credit Card,0
TXN02056,CUST0178,2024-04-05,Jewellery,11630.9,4,20,37218.88,Debit Card,0
TXN02057,CUST0053,2024-10-31,Jewellery,49500.18,1,0,49500.18,Credit Card,0
TXN02058,CUST0138,2024-07-03,Travel,3416.7,3,0,10250.1,Credit Card,0
TXN02059,CUST0910,2024-08-09,Travel,18018.55,4,5,68470.49,Debit Card,0
TXN02060,CUST0332,2023-11-17,Jewellery,11593.29,1,0,11593.29,Credit Card,0
TXN02061,CUST0800,2023-06-24,Travel,3797.62,1,10,3417.86,Debit Card,0
TXN02062,CUST0026,2023-02-08,Grocery,2250.63,5,5,10690.49,Credit Card,0
TXN02063,CUST0056,2024-03-08,Grocery,2141.59,5,15,9101.76,Credit Card,0
TXN02064,CUST0106,2024-04-29,Sports,9632.8,5,30,33714.8,Credit Card,0
TXN02065,CUST0396,2024-08-07,Sports,3526.36,3,15,8992.22,UPI,0
TXN02066,CUST0971,2023-02-27,Sports,5665.42,3,0,16996.26,Debit Card,0
TXN02067,CUST0426,2024-05-10,Beauty,3397.83,1,25,2548.37,UPI,0
TXN02068,CUST0465,2024-08-23,Beauty,2366.91,3,5,6745.69,Wallet,0
TXN02069,CUST0585,2023-05-14,Fashion,5729.94,1,10,5156.95,Credit Card,0
TXN02070,CUST0673,2024-10-16,Books,1005.86,4,5,3822.27,Credit Card,0
TXN02071,CUST0915,2024-05-23,Home & Kitchen,2428.0,2,0,4856.0,UPI,0
TXN02072,CUST0684,2024-08-29,Grocery,2386.92,1,20,1909.54,Credit Card,0
TXN02073,CUST0222,2023-06-05,Toys,2966.5,1,5,2818.18,Credit Card,0
TXN02074,CUST0299,2023-07-20,Home & Kitchen,10112.85,4,10,36406.26,Credit Card,1
TXN02075,CUST0792,2024-05-13,Home & Kitchen,3002.33,5,0,15011.65,Debit Card,0
TXN02076,CUST0360,2024-02-06,Toys,1291.59,5,15,5489.26,Debit Card,0
TXN02077,CUST0090,2024-05-10,Electronics,34488.28,5,15,146575.19,Wallet,0
TXN02078,CUST0371,2024-05-02,Jewellery,15436.62,1,0,15436.62,Debit Card,0
TXN02079,CUST0467,2023-06-09,Books,457.54,1,15,388.91,UPI,0
TXN02080,CUST0276,2023-07-30,Fashion,6540.18,3,15,16677.46,Debit Card,0
TXN02081,CUST0446,2024-03-28,Sports,7875.85,3,10,21264.8,Credit Card,0
TXN02082,CUST0502,2024-11-14,Toys,2392.25,2,10,4306.05,Credit Card,0
TXN02083,CUST0798,2023-03-11,Beauty,1361.98,2,10,2451.56,Net Banking,0
TXN02084,CUST0700,2023-11-10,Sports,11066.07,3,0,33198.21,Credit Card,0
TXN02085,CUST0958,2024-03-06,Travel,13897.43,1,15,11812.82,Credit Card,0
TXN02086,CUST0982,2024-01-17,Toys,3241.32,4,10,11668.75,Credit Card,0
TXN02087,CUST0601,2024-10-18,Sports,11620.07,3,5,33117.2,Credit Card,0
TXN02088,CUST0024,2023-06-16,Jewellery,36900.45,1,20,29520.36,Credit Card,0
TXN02089,CUST0545,2024-01-26,Jewellery,49657.22,3,0,148971.66,UPI,0
TXN02090,CUST0201,2023-11-15,Jewellery,33250.45,5,0,166252.25,Credit Card,0
TXN02091,CUST0999,2023-04-27,Sports,3079.05,3,0,9237.15,Debit Card,0
TXN02092,CUST0833,2024-11-27,Jewellery,11783.34,5,0,58916.7,Net Banking,0
TXN02093,CUST0393,2024-05-26,Grocery,1108.78,1,0,1108.78,UPI,0
TXN02094,CUST0999,2023-07-22,Beauty,333.51,5,30,1167.28,Debit Card,0
TXN02095,CUST0837,2023-06-11,Fashion,5612.74,3,0,16838.22,UPI,0
TXN02096,CUST0388,2024-04-06,Toys,1294.07,5,15,5499.8,Credit Card,0
TXN02097,CUST0215,2024-11-30,Home & Kitchen,12375.6,4,0,49502.4,UPI,0
TXN02098,CUST0249,2024-07-08,Sports,4694.57,5,10,21125.56,Debit Card,0
TXN02099,CUST0987,2023-07-20,Sports,6071.5,5,30,21250.25,UPI,0
TXN02100,CUST0887,2023-08-19,Beauty,4838.74,2,0,9677.48,UPI,0
TXN02101,CUST0009,2024-05-30,Electronics,23162.91,4,20,74121.31,Debit Card,0
TXN02102,CUST0243,2023-07-25,Books,1123.69,1,30,786.58,Debit Card,0
TXN02103,CUST0700,2023-11-27,Travel,46041.71,5,10,207187.7,Debit Card,0
TXN02104,CUST0142,2024-08-28,Toys,1117.69,4,5,4247.22,Debit Card,1
TXN02105,CUST0062,2023-12-13,Electronics,42574.76,1,15,36188.55,UPI,0
TXN02106,CUST0014,2023-12-15,Travel,22961.51,4,20,73476.83,Debit Card,0
TXN02107,CUST0757,2023-06-09,Books,1192.07,2,0,2384.14,Credit Card,0
TXN02108,CUST0666,2024-09-16,Home & Kitchen,9639.26,1,10,8675.33,UPI,0
TXN02109,CUST0400,2023-09-09,Sports,6026.21,1,5,5724.9,Wallet,1
TXN02110,CUST0446,2023-08-10,Jewellery,39409.44,5,0,197047.2,Credit Card,0
TXN02111,CUST0042,2024-08-28,Beauty,1405.23,3,20,3372.55,Net Banking,0
TXN02112,CUST0431,2024-01-29,Toys,3088.4,1,5,2933.98,Debit Card,0
TXN02113,CUST0434,2024-01-31,Beauty,4367.26,1,5,4148.9,UPI,0
TXN02114,CUST0106,2023-06-16,Fashion,7089.66,2,10,12761.39,Net Banking,0
TXN02115,CUST0288,2024-03-27,Home & Kitchen,11928.17,2,0,23856.34,UPI,0
TXN02116,CUST0065,2023-05-18,Fashion,3560.11,2,0,7120.22,Net Banking,0
TXN02117,CUST0188,2023-07-29,Books,1475.44,5,10,6639.48,Credit Card,0
TXN02118,CUST0138,2024-08-07,Books,662.45,1,5,629.33,Credit Card,0
TXN02119,CUST0546,2023-08-02,Grocery,1988.15,2,0,3976.3,Debit Card,0
TXN02120,CUST0944,2023-12-26,Books,367.45,2,0,734.9,Net Banking,0
TXN02121,CUST0743,2024-10-24,Electronics,78533.67,4,10,282721.21,Net Banking,0
TXN02122,CUST0694,2023-08-23,Electronics,57798.94,4,20,184956.61,Credit Card,0
TXN02123,CUST0945,2024-12-28,Jewellery,38162.12,2,20,61059.39,Credit Card,0
TXN02124,CUST0466,2024-02-01,Sports,1349.85,5,0,6749.25,Net Banking,0
TXN02125,CUST0513,2023-10-31,Beauty,3888.06,3,10,10497.76,Debit Card,0
TXN02126,CUST0496,2023-04-19,Sports,9431.85,4,20,30181.92,UPI,0
TXN02127,CUST0374,2024-01-25,Sports,8258.21,4,5,31381.2,Net Banking,0
TXN02128,CUST0909,2023-04-30,Electronics,26893.22,1,25,20169.92,Credit Card,0
TXN02129,CUST0796,2024-09-01,Beauty,2601.54,1,25,1951.16,Credit Card,0
TXN02130,CUST0184,2023-07-29,Jewellery,7300.85,2,0,14601.7,Net Banking,0
TXN02131,CUST0320,2024-03-02,Home & Kitchen,7496.54,1,0,7496.54,Credit Card,0
TXN02132,CUST0495,2024-06-27,Grocery,882.71,1,0,882.71,Credit Card,0
TXN02133,CUST0520,2023-11-26,Electronics,31182.27,3,0,93546.81,Credit Card,0
TXN02134,CUST0756,2023-08-14,Fashion,1719.5,5,25,6448.12,Debit Card,0
TXN02135,CUST0768,2024-12-27,Grocery,844.15,2,25,1266.22,Credit Card,0
TXN02136,CUST0374,2024-09-26,Home & Kitchen,1887.27,3,0,5661.81,UPI,0
TXN02137,CUST0560,2023-05-27,Books,1391.87,2,10,2505.37,Wallet,0
TXN02138,CUST0293,2023-12-06,Sports,6646.68,5,10,29910.06,Credit Card,0
TXN02139,CUST0673,2024-07-17,Toys,1767.95,2,5,3359.1,UPI,1
TXN02140,CUST0793,2023-06-29,Jewellery,27681.4,1,10,24913.26,Credit Card,0
TXN02141,CUST0982,2023-10-17,Sports,7762.54,5,25,29109.52,Credit Card,0
TXN02142,CUST0458,2023-07-06,Books,1394.54,3,0,4183.62,Debit Card,0
TXN02143,CUST0586,2024-04-30,Home & Kitchen,3337.44,3,0,10012.32,Wallet,0
TXN02144,CUST0838,2023-12-03,Fashion,2716.64,4,0,10866.56,Wallet,0
TXN02145,CUST0398,2023-04-18,Jewellery,48837.89,3,5,139187.99,Credit Card,1
TXN02146,CUST0383,2023-05-06,Jewellery,19817.26,4,5,75305.59,Credit Card,0
TXN02147,CUST0288,2024-12-06,Home & Kitchen,1120.38,1,5,1064.36,Wallet,0
TXN02148,CUST0080,2023-02-03,Grocery,613.4,3,10,1656.18,Credit Card,1
TXN02149,CUST0527,2024-03-13,Travel,4501.31,5,15,19130.57,UPI,1
TXN02150,CUST0520,2023-10-03,Sports,11885.12,4,5,45163.46,Credit Card,0
TXN02151,CUST0325,2024-05-08,Grocery,980.84,3,5,2795.39,UPI,0
TXN02152,CUST0616,2023-07-01,Electronics,74265.71,1,20,59412.57,Debit Card,0
TXN02153,CUST0629,2023-08-27,Home & Kitchen,14941.59,5,20,59766.36,Debit Card,0
TXN02154,CUST0070,2023-12-14,Electronics,49988.09,5,0,249940.45,Net Banking,0
TXN02155,CUST0825,2023-05-26,Fashion,748.97,1,5,711.52,Credit Card,0
TXN02156,CUST0354,2023-02-13,Grocery,428.46,3,20,1028.3,Debit Card,0
TXN02157,CUST0465,2024-05-13,Toys,2081.88,2,0,4163.76,Debit Card,0
TXN02158,CUST0332,2023-10-22,Travel,26151.8,3,5,74532.63,Credit Card,0
TXN02159,CUST0487,2024-06-14,Home & Kitchen,9407.72,4,5,35749.34,Credit Card,0
TXN02160,CUST0846,2024-12-27,Home & Kitchen,7031.64,4,0,28126.56,Credit Card,0
TXN02161,CUST0623,2023-07-30,Travel,56242.38,3,0,168727.14,Credit Card,0
TXN02162,CUST0145,2024-02-06,Jewellery,27667.51,4,5,105136.54,Wallet,0
TXN02163,CUST0179,2023-08-19,Books,1086.53,2,15,1847.1,Debit Card,0
TXN02164,CUST0034,2023-12-05,Fashion,7223.64,2,20,11557.82,Debit Card,0
TXN02165,CUST0976,2023-01-05,Grocery,611.24,5,30,2139.34,UPI,0
TXN02166,CUST0015,2023-11-07,Home & Kitchen,4062.23,4,0,16248.92,UPI,0
TXN02167,CUST0711,2023-06-11,Home & Kitchen,2323.92,3,0,6971.76,Debit Card,0
TXN02168,CUST0534,2023-08-04,Travel,10959.39,5,15,46577.41,Debit Card,0
TXN02169,CUST0159,2024-09-03,Toys,2196.56,2,10,3953.81,Debit Card,0
TXN02170,CUST0993,2023-06-20,Travel,21307.22,5,5,101209.3,Credit Card,0
TXN02171,CUST0014,2023-09-09,Travel,27120.85,1,0,27120.85,Net Banking,0
TXN02172,CUST0484,2024-11-11,Sports,11800.38,4,0,47201.52,UPI,0
TXN02173,CUST0172,2023-02-07,Grocery,638.77,3,5,1820.49,UPI,0
TXN02174,CUST0419,2023-08-16,Jewellery,27958.98,2,0,55917.96,Debit Card,0
TXN02175,CUST0142,2024-09-28,Travel,8635.66,5,30,30224.81,UPI,1
TXN02176,CUST0694,2023-10-05,Toys,1478.44,3,0,4435.32,Debit Card,0
TXN02177,CUST0756,2023-10-12,Jewellery,27321.24,4,30,76499.47,Credit Card,0
TXN02178,CUST0533,2024-05-24,Beauty,4749.17,3,20,11398.01,Credit Card,0
TXN02179,CUST0721,2024-10-10,Grocery,1295.44,4,5,4922.67,Net Banking,0
TXN02180,CUST0156,2024-01-01,Home & Kitchen,1721.68,4,15,5853.71,UPI,0
TXN02181,CUST0535,2024-09-11,Beauty,2124.36,4,15,7222.82,Credit Card,0
TXN02182,CUST0837,2023-03-09,Jewellery,8995.58,5,0,44977.9,Debit Card,0
TXN02183,CUST0382,2023-04-14,Jewellery,13039.5,4,5,49550.1,Debit Card,0
TXN02184,CUST0843,2024-02-05,Grocery,1930.65,3,10,5212.76,UPI,1
TXN02185,CUST0396,2023-09-03,Books,241.02,1,10,216.92,UPI,0
TXN02186,CUST0941,2024-11-07,Sports,5897.85,3,10,15924.2,Debit Card,0
TXN02187,CUST0253,2023-07-11,Home & Kitchen,9454.35,5,10,42544.58,Wallet,0
TXN02188,CUST0285,2024-12-07,Beauty,2282.73,4,5,8674.37,Net Banking,0
TXN02189,CUST0239,2024-10-05,Travel,4090.2,1,10,3681.18,Net Banking,0
TXN02190,CUST0945,2023-10-23,Fashion,7891.4,5,5,37484.15,Debit Card,0
TXN02191,CUST0826,2023-05-24,Books,645.61,2,10,1162.1,Debit Card,0
TXN02192,CUST0977,2024-12-31,Home & Kitchen,11855.8,2,20,18969.28,Debit Card,0
TXN02193,CUST0396,2023-01-26,Fashion,2942.35,2,10,5296.23,Debit Card,0
TXN02194,CUST0253,2023-09-08,Sports,6015.19,1,15,5112.91,Net Banking,1
TXN02195,CUST0627,2024-08-29,Fashion,3413.48,3,10,9216.4,Credit Card,0
TXN02196,CUST0963,2024-12-12,Travel,22524.74,1,10,20272.27,Net Banking,1
TXN02197,CUST0854,2024-09-06,Fashion,663.89,1,10,597.5,Debit Card,0
TXN02198,CUST0374,2023-07-12,Books,636.03,1,0,636.03,Credit Card,0
TXN02199,CUST0521,2024-01-16,Electronics,71711.75,2,30,100396.45,Debit Card,0
TXN02200,CUST0917,2023-01-02,Books,1082.03,3,0,3246.09,Credit Card,0
TXN02201,CUST0735,2024-08-25,Travel,11289.1,1,5,10724.64,Credit Card,0
TXN02202,CUST0053,2023-02-14,Beauty,3078.43,3,0,9235.29,Net Banking,0
TXN02203,CUST0911,2023-01-03,Electronics,71917.31,4,0,287669.24,UPI,0
TXN02204,CUST0578,2024-03-24,Sports,8580.39,1,15,7293.33,Credit Card,0
TXN02205,CUST0870,2024-07-29,Books,350.72,1,5,333.18,Wallet,0
TXN02206,CUST0350,2023-05-15,Electronics,70087.44,1,20,56069.95,Credit Card,0
TXN02207,CUST0859,2023-10-18,Jewellery,16474.11,4,0,65896.44,Debit Card,0
TXN02208,CUST0143,2023-10-05,Books,763.0,4,0,3052.0,Credit Card,0
TXN02209,CUST0651,2023-06-25,Electronics,44460.71,2,0,88921.42,Credit Card,0
TXN02210,CUST0172,2023-10-09,Grocery,2581.42,5,10,11616.39,Credit Card,0
TXN02211,CUST0172,2023-04-30,Beauty,4678.56,3,20,11228.54,Net Banking,0
TXN02212,CUST0768,2023-06-23,Home & Kitchen,14001.07,5,10,63004.82,Wallet,0
TXN02213,CUST0106,2024-03-14,Fashion,559.66,1,5,531.68,Net Banking,0
TXN02214,CUST0817,2024-04-03,Electronics,74141.64,1,30,51899.15,UPI,0
TXN02215,CUST0031,2024-09-21,Home & Kitchen,1572.29,2,0,3144.58,UPI,1
TXN02216,CUST0442,2023-12-07,Books,508.79,5,10,2289.56,Debit Card,0
TXN02217,CUST0578,2024-11-27,Home & Kitchen,8112.83,1,5,7707.19,Debit Card,0
TXN02218,CUST0982,2024-12-26,Jewellery,25036.43,5,0,125182.15,UPI,0
TXN02219,CUST0742,2023-05-01,Toys,2537.43,2,0,5074.86,Wallet,0
TXN02220,CUST0084,2024-07-28,Toys,2073.95,5,0,10369.75,Credit Card,1
TXN02221,CUST0268,2024-10-22,Beauty,4691.57,3,20,11259.77,Debit Card,0
TXN02222,CUST0158,2024-05-07,Electronics,23041.16,2,10,41474.09,Debit Card,1
TXN02223,CUST0013,2023-10-03,Jewellery,15153.19,5,20,60612.76,Debit Card,0
TXN02224,CUST0624,2023-01-29,Fashion,7405.53,1,10,6664.98,UPI,0
TXN02225,CUST0721,2024-11-15,Sports,1474.83,4,10,5309.39,Debit Card,0
TXN02226,CUST0264,2023-09-01,Travel,37744.97,4,15,128332.9,Credit Card,0
TXN02227,CUST0502,2023-11-17,Beauty,3504.16,2,25,5256.24,Debit Card,0
TXN02228,CUST0016,2024-10-04,Travel,31815.88,4,0,127263.52,UPI,1
TXN02229,CUST0059,2023-12-18,Toys,2868.66,3,5,8175.68,Debit Card,0
TXN02230,CUST0063,2024-06-15,Grocery,683.71,2,15,1162.31,Net Banking,0
TXN02231,CUST0243,2023-03-22,Sports,10320.01,1,30,7224.01,Debit Card,0
TXN02232,CUST0289,2023-10-20,Sports,2196.29,1,30,1537.4,Credit Card,0
TXN02233,CUST0332,2023-10-21,Travel,25846.31,2,10,46523.36,Credit Card,0
TXN02234,CUST0255,2024-05-11,Grocery,410.72,4,0,1642.88,Credit Card,0
TXN02235,CUST0461,2024-04-02,Books,886.03,4,0,3544.12,Credit Card,0
TXN02236,CUST0737,2024-11-12,Home & Kitchen,10310.39,1,25,7732.79,Debit Card,0
TXN02237,CUST0463,2024-07-11,Beauty,4723.74,3,5,13462.66,UPI,0
TXN02238,CUST0746,2023-03-01,Jewellery,37488.14,4,0,149952.56,Debit Card,0
TXN02239,CUST0230,2024-08-30,Sports,6768.57,3,25,15229.28,Net Banking,1
TXN02240,CUST0249,2024-06-26,Travel,56159.17,4,0,224636.68,Credit Card,0
TXN02241,CUST0587,2024-01-15,Home & Kitchen,7593.8,2,15,12909.46,Credit Card,0
TXN02242,CUST0013,2023-11-20,Toys,2376.46,5,10,10694.07,Credit Card,0
TXN02243,CUST0950,2024-09-19,Jewellery,30612.73,1,0,30612.73,Wallet,0
TXN02244,CUST0217,2023-03-03,Travel,26368.84,2,5,50100.8,Debit Card,1
TXN02245,CUST0473,2023-05-26,Beauty,4240.87,4,0,16963.48,Debit Card,0
TXN02246,CUST0793,2023-12-28,Fashion,1888.82,1,10,1699.94,Credit Card,0
TXN02247,CUST0866,2023-02-22,Sports,6925.2,5,10,31163.4,UPI,1
TXN02248,CUST0133,2024-02-06,Toys,2972.26,5,0,14861.3,UPI,1
TXN02249,CUST0705,2024-07-16,Beauty,4548.69,4,30,12736.33,Debit Card,1
TXN02250,CUST0246,2024-11-11,Electronics,71293.88,1,5,67729.19,UPI,0
TXN02251,CUST0664,2024-12-07,Toys,2182.34,4,0,8729.36,Debit Card,0
TXN02252,CUST0705,2024-03-24,Jewellery,32871.75,5,0,164358.75,Credit Card,0
TXN02253,CUST0590,2023-03-24,Electronics,34567.83,2,0,69135.66,UPI,1
TXN02254,CUST0562,2024-01-14,Toys,2032.26,2,30,2845.16,Wallet,0
TXN02255,CUST0361,2024-10-07,Travel,54657.15,3,0,163971.45,UPI,0
TXN02256,CUST0010,2024-04-02,Fashion,7480.28,5,5,35531.33,Credit Card,0
TXN02257,CUST0704,2023-03-22,Home & Kitchen,13514.88,5,20,54059.52,Credit Card,0
TXN02258,CUST0051,2024-12-31,Fashion,1537.78,4,10,5536.01,Wallet,0
TXN02259,CUST0031,2024-05-28,Fashion,6875.63,3,5,19595.55,Debit Card,0
TXN02260,CUST0217,2023-11-05,Travel,57056.73,3,20,136936.15,UPI,0
TXN02261,CUST0992,2024-05-08,Grocery,1211.5,1,15,1029.77,UPI,0
TXN02262,CUST0704,2023-08-24,Toys,2218.99,4,0,8875.96,UPI,0
TXN02263,CUST0297,2024-10-29,Home & Kitchen,11863.15,2,10,21353.67,Credit Card,0
TXN02264,CUST0933,2023-02-06,Books,908.81,1,25,681.61,Credit Card,0
TXN02265,CUST0648,2024-10-18,Travel,59628.56,3,10,160997.11,Debit Card,0
TXN02266,CUST0448,2023-11-21,Grocery,1476.0,2,15,2509.2,Wallet,0
TXN02267,CUST0461,2023-02-25,Travel,43694.73,5,30,152931.56,Credit Card,0
TXN02268,CUST0346,2023-05-01,Grocery,2419.26,4,15,8225.48,Debit Card,1
TXN02269,CUST0940,2023-11-10,Fashion,4205.75,3,0,12617.25,UPI,0
TXN02270,CUST0781,2023-07-30,Sports,10369.62,5,0,51848.1,Debit Card,0
TXN02271,CUST0550,2023-04-13,Sports,6826.16,3,10,18430.63,Debit Card,0
TXN02272,CUST0402,2024-03-14,Electronics,35873.81,2,0,71747.62,UPI,0
TXN02273,CUST0393,2023-02-07,Books,295.56,1,30,206.89,Net Banking,0
TXN02274,CUST0823,2024-09-11,Home & Kitchen,6386.47,2,5,12134.29,Debit Card,0
TXN02275,CUST0939,2024-02-18,Grocery,2255.02,4,10,8118.07,Net Banking,0
TXN02276,CUST0196,2023-08-12,Toys,3708.76,4,15,12609.78,Debit Card,0
TXN02277,CUST0828,2023-10-20,Fashion,2387.6,3,10,6446.52,UPI,0
TXN02278,CUST0684,2024-11-26,Jewellery,19051.3,2,5,36197.47,Credit Card,0
TXN02279,CUST0070,2023-06-04,Toys,869.66,1,0,869.66,Debit Card,0
TXN02280,CUST0365,2023-02-01,Toys,2855.67,4,10,10280.41,Credit Card,0
TXN02281,CUST0227,2023-08-22,Grocery,2888.53,1,20,2310.82,Debit Card,0
TXN02282,CUST0606,2024-05-03,Home & Kitchen,9901.52,5,15,42081.46,Credit Card,0
TXN02283,CUST0034,2024-07-23,Fashion,5128.07,3,5,14615.0,Net Banking,0
TXN02284,CUST0268,2023-11-29,Fashion,4651.17,1,0,4651.17,UPI,0
TXN02285,CUST0011,2024-11-05,Home & Kitchen,2056.07,3,20,4934.57,UPI,0
TXN02286,CUST0126,2023-01-17,Sports,8916.34,5,25,33436.27,Debit Card,0
TXN02287,CUST0511,2024-02-18,Beauty,3129.63,1,5,2973.15,Net Banking,0
TXN02288,CUST0664,2024-10-19,Electronics,54610.76,1,15,46419.15,Net Banking,0
TXN02289,CUST0014,2023-08-28,Travel,54232.23,5,5,257603.09,Debit Card,1
TXN02290,CUST0372,2023-10-13,Electronics,63797.06,2,10,114834.71,Debit Card,0
TXN02291,CUST0686,2023-12-12,Sports,9502.43,1,20,7601.94,Debit Card,0
TXN02292,CUST0483,2024-01-10,Grocery,2796.11,1,0,2796.11,Credit Card,1
TXN02293,CUST0521,2023-01-16,Grocery,2971.82,4,10,10698.55,Wallet,0
TXN02294,CUST0434,2024-08-09,Books,934.73,2,0,1869.46,Debit Card,1
TXN02295,CUST0386,2023-09-17,Electronics,13166.12,1,5,12507.81,Debit Card,0
TXN02296,CUST0288,2023-12-27,Electronics,39434.74,5,10,177456.33,UPI,0
TXN02297,CUST0705,2024-02-03,Travel,47893.27,3,0,143679.81,Credit Card,0
TXN02298,CUST0858,2024-04-04,Grocery,277.63,5,10,1249.34,Credit Card,0
TXN02299,CUST0912,2024-05-30,Toys,510.48,2,0,1020.96,Credit Card,0
TXN02300,CUST0623,2023-03-26,Electronics,10036.83,4,15,34125.22,Debit Card,0
TXN02301,CUST0851,2023-03-04,Travel,44669.04,4,0,178676.16,Credit Card,0
TXN02302,CUST0692,2023-04-10,Home & Kitchen,7916.57,4,15,26916.34,UPI,0
TXN02303,CUST0184,2023-10-22,Jewellery,19707.1,5,10,88681.95,Debit Card,0
TXN02304,CUST0328,2023-06-11,Home & Kitchen,2299.76,3,30,4829.5,Debit Card,0
TXN02305,CUST0298,2023-06-27,Travel,44737.69,3,25,100659.8,Credit Card,0
TXN02306,CUST0373,2024-03-19,Toys,1487.77,1,0,1487.77,Credit Card,0
TXN02307,CUST0321,2023-11-24,Books,508.19,3,0,1524.57,UPI,1
TXN02308,CUST0034,2023-11-24,Grocery,2026.49,3,15,5167.55,Credit Card,1
TXN02309,CUST0881,2023-02-11,Books,904.66,1,10,814.19,UPI,0
TXN02310,CUST0103,2023-08-30,Books,639.25,5,0,3196.25,Credit Card,0
TXN02311,CUST0149,2023-12-08,Travel,39564.79,5,0,197823.95,UPI,0
TXN02312,CUST0734,2023-04-01,Grocery,959.42,2,10,1726.96,UPI,0
TXN02313,CUST0380,2023-01-28,Fashion,6461.23,5,25,24229.61,Debit Card,0
TXN02314,CUST0024,2024-04-03,Jewellery,13007.31,4,25,39021.93,Wallet,0
TXN02315,CUST0726,2024-10-28,Electronics,16912.83,4,0,67651.32,Debit Card,0
TXN02316,CUST0395,2024-09-22,Books,1206.29,2,5,2291.95,Net Banking,0
TXN02317,CUST0585,2024-01-20,Home & Kitchen,10852.07,3,0,32556.21,Credit Card,0
TXN02318,CUST0028,2024-05-01,Fashion,1869.79,2,10,3365.62,Debit Card,0
TXN02319,CUST0351,2023-08-08,Fashion,1371.84,1,15,1166.06,Credit Card,0
TXN02320,CUST0034,2023-09-21,Toys,3402.08,2,15,5783.54,UPI,0
TXN02321,CUST0750,2023-05-01,Books,1198.41,2,10,2157.14,UPI,0
TXN02322,CUST0293,2023-02-15,Books,591.8,4,0,2367.2,Debit Card,0
TXN02323,CUST0830,2023-10-07,Beauty,3393.53,1,5,3223.85,UPI,0
TXN02324,CUST0375,2023-04-25,Travel,10077.13,1,25,7557.85,Net Banking,0
TXN02325,CUST0276,2023-06-17,Toys,2176.08,2,0,4352.16,UPI,0
TXN02326,CUST0005,2024-03-10,Fashion,640.48,1,5,608.46,Credit Card,0
TXN02327,CUST0774,2023-09-03,Fashion,3437.01,1,15,2921.46,Debit Card,0
TXN02328,CUST0253,2024-04-28,Beauty,651.76,5,15,2769.98,Debit Card,0
TXN02329,CUST0396,2024-01-10,Electronics,40636.04,1,25,30477.03,Credit Card,0
TXN02330,CUST0180,2023-10-07,Sports,5407.17,3,5,15410.43,Debit Card,0
TXN02331,CUST0371,2023-01-22,Home & Kitchen,7110.27,1,10,6399.24,Credit Card,0
TXN02332,CUST0332,2024-12-14,Sports,1116.78,4,10,4020.41,Wallet,0
TXN02333,CUST0393,2023-03-09,Books,638.18,5,25,2393.17,UPI,0
TXN02334,CUST0502,2024-10-09,Grocery,2318.15,4,15,7881.71,Net Banking,0
TXN02335,CUST0447,2023-02-27,Toys,1664.98,4,20,5327.94,Wallet,0
TXN02336,CUST0168,2024-06-10,Books,1115.48,3,0,3346.44,UPI,0
TXN02337,CUST0920,2023-09-21,Electronics,32710.9,5,15,139021.32,Credit Card,0
TXN02338,CUST0218,2024-11-12,Sports,5424.93,2,5,10307.37,UPI,0
TXN02339,CUST0528,2024-02-27,Books,911.25,1,0,911.25,Credit Card,0
TXN02340,CUST0051,2024-05-13,Home & Kitchen,14299.68,3,0,42899.04,Credit Card,0
TXN02341,CUST0614,2023-10-18,Fashion,1316.45,3,15,3356.95,Credit Card,0
TXN02342,CUST0754,2023-06-18,Travel,4876.08,2,5,9264.55,Credit Card,0
TXN02343,CUST0838,2024-07-13,Jewellery,31181.94,3,20,74836.66,UPI,0
TXN02344,CUST0919,2024-04-06,Books,1431.28,2,15,2433.18,Net Banking,0
TXN02345,CUST0234,2024-08-30,Electronics,79229.23,2,0,158458.46,Credit Card,0
TXN02346,CUST0365,2024-07-09,Toys,2091.41,2,15,3555.4,Credit Card,0
TXN02347,CUST0839,2023-12-19,Grocery,1510.63,3,0,4531.89,Credit Card,0
TXN02348,CUST0698,2023-08-28,Home & Kitchen,9958.49,2,5,18921.13,UPI,0
TXN02349,CUST0993,2023-10-10,Beauty,2911.48,3,10,7861.0,Debit Card,0
TXN02350,CUST0351,2024-03-24,Electronics,52556.6,5,20,210226.4,Wallet,0
TXN02351,CUST0469,2024-08-04,Sports,10563.59,2,10,19014.46,Credit Card,0
TXN02352,CUST0888,2023-03-07,Travel,45539.45,3,20,109294.68,Wallet,0
TXN02353,CUST0510,2023-11-23,Sports,6264.4,3,15,15974.22,Credit Card,0
TXN02354,CUST0902,2024-03-31,Fashion,3963.98,3,5,11297.34,Debit Card,0
TXN02355,CUST0217,2024-04-21,Travel,39457.3,1,10,35511.57,Credit Card,1
TXN02356,CUST0027,2023-10-12,Sports,5795.05,1,15,4925.79,UPI,0
TXN02357,CUST0591,2023-01-31,Toys,1993.78,2,0,3987.56,Credit Card,0
TXN02358,CUST0107,2024-03-23,Sports,785.89,5,20,3143.56,Net Banking,0
TXN02359,CUST0792,2023-08-02,Home & Kitchen,3271.71,2,15,5561.91,Credit Card,0
TXN02360,CUST0106,2024-11-23,Home & Kitchen,7736.89,4,0,30947.56,UPI,0
TXN02361,CUST0934,2024-12-14,Jewellery,41487.37,4,30,116164.64,Credit Card,0
TXN02362,CUST0829,2024-08-02,Sports,3777.49,5,0,18887.45,Debit Card,0
TXN02363,CUST0947,2023-01-25,Toys,2233.78,5,25,8376.68,Credit Card,0
TXN02364,CUST0635,2024-01-08,Toys,1576.36,5,5,7487.71,Wallet,0
TXN02365,CUST0699,2024-02-01,Books,291.49,1,15,247.77,Credit Card,0
TXN02366,CUST0860,2023-12-03,Grocery,2883.24,1,10,2594.92,Debit Card,0
TXN02367,CUST0734,2024-11-02,Travel,51716.41,4,15,175835.79,Debit Card,0
TXN02368,CUST0051,2023-10-07,Electronics,10886.93,5,0,54434.65,UPI,0
TXN02369,CUST0648,2024-09-14,Beauty,3683.0,3,0,11049.0,Credit Card,0
TXN02370,CUST0823,2024-07-12,Travel,22812.05,4,0,91248.2,Net Banking,0
TXN02371,CUST0238,2024-11-21,Travel,59706.44,5,20,238825.76,Debit Card,0
TXN02372,CUST0492,2024-07-01,Fashion,2767.99,3,0,8303.97,Debit Card,0
TXN02373,CUST0190,2023-07-17,Travel,16608.09,5,15,70584.38,Credit Card,0
TXN02374,CUST0743,2024-07-07,Fashion,4759.18,2,20,7614.69,Debit Card,0
TXN02375,CUST0865,2024-04-23,Books,1277.42,3,25,2874.2,Debit Card,0
TXN02376,CUST0330,2024-08-24,Grocery,739.05,2,0,1478.1,Credit Card,0
TXN02377,CUST0323,2024-08-02,Toys,2924.79,1,20,2339.83,Credit Card,0
TXN02378,CUST0089,2023-03-11,Jewellery,4947.52,4,0,19790.08,UPI,1
TXN02379,CUST0794,2024-05-19,Toys,3700.06,5,15,15725.26,Credit Card,1
TXN02380,CUST0539,2023-04-20,Sports,1524.25,4,15,5182.45,Credit Card,0
TXN02381,CUST0694,2024-01-17,Beauty,4596.89,5,0,22984.45,UPI,0
TXN02382,CUST0240,2024-02-01,Grocery,1574.26,2,0,3148.52,Credit Card,0
TXN02383,CUST0503,2024-02-13,Grocery,1454.66,3,10,3927.58,Debit Card,0
TXN02384,CUST0467,2023-12-17,Books,1463.96,3,5,4172.29,UPI,0
TXN02385,CUST0520,2024-06-17,Beauty,4954.81,5,25,18580.54,Credit Card,0
TXN02386,CUST0217,2024-05-15,Sports,8012.03,2,5,15222.86,Debit Card,0
TXN02387,CUST0476,2024-12-07,Sports,2049.16,5,25,7684.35,Credit Card,1
TXN02388,CUST0334,2024-02-25,Jewellery,26296.16,5,10,118332.72,Debit Card,0
TXN02389,CUST0339,2024-07-10,Electronics,44687.23,5,30,156405.3,Wallet,0
TXN02390,CUST0228,2023-04-21,Toys,2203.45,3,15,5618.8,Debit Card,1
TXN02391,CUST0142,2023-07-28,Travel,35461.03,5,20,141844.12,UPI,0
TXN02392,CUST0461,2024-03-14,Beauty,388.01,3,0,1164.03,UPI,0
TXN02393,CUST0925,2023-06-27,Sports,8707.99,1,10,7837.19,UPI,0
TXN02394,CUST0681,2024-02-29,Sports,8721.3,2,0,17442.6,UPI,0
TXN02395,CUST0203,2023-11-24,Electronics,13660.23,1,0,13660.23,Credit Card,0
TXN02396,CUST0587,2023-01-11,Grocery,1796.67,5,10,8085.02,Debit Card,0
TXN02397,CUST0987,2023-09-09,Sports,7079.32,3,15,18052.27,Net Banking,0
TXN02398,CUST0591,2023-08-23,Jewellery,34757.62,2,0,69515.24,Debit Card,1
TXN02399,CUST0735,2024-10-09,Sports,1573.53,4,10,5664.71,Credit Card,0
TXN02400,CUST0602,2023-09-11,Sports,7742.14,2,10,13935.85,Credit Card,0
TXN02401,CUST0792,2024-07-19,Electronics,26056.4,2,0,52112.8,Credit Card,0
TXN02402,CUST0746,2024-04-22,Jewellery,26336.14,5,10,118512.63,Net Banking,0
TXN02403,CUST0572,2023-05-09,Home & Kitchen,11781.19,1,15,10014.01,UPI,0
TXN02404,CUST0668,2024-06-15,Fashion,5792.34,1,0,5792.34,UPI,0
TXN02405,CUST0992,2023-04-10,Electronics,13917.73,4,15,47320.28,Debit Card,0
TXN02406,CUST0010,2023-10-17,Grocery,1855.32,5,10,8348.94,Credit Card,1
TXN02407,CUST0543,2024-07-22,Grocery,2913.53,2,20,4661.65,Credit Card,0
TXN02408,CUST0632,2023-08-14,Beauty,1036.82,1,0,1036.82,Debit Card,0
TXN02409,CUST0782,2024-10-14,Electronics,68968.03,1,20,55174.42,Credit Card,1
TXN02410,CUST0911,2023-05-05,Books,1098.44,3,0,3295.32,Credit Card,0
TXN02411,CUST0718,2024-03-13,Electronics,63050.25,2,5,119795.48,Credit Card,0
TXN02412,CUST0711,2024-07-17,Home & Kitchen,4803.81,5,0,24019.05,UPI,0
TXN02413,CUST0792,2024-10-07,Sports,3881.93,1,20,3105.54,Credit Card,0
TXN02414,CUST0430,2024-10-26,Electronics,72951.46,5,15,310043.7,Debit Card,0
TXN02415,CUST0207,2023-12-13,Books,635.77,2,0,1271.54,Net Banking,1
TXN02416,CUST0231,2024-11-28,Travel,6591.88,2,0,13183.76,Credit Card,0
TXN02417,CUST0288,2023-07-02,Books,960.81,1,0,960.81,Debit Card,0
TXN02418,CUST0878,2023-12-17,Grocery,549.49,4,0,2197.96,Net Banking,1
TXN02419,CUST0074,2024-05-29,Home & Kitchen,12111.67,5,10,54502.52,UPI,0
TXN02420,CUST0550,2024-01-13,Sports,7915.91,5,15,33642.62,UPI,0
TXN02421,CUST0704,2024-12-08,Books,1330.88,3,25,2994.48,Credit Card,0
TXN02422,CUST0533,2024-04-09,Home & Kitchen,11944.69,2,30,16722.57,Wallet,1
TXN02423,CUST0735,2024-11-08,Travel,9390.48,2,15,15963.82,Credit Card,1
TXN02424,CUST0393,2023-12-06,Jewellery,20291.39,1,0,20291.39,Wallet,0
TXN02425,CUST0205,2023-05-21,Jewellery,39178.89,1,5,37219.95,Wallet,0
TXN02426,CUST0142,2023-04-21,Jewellery,22032.39,1,10,19829.15,UPI,0
TXN02427,CUST0750,2023-09-18,Travel,58424.83,3,10,157747.04,UPI,0
TXN02428,CUST0955,2023-07-07,Sports,8987.44,4,10,32354.78,UPI,0
TXN02429,CUST0686,2024-01-06,Fashion,616.25,1,30,431.38,Debit Card,0
TXN02430,CUST0804,2023-12-24,Fashion,7099.89,1,20,5679.91,Debit Card,0
TXN02431,CUST0967,2023-09-30,Home & Kitchen,2231.43,1,0,2231.43,Wallet,0
TXN02432,CUST0550,2024-11-27,Jewellery,8745.14,3,0,26235.42,Credit Card,0
TXN02433,CUST0773,2024-08-26,Grocery,2256.58,5,20,9026.32,Wallet,0
TXN02434,CUST0577,2024-03-24,Sports,10460.64,4,20,33474.05,UPI,0
TXN02435,CUST0038,2024-12-06,Fashion,4522.62,5,0,22613.1,UPI,0
TXN02436,CUST0756,2024-02-21,Electronics,26678.73,2,15,45353.84,Credit Card,0
TXN02437,CUST0357,2024-01-23,Beauty,1951.18,2,15,3317.01,Credit Card,0
TXN02438,CUST0396,2023-12-04,Toys,1568.69,1,10,1411.82,Wallet,0
TXN02439,CUST0048,2023-11-07,Travel,21620.65,5,0,108103.25,Credit Card,0
TXN02440,CUST0750,2023-11-25,Travel,16845.85,3,20,40430.04,UPI,0
TXN02441,CUST0268,2023-02-16,Fashion,5066.5,4,15,17226.1,UPI,0
TXN02442,CUST0902,2024-10-17,Travel,54323.1,5,0,271615.5,Credit Card,0
TXN02443,CUST0372,2023-05-29,Jewellery,16739.96,5,15,71144.83,UPI,0
TXN02444,CUST0490,2023-12-16,Toys,990.77,4,15,3368.62,Credit Card,0
TXN02445,CUST0049,2023-11-19,Grocery,2548.02,5,20,10192.08,Debit Card,0
TXN02446,CUST0413,2023-04-30,Electronics,60633.75,5,0,303168.75,Debit Card,0
TXN02447,CUST0841,2024-02-02,Home & Kitchen,14017.89,4,30,39250.09,UPI,0
TXN02448,CUST0547,2024-10-07,Toys,912.42,3,0,2737.26,Net Banking,0
TXN02449,CUST0545,2023-07-16,Grocery,603.9,4,10,2174.04,Credit Card,0
TXN02450,CUST0844,2024-02-17,Travel,33861.48,1,15,28782.26,Debit Card,0
TXN02451,CUST0532,2024-03-14,Fashion,5108.25,1,5,4852.84,Debit Card,0
TXN02452,CUST0057,2023-02-06,Books,798.23,1,10,718.41,Debit Card,0
TXN02453,CUST0977,2023-07-06,Home & Kitchen,9305.33,1,20,7444.26,Debit Card,0
TXN02454,CUST0572,2024-02-24,Sports,2656.33,2,10,4781.39,Net Banking,0
TXN02455,CUST0294,2024-12-25,Beauty,2554.18,3,10,6896.29,Wallet,0
TXN02456,CUST0070,2024-04-04,Fashion,5435.69,2,0,10871.38,Credit Card,1
TXN02457,CUST0502,2023-04-20,Travel,27664.27,5,0,138321.35,UPI,0
TXN02458,CUST0080,2023-07-06,Fashion,5595.86,5,0,27979.3,UPI,0
TXN02459,CUST0065,2024-04-15,Jewellery,23657.18,4,30,66240.1,Wallet,0
TXN02460,CUST0374,2023-03-19,Travel,22015.18,1,15,18712.9,Credit Card,0
TXN02461,CUST0476,2024-01-09,Fashion,2777.04,4,30,7775.71,Net Banking,0
TXN02462,CUST0606,2023-11-26,Toys,1820.34,5,0,9101.7,Wallet,0
TXN02463,CUST0214,2023-05-05,Toys,385.43,1,15,327.62,Wallet,0
TXN02464,CUST0977,2023-11-12,Electronics,55139.39,3,0,165418.17,UPI,0
TXN02465,CUST0840,2023-11-16,Electronics,68382.92,5,15,290627.41,Debit Card,0
TXN02466,CUST0032,2024-04-19,Home & Kitchen,5835.7,4,5,22175.66,UPI,0
TXN02467,CUST0237,2024-05-03,Fashion,845.25,4,0,3381.0,Debit Card,0
TXN02468,CUST0545,2024-05-28,Electronics,79008.17,5,10,355536.76,Debit Card,0
TXN02469,CUST0466,2023-11-30,Jewellery,14657.52,2,0,29315.04,Debit Card,0
TXN02470,CUST0371,2023-03-12,Grocery,554.54,3,15,1414.08,Debit Card,0
TXN02471,CUST0671,2024-04-09,Electronics,32731.44,5,15,139108.62,Debit Card,0
TXN02472,CUST0562,2024-01-11,Fashion,6039.18,5,15,25666.52,Credit Card,0
TXN02473,CUST0631,2024-12-24,Toys,1387.49,4,30,3884.97,Credit Card,0
TXN02474,CUST0493,2023-01-08,Beauty,3001.11,1,5,2851.05,Debit Card,0
TXN02475,CUST0684,2024-11-26,Books,711.01,1,10,639.91,Credit Card,0
TXN02476,CUST0117,2023-06-13,Sports,1942.51,1,20,1554.01,Net Banking,1
TXN02477,CUST0115,2023-10-22,Electronics,29771.53,4,10,107177.51,Debit Card,1
TXN02478,CUST0814,2023-12-24,Sports,8863.52,1,0,8863.52,UPI,0
TXN02479,CUST0850,2023-03-22,Books,976.21,5,20,3904.84,Credit Card,0
TXN02480,CUST0448,2023-10-02,Home & Kitchen,2500.85,2,0,5001.7,Net Banking,0
TXN02481,CUST0744,2024-09-08,Toys,904.29,2,0,1808.58,Wallet,0
TXN02482,CUST0685,2024-06-23,Toys,2670.71,2,0,5341.42,Debit Card,0
TXN02483,CUST0375,2023-02-16,Books,1248.11,1,0,1248.11,Credit Card,0
TXN02484,CUST0504,2024-01-27,Fashion,3121.06,2,0,6242.12,UPI,0
TXN02485,CUST0350,2024-07-20,Sports,7386.54,1,0,7386.54,UPI,1
TXN02486,CUST0421,2023-03-20,Sports,2545.34,5,5,12090.36,Credit Card,0
TXN02487,CUST0330,2024-05-27,Books,570.36,5,0,2851.8,Wallet,0
TXN02488,CUST0487,2024-11-10,Sports,831.08,4,0,3324.32,Debit Card,0
TXN02489,CUST0459,2023-01-23,Fashion,6262.07,4,15,21291.04,UPI,1
TXN02490,CUST0346,2023-08-16,Toys,1783.74,3,0,5351.22,Debit Card,0
TXN02491,CUST0618,2024-03-13,Home & Kitchen,12388.98,5,0,61944.9,Credit Card,0
TXN02492,CUST0427,2023-10-25,Jewellery,36001.9,1,5,34201.8,Credit Card,0
TXN02493,CUST0051,2023-09-17,Toys,3366.35,3,5,9594.1,Credit Card,0
TXN02494,CUST0598,2024-11-06,Grocery,999.84,5,5,4749.24,Wallet,0
TXN02495,CUST0457,2023-01-10,Grocery,718.3,1,5,682.38,UPI,0
TXN02496,CUST0905,2024-09-19,Toys,3896.05,5,15,16558.21,Net Banking,1
TXN02497,CUST0566,2023-06-07,Fashion,5879.96,5,10,26459.82,Wallet,0
TXN02498,CUST0257,2023-06-07,Jewellery,42034.03,1,25,31525.52,Credit Card,0
TXN02499,CUST0770,2023-11-16,Home & Kitchen,986.49,5,10,4439.2,Credit Card,0
TXN02500,CUST0203,2023-07-21,Sports,4640.86,5,10,20883.87,Wallet,0
TXN02501,CUST0466,2023-05-01,Grocery,2279.89,5,0,11399.45,UPI,0
TXN02502,CUST0955,2023-05-19,Grocery,418.35,4,15,1422.39,UPI,0
TXN02503,CUST0799,2024-11-04,Grocery,1788.55,2,0,3577.1,Debit Card,0
TXN02504,CUST0360,2024-12-20,Travel,27457.15,5,10,123557.18,Net Banking,0
TXN02505,CUST0718,2024-07-20,Fashion,632.12,1,5,600.51,Debit Card,0
TXN02506,CUST0614,2023-12-05,Toys,1173.11,5,15,4985.72,Net Banking,0
TXN02507,CUST0849,2023-09-17,Jewellery,15670.02,4,25,47010.06,Wallet,0
TXN02508,CUST0134,2024-03-08,Toys,713.88,4,25,2141.64,UPI,0
TXN02509,CUST0841,2023-02-13,Travel,38997.6,5,0,194988.0,Debit Card,0
TXN02510,CUST0281,2023-06-08,Grocery,878.71,3,0,2636.13,Debit Card,0
TXN02511,CUST0649,2023-12-21,Books,524.79,2,20,839.66,Credit Card,1
TXN02512,CUST0090,2023-04-08,Travel,54199.6,1,10,48779.64,UPI,0
TXN02513,CUST0059,2024-06-21,Fashion,4003.42,1,10,3603.08,Credit Card,0
TXN02514,CUST0826,2024-12-10,Home & Kitchen,6368.22,1,15,5412.99,Wallet,0
TXN02515,CUST0051,2024-08-31,Sports,8852.13,1,10,7966.92,UPI,0
TXN02516,CUST0090,2023-08-27,Beauty,4575.18,4,30,12810.5,Wallet,0
TXN02517,CUST0915,2024-04-19,Jewellery,3201.74,2,10,5763.13,Credit Card,0
TXN02518,CUST0402,2024-06-07,Travel,28549.61,5,10,128473.24,Wallet,0
TXN02519,CUST0371,2024-07-10,Home & Kitchen,9473.1,5,10,42628.95,UPI,1
TXN02520,CUST0948,2024-01-27,Beauty,1797.25,3,20,4313.4,Net Banking,1
TXN02521,CUST0031,2023-01-09,Home & Kitchen,11768.19,5,10,52956.86,Credit Card,0
TXN02522,CUST0774,2024-05-27,Toys,3894.47,2,10,7010.05,Debit Card,0
TXN02523,CUST0975,2024-01-24,Toys,3790.68,5,30,13267.38,UPI,1
TXN02524,CUST0506,2023-07-29,Grocery,944.75,4,10,3401.1,Debit Card,0
TXN02525,CUST0628,2023-02-23,Electronics,21975.37,5,5,104383.01,Credit Card,0
TXN02526,CUST0260,2024-09-07,Sports,11515.39,1,15,9788.08,Wallet,0
TXN02527,CUST0620,2023-06-01,Fashion,3939.71,1,15,3348.75,Credit Card,0
TXN02528,CUST0750,2024-02-14,Fashion,2062.23,1,0,2062.23,Credit Card,0
TXN02529,CUST0023,2023-01-10,Grocery,2179.59,1,10,1961.63,Debit Card,1
TXN02530,CUST0875,2024-07-05,Toys,1352.36,4,15,4598.02,Wallet,0
TXN02531,CUST0977,2024-07-09,Grocery,948.29,4,10,3413.84,UPI,0
TXN02532,CUST0288,2023-09-25,Books,1336.99,4,15,4545.77,Debit Card,0
TXN02533,CUST0805,2024-10-28,Travel,12261.31,5,10,55175.9,Debit Card,0
TXN02534,CUST0601,2024-03-26,Travel,6670.4,1,30,4669.28,Net Banking,0
TXN02535,CUST0487,2024-08-16,Jewellery,14920.95,3,0,44762.85,Credit Card,0
TXN02536,CUST0858,2023-07-16,Toys,2545.7,3,0,7637.1,Credit Card,0
TXN02537,CUST0912,2024-02-02,Electronics,14231.59,1,5,13520.01,Credit Card,0
TXN02538,CUST0417,2023-02-21,Books,786.65,2,10,1415.97,Debit Card,0
TXN02539,CUST0632,2024-04-13,Books,996.91,5,5,4735.32,UPI,1
TXN02540,CUST0233,2024-01-03,Toys,3440.33,3,0,10320.99,UPI,0
TXN02541,CUST0402,2024-01-09,Travel,16102.57,4,15,54748.74,UPI,0
TXN02542,CUST0735,2023-02-28,Beauty,4141.53,2,5,7868.91,Credit Card,0
TXN02543,CUST0041,2023-10-21,Travel,16389.66,4,10,59002.78,Credit Card,0
TXN02544,CUST0294,2023-04-20,Jewellery,34484.79,2,15,58624.14,Credit Card,0
TXN02545,CUST0541,2024-06-25,Jewellery,22672.33,2,15,38542.96,Credit Card,0
TXN02546,CUST0828,2023-04-17,Toys,724.32,5,5,3440.52,Credit Card,0
TXN02547,CUST0756,2023-10-24,Sports,8742.6,4,10,31473.36,UPI,0
TXN02548,CUST0744,2023-04-05,Sports,3082.49,4,5,11713.46,Debit Card,0
TXN02549,CUST0790,2024-12-19,Electronics,18246.76,3,20,43792.22,UPI,0
TXN02550,CUST0364,2024-11-14,Sports,4684.88,1,20,3747.9,Debit Card,0
TXN02551,CUST0743,2024-04-16,Home & Kitchen,10076.72,1,5,9572.88,Credit Card,0
TXN02552,CUST0945,2023-03-20,Home & Kitchen,4122.75,3,0,12368.25,Debit Card,0
TXN02553,CUST0396,2023-09-07,Fashion,1877.46,2,0,3754.92,UPI,0
TXN02554,CUST0870,2024-12-30,Home & Kitchen,941.34,3,5,2682.82,Net Banking,0
TXN02555,CUST0673,2023-12-05,Beauty,2516.72,3,10,6795.14,Net Banking,0
TXN02556,CUST0710,2023-02-26,Beauty,2314.63,4,15,7869.74,Debit Card,0
TXN02557,CUST0142,2023-05-27,Beauty,1399.18,3,5,3987.66,UPI,0
TXN02558,CUST0558,2023-01-17,Home & Kitchen,1561.86,2,15,2655.16,Credit Card,0
TXN02559,CUST0564,2024-01-03,Electronics,37194.19,1,25,27895.64,UPI,0
TXN02560,CUST0074,2024-12-09,Travel,47927.69,5,15,203692.68,Wallet,0
TXN02561,CUST0589,2023-07-08,Toys,2946.54,3,0,8839.62,UPI,0
TXN02562,CUST0163,2024-10-05,Grocery,2610.23,3,10,7047.62,Debit Card,0
TXN02563,CUST0416,2023-09-05,Fashion,571.87,4,10,2058.73,UPI,0
TXN02564,CUST0236,2023-05-30,Jewellery,48388.13,4,20,154842.02,Wallet,0
TXN02565,CUST0909,2024-12-14,Books,610.91,3,5,1741.09,Credit Card,0
TXN02566,CUST0993,2023-08-01,Jewellery,49539.09,3,5,141186.41,Debit Card,0
TXN02567,CUST0120,2023-08-05,Fashion,2394.65,2,10,4310.37,Debit Card,1
TXN02568,CUST0956,2023-01-06,Jewellery,24633.75,1,10,22170.38,Credit Card,0
TXN02569,CUST0703,2024-10-31,Travel,23173.88,1,15,19697.8,Debit Card,0
TXN02570,CUST0487,2024-08-09,Jewellery,19076.51,5,0,95382.55,Debit Card,0
TXN02571,CUST0547,2024-01-30,Jewellery,42429.54,1,10,38186.59,Credit Card,0
TXN02572,CUST0312,2023-10-31,Travel,45545.88,5,0,227729.4,Debit Card,0
TXN02573,CUST0097,2024-07-11,Travel,59552.63,4,5,226299.99,UPI,0
TXN02574,CUST0988,2024-02-15,Home & Kitchen,9511.91,5,15,40425.62,Credit Card,0
TXN02575,CUST0463,2024-02-07,Travel,29405.63,5,0,147028.15,Wallet,0
TXN02576,CUST0930,2024-01-15,Grocery,452.21,1,5,429.6,Credit Card,0
TXN02577,CUST0121,2024-03-27,Sports,11960.8,3,15,30500.04,UPI,0
TXN02578,CUST0648,2023-08-17,Grocery,1744.29,4,15,5930.59,Credit Card,0
TXN02579,CUST0772,2024-11-24,Jewellery,35622.92,2,0,71245.84,Debit Card,0
TXN02580,CUST0294,2024-05-19,Grocery,1338.88,5,10,6024.96,Debit Card,0
TXN02581,CUST0788,2024-08-17,Fashion,4607.87,5,0,23039.35,UPI,0
TXN02582,CUST0417,2023-05-25,Toys,3787.54,5,0,18937.7,UPI,0
TXN02583,CUST0434,2023-02-19,Sports,2497.18,3,10,6742.39,UPI,0
TXN02584,CUST0082,2024-02-28,Toys,1381.78,2,0,2763.56,Debit Card,0
TXN02585,CUST0500,2023-04-10,Books,355.28,1,30,248.7,Credit Card,0
TXN02586,CUST0833,2023-12-09,Grocery,2418.2,4,0,9672.8,UPI,0
TXN02587,CUST0643,2024-10-12,Toys,529.57,3,15,1350.4,Debit Card,1
TXN02588,CUST0426,2024-06-09,Travel,7653.0,2,20,12244.8,Credit Card,1
TXN02589,CUST0528,2023-01-13,Electronics,27387.06,4,30,76683.77,Credit Card,0
TXN02590,CUST0846,2023-06-21,Electronics,43564.11,1,5,41385.9,Debit Card,1
TXN02591,CUST0226,2024-05-03,Travel,26157.66,4,20,83704.51,Credit Card,0
TXN02592,CUST0408,2023-12-25,Toys,465.82,5,30,1630.37,Debit Card,0
TXN02593,CUST0898,2023-04-16,Jewellery,47959.59,5,0,239797.95,UPI,0
TXN02594,CUST0434,2023-07-08,Travel,57313.56,3,10,154746.61,Debit Card,0
TXN02595,CUST0705,2024-06-12,Sports,3784.66,4,0,15138.64,Wallet,0
TXN02596,CUST0294,2023-02-19,Beauty,3738.17,5,10,16821.76,Credit Card,0
TXN02597,CUST0512,2023-09-06,Fashion,4839.32,3,10,13066.16,Credit Card,0
TXN02598,CUST0955,2024-02-14,Jewellery,13398.88,3,0,40196.64,UPI,0
TXN02599,CUST0332,2024-01-26,Sports,3588.76,3,15,9151.34,Net Banking,0
TXN02600,CUST0793,2024-01-14,Toys,2117.27,1,0,2117.27,UPI,0
TXN02601,CUST0741,2023-08-15,Jewellery,22123.37,5,20,88493.48,UPI,0
TXN02602,CUST0020,2024-08-13,Jewellery,15979.01,5,0,79895.05,Net Banking,0
TXN02603,CUST0490,2023-08-01,Toys,3287.79,2,15,5589.24,UPI,0
TXN02604,CUST0529,2024-06-12,Travel,30443.39,1,0,30443.39,UPI,0
TXN02605,CUST0486,2023-12-12,Toys,2722.94,5,0,13614.7,Net Banking,0
TXN02606,CUST0084,2024-02-23,Grocery,729.97,5,15,3102.37,Credit Card,0
TXN02607,CUST0307,2023-03-25,Grocery,1693.82,2,0,3387.64,Net Banking,0
TXN02608,CUST0440,2023-07-16,Fashion,2884.82,4,10,10385.35,Credit Card,0
TXN02609,CUST0264,2024-06-13,Electronics,44481.02,4,25,133443.06,Wallet,0
TXN02610,CUST0421,2023-08-09,Home & Kitchen,11887.73,1,0,11887.73,Credit Card,0
TXN02611,CUST0578,2023-06-25,Fashion,6266.85,3,20,15040.44,Debit Card,0
TXN02612,CUST0854,2024-08-06,Fashion,3156.66,2,0,6313.32,Wallet,0
TXN02613,CUST0992,2024-08-25,Beauty,3563.1,2,0,7126.2,Credit Card,0
TXN02614,CUST0867,2023-11-18,Home & Kitchen,14166.32,5,0,70831.6,UPI,1
TXN02615,CUST0583,2024-06-18,Electronics,51925.2,5,30,181738.2,Debit Card,0
TXN02616,CUST0951,2024-12-25,Jewellery,9123.69,2,0,18247.38,Credit Card,0
TXN02617,CUST0026,2024-01-29,Home & Kitchen,10451.86,3,20,25084.46,Wallet,0
TXN02618,CUST0544,2024-10-01,Beauty,793.05,4,30,2220.54,Credit Card,0
TXN02619,CUST0547,2024-07-24,Books,1327.35,1,5,1260.98,UPI,0
TXN02620,CUST0432,2023-11-20,Fashion,4374.95,4,10,15749.82,Debit Card,0
TXN02621,CUST0184,2023-03-26,Toys,1725.02,1,15,1466.27,Net Banking,0
TXN02622,CUST0774,2024-03-02,Fashion,927.55,3,5,2643.52,UPI,0
TXN02623,CUST0781,2023-09-25,Travel,24704.67,2,0,49409.34,UPI,1
TXN02624,CUST0829,2023-04-22,Beauty,4545.07,3,5,12953.45,Wallet,0
TXN02625,CUST0848,2024-09-19,Fashion,657.37,2,15,1117.53,Credit Card,0
TXN02626,CUST0097,2024-02-02,Fashion,4059.86,5,15,17254.4,UPI,0
TXN02627,CUST0661,2023-02-21,Home & Kitchen,14022.44,1,0,14022.44,UPI,0
TXN02628,CUST0009,2023-03-25,Home & Kitchen,6406.74,5,0,32033.7,Debit Card,0
TXN02629,CUST0587,2024-09-14,Toys,1884.25,2,25,2826.38,Debit Card,0
TXN02630,CUST0813,2024-12-12,Sports,7195.58,1,0,7195.58,UPI,0
TXN02631,CUST0222,2024-12-31,Travel,29387.43,1,15,24979.32,UPI,0
TXN02632,CUST0033,2024-02-29,Toys,923.83,5,0,4619.15,Credit Card,0
TXN02633,CUST0845,2023-01-21,Books,175.05,1,20,140.04,Credit Card,0
TXN02634,CUST0517,2024-11-18,Travel,37759.26,2,25,56638.89,Credit Card,0
TXN02635,CUST0786,2023-02-25,Home & Kitchen,13875.45,2,0,27750.9,Credit Card,0
TXN02636,CUST0833,2023-10-18,Fashion,1297.73,5,0,6488.65,Credit Card,0
TXN02637,CUST0445,2024-10-16,Jewellery,12125.73,3,10,32739.47,Debit Card,0
TXN02638,CUST0372,2024-01-08,Fashion,3276.72,2,0,6553.44,Debit Card,0
TXN02639,CUST0695,2023-01-08,Electronics,65655.67,2,5,124745.77,Net Banking,0
TXN02640,CUST0338,2023-05-04,Toys,1296.26,1,15,1101.82,UPI,1
TXN02641,CUST0095,2023-04-11,Travel,53277.1,1,0,53277.1,Credit Card,0
TXN02642,CUST0146,2023-04-03,Jewellery,4637.98,2,5,8812.16,Credit Card,0
TXN02643,CUST0231,2024-01-20,Electronics,75571.75,5,15,321179.94,UPI,0
TXN02644,CUST0466,2023-03-21,Books,907.01,3,10,2448.93,Net Banking,0
TXN02645,CUST0425,2023-10-25,Fashion,5440.83,1,5,5168.79,UPI,0
TXN02646,CUST0597,2023-01-31,Sports,4791.66,1,15,4072.91,UPI,0
TXN02647,CUST0705,2024-01-13,Beauty,3975.37,3,15,10137.19,Credit Card,0
TXN02648,CUST0662,2023-11-26,Electronics,17492.47,1,10,15743.22,Debit Card,0
TXN02649,CUST0371,2023-10-26,Fashion,866.84,5,0,4334.2,UPI,0
TXN02650,CUST0588,2023-10-09,Fashion,3466.38,1,0,3466.38,Credit Card,0
TXN02651,CUST0576,2023-01-12,Travel,51660.66,1,20,41328.53,Debit Card,0
TXN02652,CUST0269,2024-09-30,Travel,46030.83,2,20,73649.33,Credit Card,0
TXN02653,CUST0773,2024-11-29,Sports,6495.58,5,15,27606.22,Debit Card,0
TXN02654,CUST0531,2023-03-10,Electronics,47910.33,5,0,239551.65,UPI,0
TXN02655,CUST0377,2024-06-06,Home & Kitchen,2644.48,2,10,4760.06,Debit Card,0
TXN02656,CUST0440,2023-01-23,Travel,50918.85,4,20,162940.32,Debit Card,0
TXN02657,CUST0489,2023-12-03,Beauty,3998.71,3,5,11396.32,UPI,0
TXN02658,CUST0053,2024-03-02,Fashion,5423.53,5,0,27117.65,Wallet,0
TXN02659,CUST0612,2023-07-28,Fashion,3996.43,4,10,14387.15,UPI,0
TXN02660,CUST0608,2023-08-03,Books,1452.02,3,20,3484.85,UPI,0
TXN02661,CUST0180,2024-09-26,Books,1336.69,5,0,6683.45,Credit Card,1
TXN02662,CUST0835,2024-02-27,Sports,7946.51,1,10,7151.86,Debit Card,0
TXN02663,CUST0398,2023-03-14,Electronics,32885.07,5,10,147982.82,Credit Card,0
TXN02664,CUST0487,2024-12-22,Grocery,1930.46,3,10,5212.24,Credit Card,0
TXN02665,CUST0649,2024-08-28,Jewellery,29621.16,4,15,100711.94,Debit Card,0
TXN02666,CUST0845,2024-10-27,Travel,25471.79,1,10,22924.61,Debit Card,0
TXN02667,CUST0287,2023-10-01,Electronics,28000.55,3,0,84001.65,UPI,0
TXN02668,CUST0545,2024-12-25,Fashion,3552.58,3,0,10657.74,Net Banking,0
TXN02669,CUST0721,2024-10-01,Toys,2423.47,5,10,10905.62,UPI,0
TXN02670,CUST0612,2023-08-21,Books,727.98,2,0,1455.96,Credit Card,0
TXN02671,CUST0948,2023-02-10,Jewellery,14651.58,2,10,26372.84,UPI,0
TXN02672,CUST0888,2023-10-16,Travel,46374.91,1,15,39418.67,Debit Card,0
TXN02673,CUST0865,2024-07-08,Home & Kitchen,8346.84,3,0,25040.52,UPI,0
TXN02674,CUST0945,2023-09-27,Home & Kitchen,1760.99,4,10,6339.56,Debit Card,0
TXN02675,CUST0705,2024-03-14,Books,647.23,1,10,582.51,Credit Card,0
TXN02676,CUST0260,2023-11-10,Electronics,71368.51,1,0,71368.51,UPI,0
TXN02677,CUST0281,2024-05-24,Travel,46048.48,5,10,207218.16,UPI,0
TXN02678,CUST0891,2024-01-29,Jewellery,17515.85,4,25,52547.55,Wallet,0
TXN02679,CUST0471,2023-01-28,Fashion,7536.37,3,5,21478.65,Credit Card,0
TXN02680,CUST0581,2023-09-27,Electronics,10745.22,3,10,29012.09,UPI,0
TXN02681,CUST0737,2024-04-11,Books,1447.67,3,0,4343.01,Debit Card,0
TXN02682,CUST0705,2023-03-15,Sports,3401.04,1,0,3401.04,Debit Card,0
TXN02683,CUST0484,2024-10-18,Grocery,225.46,5,0,1127.3,UPI,0
TXN02684,CUST0293,2024-11-04,Electronics,37535.6,1,15,31905.26,Net Banking,0
TXN02685,CUST0945,2023-09-03,Beauty,1987.16,2,5,3775.6,UPI,0
TXN02686,CUST0014,2024-02-14,Travel,33728.07,2,0,67456.14,Credit Card,0
TXN02687,CUST0427,2024-05-12,Home & Kitchen,12114.17,3,15,30891.13,Debit Card,0
TXN02688,CUST0420,2024-02-22,Beauty,4259.42,5,0,21297.1,Credit Card,1
TXN02689,CUST0415,2023-07-30,Electronics,35092.25,3,0,105276.75,Debit Card,0
TXN02690,CUST0261,2023-08-11,Electronics,37238.43,3,5,106129.53,UPI,0
TXN02691,CUST0632,2023-12-26,Beauty,996.44,1,5,946.62,Debit Card,0
TXN02692,CUST0941,2024-08-04,Sports,1142.04,3,10,3083.51,UPI,0
TXN02693,CUST0195,2023-01-20,Beauty,3313.71,3,5,9444.07,UPI,0
TXN02694,CUST0476,2024-02-27,Fashion,983.28,5,5,4670.58,UPI,0
TXN02695,CUST0646,2023-05-01,Jewellery,37223.85,5,20,148895.4,Debit Card,0
TXN02696,CUST0925,2023-06-22,Beauty,2833.72,5,20,11334.88,Debit Card,0
TXN02697,CUST0330,2023-02-03,Beauty,1233.34,3,20,2960.02,Debit Card,0
TXN02698,CUST0991,2023-03-12,Travel,33752.81,5,20,135011.24,Credit Card,1
TXN02699,CUST0562,2024-06-28,Jewellery,10783.89,5,10,48527.5,Net Banking,0
TXN02700,CUST0993,2024-09-12,Grocery,1428.46,4,10,5142.46,Net Banking,0
TXN02701,CUST0627,2024-06-18,Beauty,4057.93,4,10,14608.55,UPI,0
TXN02702,CUST0720,2024-10-19,Beauty,2471.02,2,15,4200.73,UPI,0
TXN02703,CUST0143,2023-01-14,Fashion,1615.24,1,10,1453.72,UPI,0
TXN02704,CUST0517,2023-11-02,Home & Kitchen,11078.37,1,0,11078.37,Debit Card,0
TXN02705,CUST0603,2024-07-01,Fashion,1900.76,5,20,7603.04,Credit Card,1
TXN02706,CUST0104,2023-09-28,Beauty,3771.18,2,15,6411.01,Debit Card,0
TXN02707,CUST0217,2023-02-22,Travel,30323.08,2,20,48516.93,Wallet,0
TXN02708,CUST0900,2024-05-08,Fashion,3903.06,4,0,15612.24,Credit Card,0
TXN02709,CUST0607,2024-07-13,Travel,51531.8,2,0,103063.6,Debit Card,0
TXN02710,CUST0053,2024-04-07,Jewellery,36012.97,3,0,108038.91,Net Banking,0
TXN02711,CUST0773,2024-06-06,Travel,4875.92,5,10,21941.64,Debit Card,0
TXN02712,CUST0724,2024-12-22,Sports,3976.39,3,0,11929.17,UPI,0
TXN02713,CUST0467,2023-11-20,Toys,3522.41,1,5,3346.29,Net Banking,0
TXN02714,CUST0293,2024-06-07,Jewellery,2879.66,4,0,11518.64,Debit Card,0
TXN02715,CUST0365,2024-03-18,Toys,2317.44,3,0,6952.32,UPI,0
TXN02716,CUST0947,2023-09-08,Beauty,3720.78,5,15,15813.32,Debit Card,0
TXN02717,CUST0019,2023-06-09,Beauty,3222.72,3,20,7734.53,UPI,0
TXN02718,CUST0149,2023-02-05,Sports,9270.07,3,0,27810.21,Credit Card,0
TXN02719,CUST0989,2024-10-22,Electronics,59426.89,2,10,106968.4,Credit Card,0
TXN02720,CUST0550,2023-07-17,Toys,2860.51,4,0,11442.04,UPI,0
TXN02721,CUST0703,2024-03-25,Fashion,6661.55,1,0,6661.55,Debit Card,0
TXN02722,CUST0435,2024-01-13,Sports,7960.87,5,15,33833.7,Net Banking,0
TXN02723,CUST0776,2023-09-03,Jewellery,21316.09,5,15,90593.38,Debit Card,0
TXN02724,CUST0703,2024-01-28,Grocery,1521.35,1,20,1217.08,UPI,0
TXN02725,CUST0796,2023-07-23,Fashion,5875.44,5,10,26439.48,Credit Card,1
TXN02726,CUST0281,2023-02-13,Travel,52949.44,2,20,84719.1,Wallet,0
TXN02727,CUST0469,2023-11-11,Beauty,1579.43,3,0,4738.29,Debit Card,0
TXN02728,CUST0403,2024-02-12,Jewellery,18419.69,2,0,36839.38,Credit Card,0
TXN02729,CUST0782,2023-07-25,Sports,11210.43,2,0,22420.86,UPI,0
TXN02730,CUST0743,2023-08-29,Toys,2440.49,2,15,4148.83,Wallet,0
TXN02731,CUST0231,2023-02-10,Toys,962.16,1,0,962.16,Wallet,1
TXN02732,CUST0434,2024-08-10,Books,1045.99,4,0,4183.96,Credit Card,0
TXN02733,CUST0793,2024-12-14,Beauty,4956.58,1,10,4460.92,UPI,0
TXN02734,CUST0487,2023-12-29,Fashion,6675.9,1,0,6675.9,Debit Card,0
TXN02735,CUST0535,2023-04-05,Travel,45507.24,2,0,91014.48,UPI,0
TXN02736,CUST0297,2024-06-23,Travel,14858.66,4,0,59434.64,Debit Card,0
TXN02737,CUST0745,2023-05-24,Beauty,4417.86,1,0,4417.86,Debit Card,0
TXN02738,CUST0806,2023-02-28,Books,859.81,4,15,2923.35,Net Banking,0
TXN02739,CUST0545,2024-10-02,Books,1350.54,2,10,2430.97,Net Banking,0
TXN02740,CUST0345,2024-05-23,Fashion,2973.71,1,0,2973.71,UPI,0
TXN02741,CUST0070,2024-05-27,Books,233.77,4,0,935.08,UPI,0
TXN02742,CUST0592,2023-01-22,Sports,6026.13,5,20,24104.52,UPI,0
TXN02743,CUST0456,2023-07-23,Books,514.28,1,10,462.85,Credit Card,0
TXN02744,CUST0811,2024-11-29,Toys,2946.35,1,15,2504.4,UPI,0
TXN02745,CUST0569,2024-04-15,Home & Kitchen,14390.91,1,10,12951.82,UPI,0
TXN02746,CUST0434,2023-10-11,Electronics,56823.06,4,0,227292.24,Debit Card,0
TXN02747,CUST0802,2024-01-07,Toys,3581.66,3,30,7521.49,Net Banking,0
TXN02748,CUST0781,2024-05-12,Toys,1976.19,1,10,1778.57,Net Banking,0
TXN02749,CUST0830,2023-11-28,Grocery,2360.59,5,0,11802.95,Wallet,0
TXN02750,CUST0022,2023-01-27,Grocery,2560.52,5,5,12162.47,Debit Card,0
TXN02751,CUST0329,2023-05-09,Beauty,3641.12,2,5,6918.13,UPI,0
TXN02752,CUST0675,2024-01-15,Grocery,1621.78,3,0,4865.34,Wallet,1
TXN02753,CUST0106,2024-05-21,Beauty,3241.57,3,25,7293.53,Debit Card,0
TXN02754,CUST0675,2023-04-05,Toys,2891.88,4,20,9254.02,UPI,0
TXN02755,CUST0990,2024-07-31,Electronics,23981.33,2,0,47962.66,Wallet,0
TXN02756,CUST0840,2023-06-26,Fashion,6571.84,4,5,24972.99,UPI,0
TXN02757,CUST0350,2024-04-17,Fashion,7627.43,2,15,12966.63,Wallet,0
TXN02758,CUST0925,2024-04-30,Home & Kitchen,7406.4,3,0,22219.2,Debit Card,0
TXN02759,CUST0249,2023-10-02,Jewellery,35651.22,4,10,128344.39,Credit Card,0
TXN02760,CUST0658,2024-10-29,Fashion,6027.69,2,15,10247.07,Credit Card,0
TXN02761,CUST0533,2024-02-27,Jewellery,33787.88,3,15,86159.09,UPI,1
TXN02762,CUST0915,2024-06-14,Books,888.61,3,15,2265.96,Credit Card,0
TXN02763,CUST0268,2023-11-16,Travel,53253.93,1,15,45265.84,UPI,0
TXN02764,CUST0531,2023-02-27,Toys,1961.03,4,30,5490.88,Credit Card,1
TXN02765,CUST0739,2023-09-30,Electronics,9582.72,1,5,9103.58,Wallet,0
TXN02766,CUST0768,2023-07-17,Beauty,4269.41,3,20,10246.58,Credit Card,0
TXN02767,CUST0067,2023-03-20,Jewellery,34351.1,4,0,137404.4,UPI,1
TXN02768,CUST0346,2023-02-10,Home & Kitchen,12859.47,4,0,51437.88,UPI,0
TXN02769,CUST0965,2023-09-02,Fashion,1539.11,5,0,7695.55,Net Banking,0
TXN02770,CUST0845,2023-01-23,Sports,950.58,2,15,1615.99,Debit Card,0
TXN02771,CUST0686,2024-12-09,Fashion,7507.81,5,0,37539.05,Wallet,0
TXN02772,CUST0829,2023-08-24,Grocery,613.64,5,20,2454.56,Debit Card,0
TXN02773,CUST0263,2023-05-06,Toys,3295.71,3,10,8898.42,Credit Card,0
TXN02774,CUST0184,2023-05-20,Grocery,2504.99,2,0,5009.98,UPI,0
TXN02775,CUST0831,2024-01-29,Fashion,5815.29,5,15,24714.98,UPI,0
TXN02776,CUST0608,2023-05-07,Sports,2096.39,5,20,8385.56,Debit Card,0
TXN02777,CUST0756,2023-04-24,Grocery,2068.72,4,15,7033.65,UPI,0
TXN02778,CUST0902,2024-06-08,Electronics,71681.49,3,0,215044.47,Debit Card,0
TXN02779,CUST0235,2023-08-16,Grocery,1391.49,5,20,5565.96,Credit Card,0
TXN02780,CUST0992,2024-06-04,Sports,5314.09,2,15,9033.95,Credit Card,0
TXN02781,CUST0738,2023-05-26,Grocery,1440.0,1,5,1368.0,Wallet,0
TXN02782,CUST0383,2023-06-12,Jewellery,5949.05,1,5,5651.6,UPI,0
TXN02783,CUST0995,2024-12-28,Books,1354.23,3,10,3656.42,Credit Card,1
TXN02784,CUST0547,2023-06-18,Beauty,4385.16,1,20,3508.13,Credit Card,0
TXN02785,CUST0743,2024-06-21,Fashion,7984.32,4,0,31937.28,Debit Card,0
TXN02786,CUST0025,2023-05-05,Jewellery,30088.79,4,0,120355.16,Net Banking,0
TXN02787,CUST0143,2023-10-27,Beauty,3830.6,2,20,6128.96,Credit Card,0
TXN02788,CUST0850,2023-09-07,Books,423.61,3,0,1270.83,Debit Card,0
TXN02789,CUST0834,2024-06-05,Jewellery,34041.38,3,25,76593.1,Credit Card,0
TXN02790,CUST0899,2023-04-15,Home & Kitchen,10026.21,1,5,9524.9,UPI,0
TXN02791,CUST0574,2024-09-09,Jewellery,45258.02,5,10,203661.09,Credit Card,0
TXN02792,CUST0382,2024-05-27,Electronics,67309.45,5,0,336547.25,Credit Card,0
TXN02793,CUST0318,2024-11-24,Sports,11298.52,5,25,42369.45,UPI,0
TXN02794,CUST0734,2024-05-20,Fashion,7016.25,2,15,11927.62,Debit Card,0
TXN02795,CUST0692,2023-10-29,Toys,3514.17,3,25,7906.88,UPI,0
TXN02796,CUST0717,2024-10-14,Beauty,599.5,1,15,509.58,Credit Card,0
TXN02797,CUST0307,2023-08-18,Grocery,2568.69,2,0,5137.38,Debit Card,0
TXN02798,CUST0658,2023-03-05,Fashion,5056.09,4,5,19213.14,Credit Card,0
TXN02799,CUST0828,2024-08-12,Toys,1707.64,4,10,6147.5,UPI,0
TXN02800,CUST0332,2023-08-20,Books,226.29,4,10,814.64,Credit Card,0
TXN02801,CUST0271,2024-08-21,Jewellery,34528.34,3,25,77688.76,Credit Card,0
TXN02802,CUST0467,2023-07-02,Toys,1514.35,4,5,5754.53,Debit Card,0
TXN02803,CUST0706,2023-11-15,Home & Kitchen,7442.42,5,15,31630.28,Debit Card,0
TXN02804,CUST0695,2024-10-19,Fashion,5612.96,4,30,15716.29,Debit Card,0
TXN02805,CUST0684,2023-04-02,Fashion,7338.31,2,0,14676.62,UPI,0
TXN02806,CUST0503,2024-09-26,Fashion,6690.78,4,20,21410.5,Debit Card,0
TXN02807,CUST0466,2023-03-05,Sports,5736.81,5,5,27249.85,Credit Card,0
TXN02808,CUST0669,2023-08-07,Books,673.51,4,15,2289.93,Debit Card,0
TXN02809,CUST0646,2024-12-04,Sports,3333.49,1,0,3333.49,Credit Card,0
TXN02810,CUST0067,2024-09-10,Fashion,3293.2,5,5,15642.7,Credit Card,0
TXN02811,CUST0222,2023-09-04,Home & Kitchen,2376.86,3,0,7130.58,Credit Card,0
TXN02812,CUST0457,2024-04-17,Grocery,2919.1,4,30,8173.48,Credit Card,0
TXN02813,CUST0328,2023-02-26,Home & Kitchen,8949.63,2,20,14319.41,Net Banking,0
TXN02814,CUST0647,2023-02-14,Beauty,900.69,4,0,3602.76,UPI,0
TXN02815,CUST0003,2023-03-27,Books,626.29,2,30,876.81,Debit Card,0
TXN02816,CUST0975,2023-02-07,Jewellery,28257.88,1,10,25432.09,UPI,0
TXN02817,CUST0370,2023-07-01,Fashion,4496.64,3,20,10791.94,Wallet,0
TXN02818,CUST0388,2023-06-13,Toys,431.36,5,0,2156.8,Debit Card,0
TXN02819,CUST0244,2023-05-06,Grocery,2862.35,5,5,13596.16,Debit Card,0
TXN02820,CUST0823,2023-07-26,Jewellery,15218.03,3,15,38805.98,Wallet,0
TXN02821,CUST0017,2023-09-24,Travel,3922.53,1,0,3922.53,UPI,0
TXN02822,CUST0483,2023-12-20,Home & Kitchen,1885.5,1,10,1696.95,UPI,0
TXN02823,CUST0941,2024-02-15,Grocery,1824.55,4,5,6933.29,UPI,0
TXN02824,CUST0614,2024-08-21,Travel,10853.77,1,0,10853.77,Debit Card,0
TXN02825,CUST0101,2024-10-18,Sports,1075.66,4,5,4087.51,UPI,0
TXN02826,CUST0307,2023-05-02,Travel,24638.71,2,30,34494.19,UPI,0
TXN02827,CUST0923,2024-05-22,Jewellery,31892.54,3,0,95677.62,Debit Card,0
TXN02828,CUST0884,2024-09-01,Books,300.98,2,0,601.96,UPI,0
TXN02829,CUST0547,2024-04-13,Home & Kitchen,5249.26,2,10,9448.67,Wallet,0
TXN02830,CUST0381,2023-05-13,Grocery,1369.73,2,15,2328.54,UPI,0
TXN02831,CUST0972,2024-01-14,Travel,12089.23,2,15,20551.69,Debit Card,0
TXN02832,CUST0371,2023-11-14,Home & Kitchen,7986.25,5,15,33941.56,UPI,0
TXN02833,CUST0902,2024-07-30,Grocery,438.6,1,0,438.6,Credit Card,0
TXN02834,CUST0802,2024-12-11,Grocery,330.25,3,5,941.21,Wallet,0
TXN02835,CUST0127,2023-05-05,Jewellery,26952.1,3,15,68727.85,UPI,0
TXN02836,CUST0992,2024-03-26,Home & Kitchen,4320.14,2,25,6480.21,Credit Card,0
TXN02837,CUST0988,2024-12-20,Jewellery,6577.94,3,10,17760.44,Debit Card,0
TXN02838,CUST0604,2023-07-27,Travel,27163.02,4,0,108652.08,UPI,0
TXN02839,CUST0235,2023-10-27,Beauty,4601.16,3,5,13113.31,Credit Card,0
TXN02840,CUST0139,2024-05-03,Books,1127.66,2,0,2255.32,Credit Card,1
TXN02841,CUST0769,2024-09-24,Beauty,4133.39,3,15,10540.14,Debit Card,1
TXN02842,CUST0561,2023-05-22,Electronics,70393.55,1,0,70393.55,Net Banking,0
TXN02843,CUST0190,2024-04-18,Fashion,7794.71,2,0,15589.42,Credit Card,1
TXN02844,CUST0417,2024-07-22,Beauty,3887.26,5,5,18464.48,UPI,0
TXN02845,CUST0590,2023-10-31,Sports,7535.85,1,10,6782.26,Debit Card,0
TXN02846,CUST0396,2024-10-18,Books,643.32,3,5,1833.46,Credit Card,0
TXN02847,CUST0886,2024-07-09,Fashion,1862.32,5,10,8380.44,Debit Card,0
TXN02848,CUST0042,2024-10-05,Travel,42139.61,1,15,35818.67,Debit Card,0
TXN02849,CUST0180,2024-08-15,Jewellery,49757.6,4,5,189078.88,Wallet,0
TXN02850,CUST0667,2023-01-30,Sports,5927.89,1,10,5335.1,Wallet,0
TXN02851,CUST0680,2024-01-12,Fashion,5927.6,5,5,28156.1,Credit Card,0
TXN02852,CUST0742,2023-12-07,Fashion,4213.19,4,5,16010.12,Debit Card,0
TXN02853,CUST0471,2023-07-28,Grocery,1409.41,3,10,3805.41,Wallet,0
TXN02854,CUST0888,2023-08-31,Electronics,35772.92,2,10,64391.26,Debit Card,0
TXN02855,CUST0294,2024-11-25,Jewellery,26221.98,3,15,66866.05,Debit Card,0
TXN02856,CUST0434,2023-06-07,Travel,23913.05,2,10,43043.49,Credit Card,0
TXN02857,CUST0487,2023-05-26,Home & Kitchen,11432.58,2,20,18292.13,UPI,1
TXN02858,CUST0765,2023-12-06,Beauty,4409.08,5,5,20943.13,Debit Card,0
TXN02859,CUST0774,2023-04-02,Books,1341.9,4,10,4830.84,UPI,0
TXN02860,CUST0937,2023-11-25,Electronics,22077.4,4,15,75063.16,Debit Card,0
TXN02861,CUST0669,2023-06-21,Grocery,2708.55,1,0,2708.55,Credit Card,0
TXN02862,CUST0396,2024-12-02,Grocery,1156.34,3,5,3295.57,Credit Card,0
TXN02863,CUST0970,2023-01-31,Fashion,2819.81,5,10,12689.14,Wallet,0
TXN02864,CUST0669,2024-09-12,Toys,2989.0,3,0,8967.0,Net Banking,0
TXN02865,CUST0744,2023-09-29,Beauty,1732.07,1,5,1645.47,UPI,0
TXN02866,CUST0704,2023-04-05,Electronics,8972.48,1,10,8075.23,Credit Card,0
TXN02867,CUST0632,2023-03-18,Fashion,3302.13,5,30,11557.46,Debit Card,0
TXN02868,CUST0208,2023-05-31,Electronics,59109.92,1,20,47287.94,Debit Card,0
TXN02869,CUST0860,2023-05-22,Sports,4327.33,5,0,21636.65,Debit Card,0
TXN02870,CUST0683,2023-08-19,Jewellery,32218.83,1,10,28996.95,Wallet,0
TXN02871,CUST0971,2023-05-08,Books,1041.16,4,0,4164.64,Credit Card,0
TXN02872,CUST0536,2024-11-26,Beauty,3748.56,5,0,18742.8,UPI,1
TXN02873,CUST0298,2024-05-11,Grocery,2711.97,4,15,9220.7,Debit Card,1
TXN02874,CUST0812,2023-10-07,Toys,1900.49,4,0,7601.96,UPI,0
TXN02875,CUST0396,2024-06-24,Travel,12486.63,5,0,62433.15,UPI,0
TXN02876,CUST0211,2024-06-13,Home & Kitchen,5328.75,3,25,11989.69,Debit Card,0
TXN02877,CUST0987,2023-05-11,Jewellery,22744.03,2,20,36390.45,Credit Card,0
TXN02878,CUST0597,2024-04-05,Beauty,3655.29,1,15,3107.0,Debit Card,0
TXN02879,CUST0648,2023-09-26,Sports,749.59,1,20,599.67,Wallet,0
TXN02880,CUST0381,2024-09-09,Beauty,1784.19,3,15,4549.68,Debit Card,0
TXN02881,CUST0172,2024-10-30,Travel,47451.03,2,0,94902.06,Credit Card,0
TXN02882,CUST0362,2024-07-24,Books,1055.66,3,10,2850.28,Net Banking,1
TXN02883,CUST0721,2024-08-26,Books,1137.85,2,5,2161.91,Credit Card,0
TXN02884,CUST0430,2023-09-17,Electronics,65885.81,5,5,312957.6,Debit Card,1
TXN02885,CUST0804,2023-02-20,Fashion,6374.27,5,20,25497.08,Debit Card,1
TXN02886,CUST0990,2023-05-13,Books,1070.95,4,10,3855.42,Debit Card,0
TXN02887,CUST0992,2024-11-09,Toys,1926.75,4,0,7707.0,Debit Card,0
TXN02888,CUST0438,2023-01-05,Home & Kitchen,14767.1,5,0,73835.5,UPI,0
TXN02889,CUST0095,2024-10-09,Sports,7087.43,4,0,28349.72,Credit Card,0
TXN02890,CUST0470,2024-05-16,Travel,14557.84,5,20,58231.36,Debit Card,0
TXN02891,CUST0779,2023-07-03,Grocery,1019.88,3,10,2753.68,Credit Card,0
TXN02892,CUST0993,2024-02-13,Books,1086.31,1,10,977.68,Debit Card,0
TXN02893,CUST0899,2023-04-01,Grocery,2789.27,5,10,12551.72,Credit Card,0
TXN02894,CUST0397,2024-03-11,Books,391.27,5,15,1662.9,Credit Card,0
TXN02895,CUST0988,2023-07-08,Toys,604.68,5,15,2569.89,Debit Card,0
TXN02896,CUST0874,2024-04-24,Grocery,2668.29,4,10,9605.84,Credit Card,0
TXN02897,CUST0587,2024-01-18,Fashion,7364.58,4,25,22093.74,Debit Card,0
TXN02898,CUST0249,2023-11-18,Sports,3750.72,4,30,10502.02,Debit Card,0
TXN02899,CUST0911,2024-03-18,Home & Kitchen,6157.46,4,30,17240.89,Debit Card,0
TXN02900,CUST0514,2024-05-04,Toys,2742.7,3,15,6993.88,Credit Card,0
TXN02901,CUST0923,2023-05-13,Fashion,2974.48,5,25,11154.3,Credit Card,0
TXN02902,CUST0794,2024-11-14,Home & Kitchen,13255.65,3,5,37778.6,UPI,0
TXN02903,CUST0457,2024-03-01,Fashion,1306.84,4,20,4181.89,UPI,0
TXN02904,CUST0955,2023-09-07,Fashion,784.87,3,25,1765.96,UPI,0
TXN02905,CUST0962,2023-03-02,Fashion,2063.65,5,25,7738.69,Wallet,0
TXN02906,CUST0502,2024-07-15,Electronics,26456.58,5,20,105826.32,Wallet,0
TXN02907,CUST0021,2024-02-26,Home & Kitchen,2403.56,4,5,9133.53,Credit Card,0
TXN02908,CUST0461,2024-04-20,Fashion,992.68,5,0,4963.4,Credit Card,0
TXN02909,CUST0148,2023-08-11,Jewellery,38269.17,3,5,109067.13,Net Banking,0
TXN02910,CUST0361,2024-03-13,Jewellery,9885.28,2,15,16804.98,Credit Card,1
TXN02911,CUST0002,2024-11-14,Books,1383.79,5,0,6918.95,UPI,0
TXN02912,CUST0143,2024-01-19,Sports,4795.2,3,10,12947.04,Wallet,0
TXN02913,CUST0131,2023-11-15,Grocery,2077.7,3,10,5609.79,UPI,0
TXN02914,CUST0907,2023-08-13,Books,454.29,3,10,1226.58,Credit Card,0
TXN02915,CUST0834,2024-02-27,Electronics,23024.21,5,25,86340.79,UPI,0
TXN02916,CUST0899,2023-07-10,Jewellery,29586.04,2,15,50296.27,Debit Card,0
TXN02917,CUST0704,2023-03-20,Home & Kitchen,8761.13,4,15,29787.84,Wallet,0
TXN02918,CUST0923,2023-12-31,Sports,9363.51,4,10,33708.64,Credit Card,0
TXN02919,CUST0657,2023-01-22,Sports,9239.07,5,20,36956.28,Debit Card,0
TXN02920,CUST0762,2024-07-01,Grocery,2077.93,5,0,10389.65,UPI,0
TXN02921,CUST0999,2023-11-26,Home & Kitchen,7177.65,1,0,7177.65,Credit Card,1
TXN02922,CUST0268,2023-06-05,Travel,53766.5,2,25,80649.75,Credit Card,0
TXN02923,CUST0014,2023-02-25,Grocery,1943.22,3,15,4955.21,Credit Card,0
TXN02924,CUST0535,2023-09-05,Sports,11888.26,3,15,30315.06,Debit Card,0
TXN02925,CUST0891,2023-09-18,Electronics,66452.74,4,10,239229.86,Wallet,0
TXN02926,CUST0217,2024-03-10,Toys,463.95,5,5,2203.76,Credit Card,1
TXN02927,CUST0804,2024-06-10,Toys,1486.2,2,10,2675.16,Credit Card,0
TXN02928,CUST0319,2024-04-22,Jewellery,29450.03,4,0,117800.12,UPI,0
TXN02929,CUST0001,2024-11-30,Sports,8824.75,2,10,15884.55,Credit Card,0
TXN02930,CUST0627,2024-06-21,Electronics,46275.24,5,10,208238.58,Debit Card,0
TXN02931,CUST0658,2024-06-18,Grocery,2401.17,3,10,6483.16,Debit Card,1
TXN02932,CUST0791,2024-01-16,Electronics,26199.17,1,10,23579.25,Debit Card,0
TXN02933,CUST0860,2023-04-13,Beauty,1164.39,2,30,1630.15,Credit Card,0
TXN02934,CUST0763,2023-01-29,Grocery,350.97,3,15,894.97,Credit Card,0
TXN02935,CUST0952,2024-04-27,Fashion,4799.85,2,20,7679.76,UPI,0
TXN02936,CUST0016,2023-02-26,Grocery,2128.08,2,10,3830.54,Credit Card,0
TXN02937,CUST0216,2023-03-03,Jewellery,17655.19,2,10,31779.34,Net Banking,0
TXN02938,CUST0236,2023-02-17,Toys,2570.26,5,0,12851.3,UPI,0
TXN02939,CUST0429,2024-01-02,Grocery,346.04,4,0,1384.16,Credit Card,0
TXN02940,CUST0578,2024-06-30,Fashion,1244.7,2,10,2240.46,Wallet,0
TXN02941,CUST0087,2024-07-11,Beauty,3598.25,5,5,17091.69,Credit Card,0
TXN02942,CUST0977,2024-06-28,Electronics,32605.23,1,15,27714.45,UPI,0
TXN02943,CUST0847,2023-11-23,Home & Kitchen,10332.94,4,10,37198.58,Debit Card,0
TXN02944,CUST0042,2023-09-23,Toys,3377.37,5,20,13509.48,Credit Card,0
TXN02945,CUST0727,2024-12-28,Electronics,68946.68,1,30,48262.68,Wallet,0
TXN02946,CUST0547,2024-12-29,Beauty,1109.19,4,0,4436.76,Wallet,0
TXN02947,CUST0562,2023-06-25,Home & Kitchen,7705.26,5,5,36599.98,Debit Card,0
TXN02948,CUST0804,2023-02-13,Sports,8966.76,1,15,7621.75,Debit Card,0
TXN02949,CUST0097,2023-08-07,Books,1194.87,5,5,5675.63,Wallet,0
TXN02950,CUST0293,2023-05-06,Jewellery,39664.45,1,0,39664.45,UPI,0
TXN02951,CUST0298,2024-01-14,Electronics,22112.55,2,20,35380.08,Credit Card,0
TXN02952,CUST0945,2023-11-15,Travel,13974.48,2,30,19564.27,Debit Card,0
TXN02953,CUST0845,2023-11-01,Home & Kitchen,9178.18,4,15,31205.81,Net Banking,0
TXN02954,CUST0024,2023-07-19,Sports,9048.38,1,10,8143.54,Net Banking,0
TXN02955,CUST0820,2023-03-26,Travel,21190.95,2,5,40262.8,Wallet,0
TXN02956,CUST0547,2023-02-10,Books,291.35,4,10,1048.86,Credit Card,0
TXN02957,CUST0891,2024-12-23,Books,1117.61,3,10,3017.55,UPI,0
TXN02958,CUST0297,2024-07-04,Toys,1408.88,2,10,2535.98,Credit Card,0
TXN02959,CUST0066,2023-12-29,Travel,12482.68,2,0,24965.36,UPI,1
TXN02960,CUST0668,2023-09-26,Toys,846.58,5,25,3174.68,UPI,0
TXN02961,CUST0115,2023-12-28,Toys,1465.17,3,15,3736.18,Credit Card,1
TXN02962,CUST0484,2024-01-02,Toys,2492.91,1,15,2118.97,UPI,0
TXN02963,CUST0818,2023-06-30,Toys,1626.09,4,25,4878.27,Credit Card,0
TXN02964,CUST0528,2023-08-19,Sports,835.55,3,0,2506.65,Debit Card,0
TXN02965,CUST0042,2023-03-11,Jewellery,6651.6,1,0,6651.6,Debit Card,0
TXN02966,CUST0278,2024-08-10,Grocery,1013.41,2,20,1621.46,UPI,0
TXN02967,CUST0484,2024-05-03,Sports,8120.63,4,30,22737.76,Debit Card,0
TXN02968,CUST0403,2023-08-22,Beauty,763.02,4,10,2746.87,Credit Card,0
TXN02969,CUST0988,2024-03-04,Toys,2374.43,3,0,7123.29,Credit Card,0
TXN02970,CUST0407,2024-10-09,Home & Kitchen,2502.38,5,15,10635.12,UPI,0
TXN02971,CUST0651,2024-10-27,Home & Kitchen,3804.94,1,0,3804.94,Credit Card,0
TXN02972,CUST0324,2023-10-21,Travel,12814.75,3,10,34599.83,UPI,1
TXN02973,CUST0396,2023-12-14,Travel,6832.03,5,0,34160.15,Wallet,1
TXN02974,CUST0469,2023-04-09,Beauty,3455.25,5,25,12957.19,Debit Card,0
TXN02975,CUST0307,2023-12-27,Sports,5882.8,5,10,26472.6,UPI,0
TXN02976,CUST0204,2023-12-24,Home & Kitchen,12600.96,4,20,40323.07,Debit Card,0
TXN02977,CUST0517,2023-05-10,Fashion,1241.68,1,0,1241.68,Debit Card,0
TXN02978,CUST0180,2024-06-02,Fashion,1585.5,1,5,1506.22,Credit Card,0
TXN02979,CUST0133,2024-01-18,Grocery,1058.08,3,25,2380.68,Debit Card,1
TXN02980,CUST0527,2024-09-08,Fashion,6243.99,2,0,12487.98,Wallet,0
TXN02981,CUST0411,2024-07-15,Electronics,27931.91,3,10,75416.16,Net Banking,0
TXN02982,CUST0502,2023-03-05,Toys,1811.15,1,5,1720.59,Wallet,0
TXN02983,CUST0307,2024-01-31,Beauty,1717.54,4,15,5839.64,Wallet,0
TXN02984,CUST0446,2023-06-30,Travel,7572.78,3,0,22718.34,Credit Card,0
TXN02985,CUST0378,2024-08-09,Electronics,75457.52,2,5,143369.29,Credit Card,0
TXN02986,CUST0865,2023-07-08,Jewellery,28329.87,3,15,72241.17,Debit Card,0
TXN02987,CUST0831,2023-07-02,Toys,3214.98,5,5,15271.16,UPI,0
TXN02988,CUST0016,2024-05-06,Home & Kitchen,10148.67,2,0,20297.34,Debit Card,0
TXN02989,CUST0132,2024-08-02,Toys,2202.74,5,15,9361.64,Net Banking,0
TXN02990,CUST0329,2023-06-19,Travel,8111.66,4,10,29201.98,UPI,0
TXN02991,CUST0351,2023-11-18,Books,1017.69,1,0,1017.69,UPI,0
TXN02992,CUST0724,2023-06-21,Books,359.75,3,10,971.32,Credit Card,0
TXN02993,CUST0582,2023-10-11,Electronics,36078.74,3,25,81177.17,Credit Card,0
TXN02994,CUST0216,2024-09-10,Sports,7771.89,5,0,38859.45,Debit Card,0
TXN02995,CUST0019,2024-01-01,Home & Kitchen,11907.65,5,10,53584.42,Wallet,0
TXN02996,CUST0281,2023-04-21,Travel,42047.58,1,15,35740.44,Debit Card,0
TXN02997,CUST0593,2023-03-19,Travel,41277.41,3,0,123832.23,UPI,0
TXN02998,CUST0476,2024-11-28,Travel,11495.41,1,0,11495.41,Wallet,0
TXN02999,CUST0281,2023-09-10,Fashion,3095.96,5,10,13931.82,Credit Card,0
TXN03000,CUST0867,2023-08-24,Travel,5446.0,5,15,23145.5,Credit Card,0
TXN03001,CUST0833,2023-04-03,Books,1121.29,2,0,2242.58,Debit Card,0
TXN03002,CUST0786,2024-10-03,Jewellery,47724.13,5,20,190896.52,UPI,0
TXN03003,CUST0744,2024-11-25,Beauty,1541.32,5,15,6550.61,Wallet,0
TXN03004,CUST0676,2023-02-03,Toys,624.48,1,5,593.26,Credit Card,0
TXN03005,CUST0641,2024-04-25,Beauty,2535.18,2,10,4563.32,Debit Card,0
TXN03006,CUST0042,2024-02-08,Books,1306.54,2,30,1829.16,Debit Card,0
TXN03007,CUST0372,2023-08-10,Books,895.17,3,0,2685.51,UPI,1
TXN03008,CUST0704,2024-05-04,Jewellery,4245.3,4,10,15283.08,Credit Card,0
TXN03009,CUST0217,2023-12-06,Grocery,2927.96,3,10,7905.49,UPI,0
TXN03010,CUST0990,2024-05-27,Electronics,67148.74,3,0,201446.22,Debit Card,0
TXN03011,CUST0294,2024-08-31,Fashion,1486.96,3,0,4460.88,UPI,1
TXN03012,CUST0529,2024-08-21,Sports,11108.49,2,0,22216.98,Debit Card,0
TXN03013,CUST0122,2023-09-09,Travel,28689.23,1,5,27254.77,Debit Card,0
TXN03014,CUST0142,2023-12-30,Travel,24198.19,5,0,120990.95,Net Banking,0
TXN03015,CUST0273,2024-06-10,Jewellery,24130.56,2,20,38608.9,Credit Card,0
TXN03016,CUST0210,2023-05-22,Grocery,2536.8,5,30,8878.8,Credit Card,1
TXN03017,CUST0027,2023-11-07,Travel,40590.34,5,0,202951.7,UPI,0
TXN03018,CUST0190,2024-01-20,Fashion,944.36,4,5,3588.57,UPI,0
TXN03019,CUST0080,2024-08-04,Electronics,76820.33,3,0,230460.99,Debit Card,0
TXN03020,CUST0792,2023-11-08,Fashion,1608.38,4,0,6433.52,Debit Card,0
TXN03021,CUST0268,2023-10-06,Grocery,2287.59,3,5,6519.63,Credit Card,0
TXN03022,CUST0525,2024-07-19,Books,1008.78,2,5,1916.68,Credit Card,1
TXN03023,CUST0796,2023-12-12,Fashion,1906.46,5,25,7149.22,Credit Card,0
TXN03024,CUST0276,2024-01-22,Beauty,1102.44,4,5,4189.27,Wallet,0
TXN03025,CUST0217,2023-10-29,Fashion,7027.46,2,10,12649.43,Net Banking,0
TXN03026,CUST0774,2024-05-21,Books,716.59,2,0,1433.18,Credit Card,0
TXN03027,CUST0775,2023-09-04,Travel,40310.86,3,0,120932.58,Credit Card,0
TXN03028,CUST0677,2024-10-07,Toys,2165.06,5,20,8660.24,Credit Card,0
TXN03029,CUST0012,2024-05-02,Toys,2991.21,3,0,8973.63,Credit Card,0
TXN03030,CUST0823,2023-08-27,Toys,2073.2,3,30,4353.72,Net Banking,0
TXN03031,CUST0378,2024-06-12,Travel,19380.66,2,0,38761.32,Debit Card,0
TXN03032,CUST0917,2023-12-15,Jewellery,19442.4,3,10,52494.48,Credit Card,0
TXN03033,CUST0570,2023-12-18,Electronics,69430.83,1,30,48601.58,Debit Card,0
TXN03034,CUST0546,2023-06-03,Electronics,40102.6,5,0,200513.0,Credit Card,0
TXN03035,CUST0875,2024-05-24,Travel,15166.61,3,5,43224.84,Debit Card,0
TXN03036,CUST0372,2023-07-05,Fashion,7509.54,3,15,19149.33,UPI,0
TXN03037,CUST0763,2024-08-17,Sports,9681.25,4,0,38725.0,Debit Card,0
TXN03038,CUST0390,2024-07-20,Electronics,9174.96,5,15,38993.58,Credit Card,0
TXN03039,CUST0024,2024-02-29,Beauty,4995.03,5,0,24975.15,Debit Card,0
TXN03040,CUST0121,2023-03-03,Beauty,3566.16,3,0,10698.48,UPI,0
TXN03041,CUST0516,2024-02-05,Home & Kitchen,3075.79,1,0,3075.79,Credit Card,0
TXN03042,CUST0059,2023-02-28,Beauty,1414.69,4,25,4244.07,Credit Card,0
TXN03043,CUST0446,2023-05-22,Electronics,56933.41,1,0,56933.41,Debit Card,0
TXN03044,CUST0786,2024-04-10,Sports,9489.28,3,0,28467.84,Debit Card,0
TXN03045,CUST0163,2023-05-29,Books,472.7,5,10,2127.15,Credit Card,0
TXN03046,CUST0322,2024-03-22,Toys,1250.78,5,5,5941.2,Credit Card,0
TXN03047,CUST0649,2023-06-23,Fashion,2803.41,1,5,2663.24,Credit Card,0
TXN03048,CUST0899,2023-11-07,Books,957.32,2,0,1914.64,Debit Card,0
TXN03049,CUST0632,2023-03-03,Sports,2558.7,3,15,6524.68,Credit Card,0
TXN03050,CUST0692,2023-06-16,Jewellery,7003.67,5,10,31516.52,UPI,0
TXN03051,CUST0412,2024-11-12,Toys,2811.8,2,5,5342.42,UPI,0
TXN03052,CUST0786,2023-04-13,Home & Kitchen,11863.19,5,0,59315.95,Debit Card,0
TXN03053,CUST0828,2023-01-28,Jewellery,26044.61,5,10,117200.75,Debit Card,0
TXN03054,CUST0448,2024-08-18,Electronics,32287.45,2,15,54888.66,UPI,0
TXN03055,CUST0587,2024-05-22,Sports,5525.29,1,5,5249.03,Wallet,0
TXN03056,CUST0825,2023-05-14,Toys,1737.11,3,0,5211.33,UPI,0
TXN03057,CUST0782,2023-02-28,Home & Kitchen,14431.79,2,0,28863.58,Debit Card,0
TXN03058,CUST0621,2023-03-31,Fashion,6260.67,2,15,10643.14,UPI,0
TXN03059,CUST0652,2023-03-11,Fashion,2060.65,5,30,7212.28,Debit Card,1
TXN03060,CUST0067,2023-07-04,Travel,24898.78,2,0,49797.56,Debit Card,0
TXN03061,CUST0724,2024-03-13,Electronics,45800.92,3,5,130532.62,Credit Card,0
TXN03062,CUST0916,2024-07-25,Beauty,3181.03,1,0,3181.03,Debit Card,0
TXN03063,CUST0233,2024-04-18,Sports,5937.3,1,5,5640.44,Credit Card,0
TXN03064,CUST0182,2024-10-18,Home & Kitchen,12303.8,1,5,11688.61,Credit Card,0
TXN03065,CUST0715,2023-06-17,Home & Kitchen,11700.01,3,25,26325.02,Credit Card,0
TXN03066,CUST0992,2024-07-31,Beauty,2674.24,5,0,13371.2,Wallet,0
TXN03067,CUST0688,2023-05-04,Beauty,4315.82,3,15,11005.34,Credit Card,0
TXN03068,CUST0669,2023-08-01,Jewellery,38052.3,2,5,72299.37,Debit Card,1
TXN03069,CUST0426,2023-07-01,Toys,3180.75,4,20,10178.4,Wallet,1
TXN03070,CUST0930,2023-03-12,Jewellery,47907.24,4,10,172466.06,UPI,0
TXN03071,CUST0527,2024-07-09,Grocery,946.11,4,0,3784.44,Debit Card,0
TXN03072,CUST0432,2023-07-14,Grocery,949.41,1,25,712.06,UPI,0
TXN03073,CUST0163,2024-07-22,Electronics,71671.42,3,0,215014.26,Debit Card,0
TXN03074,CUST0637,2023-10-19,Travel,47016.9,3,10,126945.63,Credit Card,0
TXN03075,CUST0332,2023-02-26,Sports,11162.62,1,20,8930.1,Net Banking,0
TXN03076,CUST0400,2024-11-13,Home & Kitchen,1696.45,2,0,3392.9,Credit Card,1
TXN03077,CUST0562,2023-10-27,Toys,2622.7,4,10,9441.72,Net Banking,0
TXN03078,CUST0600,2023-11-14,Fashion,1584.71,4,20,5071.07,Credit Card,0
TXN03079,CUST0227,2024-01-06,Fashion,4279.23,1,30,2995.46,UPI,0
TXN03080,CUST0893,2023-03-24,Books,360.26,4,15,1224.88,Debit Card,0
TXN03081,CUST0898,2023-04-04,Beauty,901.97,5,0,4509.85,Wallet,0
TXN03082,CUST0915,2023-09-24,Electronics,5912.63,3,15,15077.21,Debit Card,0
TXN03083,CUST0137,2024-01-11,Books,1000.82,4,15,3402.79,Wallet,0
TXN03084,CUST0342,2023-06-10,Books,634.68,4,15,2157.91,Debit Card,1
TXN03085,CUST0288,2024-09-05,Travel,8995.73,5,20,35982.92,UPI,0
TXN03086,CUST0200,2024-05-16,Sports,4280.35,2,0,8560.7,UPI,0
TXN03087,CUST0720,2024-01-12,Home & Kitchen,3199.01,2,0,6398.02,Credit Card,0
TXN03088,CUST0598,2023-04-22,Toys,3784.27,5,10,17029.22,UPI,0
TXN03089,CUST0379,2024-07-31,Fashion,2900.04,2,30,4060.06,Credit Card,0
TXN03090,CUST0457,2024-09-13,Fashion,3004.65,1,10,2704.18,Debit Card,0
TXN03091,CUST0323,2024-09-23,Fashion,6798.94,5,30,23796.29,UPI,0
TXN03092,CUST0236,2023-10-06,Grocery,2013.72,3,25,4530.87,Wallet,0
TXN03093,CUST0705,2024-03-08,Sports,8695.96,3,25,19565.91,UPI,0
TXN03094,CUST0492,2024-10-21,Electronics,52700.14,3,25,118575.31,Debit Card,0
TXN03095,CUST0371,2023-08-30,Fashion,7596.47,4,20,24308.7,Debit Card,0
TXN03096,CUST0360,2023-08-10,Travel,14799.05,5,20,59196.2,Net Banking,0
TXN03097,CUST0527,2023-10-13,Fashion,7917.79,5,15,33650.61,Wallet,0
TXN03098,CUST0398,2023-01-04,Electronics,67321.71,2,0,134643.42,UPI,0
TXN03099,CUST0597,2023-11-16,Grocery,1849.12,5,0,9245.6,Debit Card,0
TXN03100,CUST0119,2023-11-17,Travel,40755.18,5,0,203775.9,Credit Card,0
TXN03101,CUST0359,2023-01-08,Books,1025.91,2,0,2051.82,Credit Card,0
TXN03102,CUST0768,2023-02-21,Electronics,9379.72,5,0,46898.6,Net Banking,0
TXN03103,CUST0639,2023-05-22,Books,444.32,5,25,1666.2,Wallet,0
TXN03104,CUST0701,2023-10-07,Beauty,4818.91,1,15,4096.07,UPI,0
TXN03105,CUST0584,2023-03-29,Jewellery,27649.49,2,5,52534.03,Wallet,0
TXN03106,CUST0587,2023-06-09,Fashion,3337.65,1,15,2837.0,Debit Card,0
TXN03107,CUST0057,2023-01-28,Electronics,62152.88,4,10,223750.37,UPI,0
TXN03108,CUST0816,2024-06-11,Jewellery,27176.91,2,0,54353.82,Debit Card,0
TXN03109,CUST0731,2023-09-29,Toys,348.7,5,20,1394.8,Debit Card,0
TXN03110,CUST0782,2023-04-10,Travel,44965.54,5,5,213586.32,UPI,0
TXN03111,CUST0368,2023-07-23,Sports,8947.28,1,15,7605.19,Debit Card,0
TXN03112,CUST0108,2023-07-09,Beauty,1076.2,1,0,1076.2,UPI,0
TXN03113,CUST0418,2024-06-29,Toys,3839.64,4,10,13822.7,UPI,0
TXN03114,CUST0398,2023-10-21,Toys,1128.46,4,20,3611.07,Net Banking,0
TXN03115,CUST0116,2023-12-10,Beauty,2451.42,5,0,12257.1,UPI,0
TXN03116,CUST0256,2023-02-22,Books,304.89,3,30,640.27,Debit Card,0
TXN03117,CUST0128,2024-12-04,Electronics,50246.17,4,0,200984.68,Debit Card,1
TXN03118,CUST0395,2024-11-14,Home & Kitchen,6131.41,5,10,27591.34,Credit Card,0
TXN03119,CUST0454,2023-02-16,Fashion,3148.8,4,25,9446.4,Credit Card,0
TXN03120,CUST0761,2024-02-26,Travel,50137.68,2,25,75206.52,Debit Card,0
TXN03121,CUST0473,2024-12-03,Grocery,226.77,1,0,226.77,Credit Card,1
TXN03122,CUST0466,2024-04-09,Electronics,64846.01,5,0,324230.05,UPI,0
TXN03123,CUST0213,2024-07-06,Fashion,4785.86,4,15,16271.92,Debit Card,1
TXN03124,CUST0348,2024-03-04,Electronics,78957.39,1,0,78957.39,Credit Card,0
TXN03125,CUST0829,2024-02-01,Toys,2480.94,3,10,6698.54,Debit Card,0
TXN03126,CUST0583,2023-07-13,Home & Kitchen,1586.38,4,15,5393.69,Credit Card,0
TXN03127,CUST0891,2023-03-07,Grocery,341.81,5,10,1538.14,Credit Card,0
TXN03128,CUST0991,2024-07-08,Electronics,71236.47,2,0,142472.94,Credit Card,0
TXN03129,CUST0184,2024-12-02,Fashion,6809.11,1,10,6128.2,Credit Card,0
TXN03130,CUST0610,2024-08-23,Grocery,1168.49,1,25,876.37,Debit Card,0
TXN03131,CUST0953,2024-04-20,Grocery,1930.49,2,10,3474.88,Debit Card,0
TXN03132,CUST0423,2024-11-18,Sports,6181.34,5,15,26270.7,Debit Card,0
TXN03133,CUST0263,2023-01-26,Travel,58128.35,3,5,165665.8,Credit Card,0
TXN03134,CUST0831,2023-04-09,Toys,3814.86,2,0,7629.72,Credit Card,0
TXN03135,CUST0416,2024-04-20,Sports,11815.76,3,0,35447.28,UPI,0
TXN03136,CUST0829,2024-07-26,Fashion,6998.37,5,10,31492.66,Debit Card,0
TXN03137,CUST0604,2023-03-23,Fashion,7321.64,4,0,29286.56,UPI,1
TXN03138,CUST0372,2024-02-02,Books,443.33,4,10,1595.99,Debit Card,0
TXN03139,CUST0238,2024-11-24,Electronics,67325.51,5,15,286133.42,Wallet,0
TXN03140,CUST0902,2024-11-30,Electronics,58164.28,3,15,148318.91,Debit Card,0
TXN03141,CUST0595,2024-01-28,Books,1449.76,2,0,2899.52,UPI,0
TXN03142,CUST0777,2023-02-13,Jewellery,29420.57,5,15,125037.42,Credit Card,0
TXN03143,CUST0828,2024-04-22,Beauty,700.29,5,15,2976.23,Debit Card,0
TXN03144,CUST0221,2024-09-01,Electronics,49804.92,4,0,199219.68,UPI,0
TXN03145,CUST0703,2023-04-01,Beauty,3526.93,2,0,7053.86,Credit Card,0
TXN03146,CUST0721,2023-11-25,Electronics,21524.08,4,10,77486.69,Credit Card,0
TXN03147,CUST0557,2024-10-14,Travel,25464.46,3,5,72573.71,Wallet,1
TXN03148,CUST0014,2024-02-18,Jewellery,30728.16,3,0,92184.48,Net Banking,0
TXN03149,CUST0500,2024-12-20,Home & Kitchen,6112.3,1,0,6112.3,UPI,0
TXN03150,CUST0549,2024-11-21,Jewellery,19997.49,5,0,99987.45,Net Banking,0
TXN03151,CUST0200,2024-11-29,Fashion,1498.15,2,30,2097.41,Credit Card,0
TXN03152,CUST0196,2023-04-20,Books,1420.01,2,15,2414.02,UPI,0
TXN03153,CUST0815,2023-08-07,Fashion,6128.71,4,10,22063.36,Credit Card,0
TXN03154,CUST0731,2024-04-07,Home & Kitchen,817.66,4,25,2452.98,Debit Card,0
TXN03155,CUST0371,2024-05-29,Sports,9327.99,2,10,16790.38,UPI,0
TXN03156,CUST0008,2024-07-06,Fashion,6048.46,4,15,20564.76,Credit Card,0
TXN03157,CUST0208,2024-09-28,Fashion,572.98,1,0,572.98,UPI,0
TXN03158,CUST0736,2023-09-14,Fashion,3272.03,5,10,14724.14,Debit Card,1
TXN03159,CUST0654,2023-07-12,Grocery,1898.89,1,0,1898.89,Debit Card,0
TXN03160,CUST0026,2024-09-18,Beauty,2427.93,3,5,6919.6,Wallet,0
TXN03161,CUST0865,2023-03-11,Jewellery,39343.33,2,0,78686.66,Net Banking,0
TXN03162,CUST0680,2024-04-03,Sports,5450.22,1,0,5450.22,Credit Card,0
TXN03163,CUST0229,2024-01-17,Jewellery,9385.42,1,0,9385.42,UPI,0
TXN03164,CUST0288,2024-05-08,Travel,58655.69,4,5,222891.62,Debit Card,0
TXN03165,CUST0721,2023-04-07,Beauty,1437.59,4,20,4600.29,Credit Card,0
TXN03166,CUST0008,2024-12-28,Sports,8781.69,4,5,33370.42,Net Banking,0
TXN03167,CUST0804,2023-08-12,Travel,11159.91,3,20,26783.78,Credit Card,1
TXN03168,CUST0718,2023-10-08,Toys,1517.35,1,15,1289.75,Credit Card,0
TXN03169,CUST0955,2023-11-29,Grocery,1437.68,5,10,6469.56,Credit Card,1
TXN03170,CUST0724,2024-10-02,Fashion,1941.74,4,0,7766.96,Debit Card,0
TXN03171,CUST0446,2024-09-02,Grocery,1459.89,3,25,3284.75,Credit Card,0
TXN03172,CUST0557,2024-02-09,Jewellery,9543.82,3,0,28631.46,UPI,0
TXN03173,CUST0793,2024-05-10,Sports,6972.67,4,15,23707.08,Debit Card,0
TXN03174,CUST0743,2023-07-05,Travel,40831.66,2,10,73496.99,Debit Card,0
TXN03175,CUST0942,2023-02-07,Home & Kitchen,1686.57,1,5,1602.24,Credit Card,0
TXN03176,CUST0176,2024-10-06,Travel,52654.53,4,0,210618.12,Debit Card,0
TXN03177,CUST0466,2024-05-02,Grocery,718.39,5,5,3412.35,Debit Card,0
TXN03178,CUST0024,2024-07-09,Fashion,2190.22,1,20,1752.18,Debit Card,0
TXN03179,CUST0243,2024-12-05,Home & Kitchen,10191.17,3,20,24458.81,Credit Card,0
TXN03180,CUST0669,2024-05-20,Jewellery,24500.05,5,25,91875.19,Credit Card,1
TXN03181,CUST0364,2024-05-03,Home & Kitchen,7891.42,1,5,7496.85,Credit Card,0
TXN03182,CUST0024,2023-02-26,Beauty,902.33,5,5,4286.07,UPI,1
TXN03183,CUST0008,2024-05-26,Toys,3281.22,3,0,9843.66,Credit Card,1
TXN03184,CUST0685,2023-09-05,Fashion,5127.91,4,25,15383.73,Debit Card,0
TXN03185,CUST0497,2023-04-14,Grocery,579.07,5,5,2750.58,Debit Card,0
TXN03186,CUST0782,2024-07-10,Sports,4863.59,4,5,18481.64,Wallet,0
TXN03187,CUST0478,2023-03-01,Books,1244.05,3,25,2799.11,Net Banking,0
TXN03188,CUST0434,2024-07-31,Home & Kitchen,8870.64,3,10,23950.73,Wallet,0
TXN03189,CUST0848,2024-07-12,Electronics,13148.66,5,10,59168.97,Net Banking,0
TXN03190,CUST0311,2023-08-26,Books,653.25,5,0,3266.25,UPI,0
TXN03191,CUST0263,2024-01-06,Jewellery,13649.33,3,10,36853.19,Net Banking,0
TXN03192,CUST0070,2023-01-26,Electronics,43809.92,5,25,164287.2,UPI,0
TXN03193,CUST0016,2024-01-28,Electronics,68252.08,5,10,307134.36,Debit Card,0
TXN03194,CUST0730,2024-08-28,Electronics,37720.04,5,0,188600.2,Debit Card,0
TXN03195,CUST0999,2023-04-20,Travel,27700.5,5,0,138502.5,UPI,1
TXN03196,CUST0470,2024-01-27,Books,1372.22,1,5,1303.61,Net Banking,0
TXN03197,CUST0521,2023-09-11,Jewellery,29656.9,3,10,80073.63,Credit Card,0
TXN03198,CUST0828,2024-07-05,Grocery,1785.34,3,0,5356.02,Credit Card,0
TXN03199,CUST0172,2023-04-07,Toys,1269.07,2,10,2284.33,UPI,0
TXN03200,CUST0131,2024-06-21,Jewellery,31170.69,4,10,112214.48,UPI,0
TXN03201,CUST0462,2023-04-14,Grocery,1812.55,2,15,3081.34,Net Banking,0
TXN03202,CUST0164,2024-09-06,Grocery,1311.18,5,0,6555.9,Wallet,0
TXN03203,CUST1000,2024-08-09,Electronics,79302.17,5,15,337034.22,Credit Card,0
TXN03204,CUST0757,2024-08-19,Fashion,7114.18,1,10,6402.76,Credit Card,0
TXN03205,CUST0155,2024-05-10,Books,1161.94,1,5,1103.84,Debit Card,0
TXN03206,CUST0926,2023-08-02,Grocery,1704.57,1,30,1193.2,Net Banking,0
TXN03207,CUST0277,2023-04-23,Books,773.78,1,0,773.78,Credit Card,0
TXN03208,CUST0535,2023-11-08,Beauty,1169.02,1,10,1052.12,Credit Card,0
TXN03209,CUST0042,2024-07-22,Travel,20427.04,1,5,19405.69,Credit Card,0
TXN03210,CUST0721,2023-04-11,Toys,3163.65,1,10,2847.29,Debit Card,0
TXN03211,CUST0246,2024-10-08,Beauty,2432.62,1,10,2189.36,Debit Card,0
TXN03212,CUST0016,2024-10-14,Grocery,2670.35,1,0,2670.35,Net Banking,0
TXN03213,CUST0785,2023-03-25,Jewellery,9099.73,3,15,23204.31,UPI,0
TXN03214,CUST0406,2024-12-19,Books,836.27,1,10,752.64,Net Banking,0
TXN03215,CUST0337,2023-10-29,Beauty,3340.74,4,15,11358.52,Debit Card,0
TXN03216,CUST0532,2024-07-26,Books,847.75,1,0,847.75,UPI,0
TXN03217,CUST0839,2023-08-05,Travel,53685.93,5,0,268429.65,Debit Card,0
TXN03218,CUST0069,2024-07-21,Jewellery,49499.04,5,15,210370.92,Debit Card,0
TXN03219,CUST0502,2024-06-24,Beauty,844.42,1,0,844.42,Credit Card,0
TXN03220,CUST0850,2024-09-14,Books,325.44,1,15,276.62,UPI,1
TXN03221,CUST0999,2023-04-02,Jewellery,8255.56,5,0,41277.8,Debit Card,0
TXN03222,CUST0179,2024-10-15,Electronics,56088.28,4,5,213135.46,Credit Card,0
TXN03223,CUST0119,2024-03-27,Home & Kitchen,6092.0,2,20,9747.2,Credit Card,1
TXN03224,CUST0792,2024-09-05,Electronics,59998.6,3,15,152996.43,Credit Card,0
TXN03225,CUST0328,2023-03-12,Toys,1800.24,5,10,8101.08,Credit Card,0
TXN03226,CUST0860,2024-06-08,Grocery,1957.3,1,20,1565.84,Debit Card,0
TXN03227,CUST0119,2024-02-05,Fashion,6273.94,3,15,15998.55,Debit Card,0
TXN03228,CUST0999,2024-10-30,Home & Kitchen,8584.67,1,10,7726.2,Credit Card,0
TXN03229,CUST0941,2023-03-22,Grocery,1710.61,2,30,2394.85,Debit Card,0
TXN03230,CUST0425,2023-04-10,Beauty,714.7,2,15,1214.99,Wallet,0
TXN03231,CUST0554,2024-08-17,Toys,1819.89,5,10,8189.51,Credit Card,0
TXN03232,CUST0545,2023-08-06,Travel,34109.3,3,5,97211.5,Credit Card,0
TXN03233,CUST0830,2023-05-05,Toys,2009.33,3,25,4520.99,Debit Card,0
TXN03234,CUST0076,2023-07-20,Books,1366.06,2,0,2732.12,UPI,0
TXN03235,CUST0916,2023-01-02,Toys,3654.16,1,0,3654.16,UPI,0
TXN03236,CUST0798,2024-07-27,Beauty,4163.01,5,0,20815.05,Debit Card,1
TXN03237,CUST0232,2023-01-20,Travel,24391.99,4,0,97567.96,UPI,0
TXN03238,CUST0200,2024-12-22,Travel,43886.05,2,5,83383.5,Net Banking,0
TXN03239,CUST0655,2023-06-29,Sports,5106.29,2,20,8170.06,Wallet,0
TXN03240,CUST0227,2024-02-13,Toys,1160.6,5,15,4932.55,Debit Card,0
TXN03241,CUST0225,2023-03-03,Electronics,30717.7,1,0,30717.7,Wallet,0
TXN03242,CUST0363,2023-09-30,Sports,1409.0,3,15,3592.95,UPI,0
TXN03243,CUST0277,2023-01-10,Sports,4382.26,2,10,7888.07,UPI,0
TXN03244,CUST0332,2024-11-29,Beauty,2465.49,5,10,11094.7,UPI,1
TXN03245,CUST0527,2024-09-13,Home & Kitchen,14367.83,5,5,68247.19,Wallet,0
TXN03246,CUST0397,2024-06-23,Electronics,28505.79,5,20,114023.16,Wallet,0
TXN03247,CUST0093,2024-04-04,Travel,54439.85,3,5,155153.57,Credit Card,0
TXN03248,CUST0052,2023-03-02,Toys,1146.78,2,0,2293.56,Debit Card,0
TXN03249,CUST0181,2023-02-27,Sports,2777.05,5,5,13190.99,Wallet,0
TXN03250,CUST0820,2023-10-27,Grocery,1653.19,3,15,4215.63,Debit Card,0
TXN03251,CUST0647,2024-05-11,Grocery,2083.03,1,15,1770.58,Credit Card,0
TXN03252,CUST0860,2023-12-05,Sports,1105.39,4,0,4421.56,Credit Card,0
TXN03253,CUST0971,2023-09-09,Books,448.44,2,0,896.88,UPI,0
TXN03254,CUST0466,2024-02-11,Toys,1986.03,3,15,5064.38,UPI,0
TXN03255,CUST0850,2023-09-13,Beauty,1855.72,4,15,6309.45,Credit Card,0
TXN03256,CUST0598,2024-01-16,Travel,43619.4,4,5,165753.72,UPI,0
TXN03257,CUST0710,2023-05-25,Sports,6427.23,3,20,15425.35,Net Banking,0
TXN03258,CUST0850,2024-08-13,Electronics,17026.93,3,30,35756.55,Credit Card,0
TXN03259,CUST0393,2023-12-07,Sports,10796.91,3,0,32390.73,Credit Card,0
TXN03260,CUST0823,2024-02-07,Jewellery,16059.47,5,10,72267.61,Net Banking,0
TXN03261,CUST0632,2023-10-15,Travel,44674.47,1,0,44674.47,Wallet,0
TXN03262,CUST0256,2023-08-02,Home & Kitchen,11874.8,5,15,50467.9,Credit Card,1
TXN03263,CUST0374,2024-06-15,Travel,57899.99,4,5,220019.96,UPI,0
TXN03264,CUST0407,2024-07-29,Electronics,42388.06,4,0,169552.24,UPI,0
TXN03265,CUST0617,2024-07-01,Jewellery,31560.1,4,15,107304.34,Credit Card,0
TXN03266,CUST0687,2023-07-30,Home & Kitchen,5555.24,3,20,13332.58,Net Banking,1
TXN03267,CUST0940,2023-06-20,Fashion,5586.34,2,0,11172.68,Debit Card,0
TXN03268,CUST0860,2024-06-21,Electronics,39753.76,5,0,198768.8,UPI,0
TXN03269,CUST0045,2023-09-20,Grocery,1425.43,2,5,2708.32,Debit Card,0
TXN03270,CUST0763,2024-11-06,Books,1304.88,1,10,1174.39,Net Banking,0
TXN03271,CUST0193,2024-01-25,Travel,5859.62,1,15,4980.68,Credit Card,0
TXN03272,CUST0027,2024-02-25,Fashion,7114.72,5,10,32016.24,Debit Card,0
TXN03273,CUST0823,2023-03-03,Jewellery,42899.35,4,10,154437.66,Debit Card,1
TXN03274,CUST0794,2023-03-27,Fashion,4297.75,1,15,3653.09,Credit Card,0
TXN03275,CUST0266,2024-08-07,Beauty,2603.95,2,10,4687.11,Net Banking,0
TXN03276,CUST0217,2024-05-05,Toys,1638.69,2,10,2949.64,Credit Card,0
TXN03277,CUST0225,2023-03-01,Travel,59667.91,3,10,161103.36,UPI,0
TXN03278,CUST0669,2024-04-21,Toys,711.33,4,20,2276.26,Net Banking,0
TXN03279,CUST0660,2023-11-16,Grocery,1852.6,3,0,5557.8,UPI,0
TXN03280,CUST0236,2024-11-20,Fashion,5612.61,5,0,28063.05,Debit Card,0
TXN03281,CUST0641,2023-02-21,Jewellery,46847.84,1,0,46847.84,UPI,0
TXN03282,CUST0147,2024-10-18,Grocery,2384.57,3,20,5722.97,Debit Card,0
TXN03283,CUST0066,2023-03-18,Toys,2682.23,3,5,7644.36,Credit Card,0
TXN03284,CUST0410,2023-04-29,Fashion,1376.09,5,5,6536.43,Debit Card,0
TXN03285,CUST0999,2024-12-21,Grocery,1246.45,2,30,1745.03,UPI,0
TXN03286,CUST0253,2023-07-01,Electronics,15413.12,2,25,23119.68,UPI,0
TXN03287,CUST0107,2024-05-20,Sports,10645.83,5,30,37260.4,Debit Card,0
TXN03288,CUST0771,2024-10-11,Books,1161.99,2,0,2323.98,Credit Card,1
TXN03289,CUST0564,2024-09-28,Home & Kitchen,11557.02,5,20,46228.08,UPI,0
TXN03290,CUST0096,2023-06-02,Electronics,53919.24,2,5,102446.56,Debit Card,0
TXN03291,CUST0773,2023-01-18,Grocery,1619.72,5,0,8098.6,Credit Card,0
TXN03292,CUST0131,2023-03-05,Jewellery,9198.61,2,5,17477.36,Wallet,0
TXN03293,CUST0111,2024-05-11,Beauty,1849.57,3,10,4993.84,Debit Card,0
TXN03294,CUST0294,2023-03-20,Sports,2160.84,3,0,6482.52,Debit Card,1
TXN03295,CUST0237,2023-02-28,Home & Kitchen,11093.77,2,10,19968.79,Net Banking,0
TXN03296,CUST0614,2024-02-15,Electronics,17017.16,5,20,68068.64,Credit Card,0
TXN03297,CUST0851,2023-03-02,Beauty,3599.93,3,5,10259.8,UPI,0
TXN03298,CUST0655,2024-04-11,Beauty,3553.6,1,5,3375.92,UPI,0
TXN03299,CUST0090,2024-09-21,Beauty,2458.73,2,5,4671.59,Credit Card,0
TXN03300,CUST0333,2023-03-20,Sports,2141.61,1,25,1606.21,Net Banking,0
TXN03301,CUST0850,2024-11-13,Fashion,2861.01,1,0,2861.01,UPI,0
TXN03302,CUST0364,2024-05-02,Electronics,29006.98,4,5,110226.52,Debit Card,1
TXN03303,CUST0120,2023-09-01,Fashion,5752.89,1,0,5752.89,Credit Card,0
TXN03304,CUST0971,2023-07-27,Travel,9483.35,1,20,7586.68,Wallet,0
TXN03305,CUST0250,2023-03-28,Sports,10051.38,4,0,40205.52,UPI,0
TXN03306,CUST0735,2024-10-12,Beauty,3876.73,4,5,14731.57,Debit Card,0
TXN03307,CUST0698,2024-08-22,Beauty,1175.64,4,5,4467.43,Net Banking,0
TXN03308,CUST0794,2024-10-06,Sports,8798.47,5,20,35193.88,Debit Card,0
TXN03309,CUST0372,2023-02-08,Travel,41105.25,4,0,164421.0,UPI,0
TXN03310,CUST0276,2023-06-25,Books,1159.96,5,10,5219.82,Net Banking,0
TXN03311,CUST0474,2024-04-22,Jewellery,11068.57,2,0,22137.14,Debit Card,0
TXN03312,CUST0639,2024-08-14,Books,362.75,5,30,1269.62,UPI,0
TXN03313,CUST0467,2023-01-20,Fashion,2273.63,2,10,4092.53,Credit Card,0
TXN03314,CUST0016,2023-08-09,Sports,4770.94,4,10,17175.38,UPI,0
TXN03315,CUST0243,2023-10-02,Jewellery,40095.92,4,5,152364.5,Debit Card,0
TXN03316,CUST0522,2024-11-30,Books,1146.2,2,5,2177.78,Credit Card,1
TXN03317,CUST0053,2023-06-03,Fashion,7440.89,3,0,22322.67,Credit Card,0
TXN03318,CUST0461,2024-04-07,Grocery,364.16,5,10,1638.72,Debit Card,0
TXN03319,CUST0513,2024-02-13,Toys,342.76,1,30,239.93,UPI,0
TXN03320,CUST0750,2024-10-16,Jewellery,35558.66,4,5,135122.91,UPI,0
TXN03321,CUST0322,2023-09-08,Home & Kitchen,4765.88,5,20,19063.52,Net Banking,0
TXN03322,CUST0802,2023-07-31,Jewellery,18035.79,5,0,90178.95,Debit Card,0
TXN03323,CUST0724,2024-04-22,Fashion,4601.02,4,25,13803.06,Net Banking,0
TXN03324,CUST0849,2024-10-22,Beauty,781.34,2,5,1484.55,Credit Card,0
TXN03325,CUST0485,2024-11-17,Fashion,5320.21,4,5,20216.8,Debit Card,0
TXN03326,CUST0269,2024-02-23,Electronics,29386.06,5,10,132237.27,Credit Card,0
TXN03327,CUST0907,2023-06-21,Beauty,3273.76,3,15,8348.09,Wallet,0
TXN03328,CUST0401,2024-05-21,Fashion,6755.05,2,15,11483.58,Debit Card,1
TXN03329,CUST0513,2024-10-07,Books,381.0,4,10,1371.6,Debit Card,0
TXN03330,CUST0534,2024-09-19,Toys,3744.23,1,10,3369.81,Debit Card,0
TXN03331,CUST0106,2023-07-22,Fashion,4480.16,4,0,17920.64,Debit Card,0
TXN03332,CUST0353,2024-05-06,Books,1395.95,5,5,6630.76,Net Banking,0
TXN03333,CUST0925,2023-10-22,Home & Kitchen,3749.77,5,5,17811.41,Debit Card,0
TXN03334,CUST0130,2024-04-01,Electronics,50342.2,1,10,45307.98,Debit Card,0
TXN03335,CUST0724,2023-05-26,Grocery,1330.88,2,10,2395.58,Wallet,0
TXN03336,CUST0796,2023-08-26,Electronics,63066.66,5,15,268033.31,Wallet,0
TXN03337,CUST0748,2024-02-28,Beauty,3147.77,2,15,5351.21,Credit Card,0
TXN03338,CUST0332,2023-10-19,Toys,2129.71,2,0,4259.42,UPI,0
TXN03339,CUST0348,2023-06-05,Electronics,73473.91,4,15,249811.29,Debit Card,0
TXN03340,CUST0658,2023-12-16,Jewellery,20101.62,2,0,40203.24,UPI,1
TXN03341,CUST0364,2024-03-17,Grocery,815.94,5,15,3467.75,UPI,0
TXN03342,CUST0108,2023-08-31,Beauty,3158.08,5,0,15790.4,Debit Card,1
TXN03343,CUST0603,2023-07-26,Jewellery,31953.36,3,15,81481.07,Wallet,0
TXN03344,CUST0086,2024-03-03,Beauty,2363.74,2,10,4254.73,Debit Card,0
TXN03345,CUST0330,2023-09-15,Jewellery,25357.28,3,5,72268.25,UPI,0
TXN03346,CUST0364,2024-08-07,Travel,57694.54,4,15,196161.44,Net Banking,0
TXN03347,CUST0329,2023-02-04,Toys,3010.94,3,0,9032.82,Credit Card,0
TXN03348,CUST0383,2023-05-09,Books,299.31,2,0,598.62,Debit Card,0
TXN03349,CUST0999,2024-03-05,Electronics,20909.76,5,10,94093.92,Credit Card,0
TXN03350,CUST0509,2024-11-30,Home & Kitchen,14653.19,4,20,46890.21,UPI,0
TXN03351,CUST0307,2023-11-15,Jewellery,36870.35,2,5,70053.66,Net Banking,0
TXN03352,CUST0849,2023-04-05,Travel,55157.57,4,0,220630.28,Credit Card,0
TXN03353,CUST0898,2023-08-08,Toys,1424.29,1,10,1281.86,Credit Card,0
TXN03354,CUST0737,2023-10-28,Home & Kitchen,11334.51,2,10,20402.12,Debit Card,0
TXN03355,CUST0524,2024-09-28,Electronics,58550.2,1,5,55622.69,UPI,0
TXN03356,CUST0945,2023-07-04,Travel,19797.33,3,20,47513.59,UPI,1
TXN03357,CUST0958,2023-02-06,Home & Kitchen,8621.59,2,10,15518.86,Debit Card,0
TXN03358,CUST0907,2024-09-13,Grocery,1956.76,1,0,1956.76,Debit Card,1
TXN03359,CUST0131,2024-02-04,Sports,6084.9,5,0,30424.5,Debit Card,0
TXN03360,CUST0456,2024-11-20,Beauty,4187.74,3,10,11306.9,Credit Card,0
TXN03361,CUST0840,2023-05-22,Beauty,4214.48,2,15,7164.62,Credit Card,0
TXN03362,CUST0794,2023-05-14,Fashion,6879.5,2,0,13759.0,Credit Card,0
TXN03363,CUST0469,2024-03-20,Grocery,2449.59,5,30,8573.56,UPI,0
TXN03364,CUST0734,2024-10-22,Sports,6164.15,5,5,29279.71,Credit Card,0
TXN03365,CUST0988,2023-10-15,Fashion,3360.79,1,10,3024.71,Debit Card,0
TXN03366,CUST0572,2023-09-15,Home & Kitchen,12605.54,1,0,12605.54,UPI,0
TXN03367,CUST0692,2023-02-08,Fashion,4176.51,1,20,3341.21,Net Banking,0
TXN03368,CUST0460,2023-11-01,Jewellery,13825.83,4,15,47007.82,Debit Card,0
TXN03369,CUST0308,2023-10-10,Grocery,1620.56,3,0,4861.68,Credit Card,0
TXN03370,CUST0325,2024-06-09,Travel,11085.44,2,25,16628.16,Wallet,0
TXN03371,CUST0750,2024-02-11,Travel,42422.88,3,5,120905.21,Credit Card,0
TXN03372,CUST0172,2023-12-25,Sports,4429.5,5,15,18825.38,Debit Card,0
TXN03373,CUST0794,2024-01-13,Electronics,24549.41,3,20,58918.58,Wallet,0
TXN03374,CUST0054,2024-04-13,Travel,57521.0,3,15,146678.55,UPI,0
TXN03375,CUST0420,2023-10-08,Grocery,2375.27,1,25,1781.45,UPI,1
TXN03376,CUST0834,2024-07-18,Toys,3212.16,5,20,12848.64,Debit Card,0
TXN03377,CUST0329,2023-01-11,Beauty,3231.49,3,30,6786.13,Credit Card,0
TXN03378,CUST0222,2024-11-05,Toys,3404.94,2,0,6809.88,Debit Card,0
TXN03379,CUST0348,2024-11-25,Fashion,6193.72,1,5,5884.03,Debit Card,0
TXN03380,CUST0664,2023-07-05,Books,958.34,3,10,2587.52,Credit Card,0
TXN03381,CUST0388,2024-07-02,Jewellery,48133.97,5,15,204569.37,Credit Card,0
TXN03382,CUST0467,2023-01-09,Books,408.65,2,10,735.57,Debit Card,0
TXN03383,CUST0572,2023-01-28,Grocery,2841.46,5,0,14207.3,UPI,0
TXN03384,CUST0047,2024-11-16,Books,691.94,5,20,2767.76,Wallet,0
TXN03385,CUST0756,2024-04-08,Toys,2255.08,5,30,7892.78,UPI,0
TXN03386,CUST0524,2024-09-30,Electronics,14205.45,4,5,53980.71,UPI,0
TXN03387,CUST0006,2024-05-25,Grocery,1712.3,2,0,3424.6,Debit Card,0
TXN03388,CUST0796,2024-05-16,Beauty,3172.67,5,0,15863.35,Credit Card,0
TXN03389,CUST0002,2024-08-04,Sports,11973.8,4,0,47895.2,Credit Card,0
TXN03390,CUST0940,2024-10-24,Grocery,2930.54,1,15,2490.96,Debit Card,0
TXN03391,CUST0371,2024-10-22,Home & Kitchen,14522.84,4,25,43568.52,UPI,0
TXN03392,CUST0830,2023-08-06,Beauty,1937.42,1,0,1937.42,Wallet,0
TXN03393,CUST0019,2024-03-04,Grocery,2975.55,4,10,10711.98,Net Banking,0
TXN03394,CUST0791,2024-09-29,Home & Kitchen,7267.79,5,15,30888.11,Credit Card,0
TXN03395,CUST0419,2023-01-03,Beauty,4303.63,4,0,17214.52,Net Banking,0
TXN03396,CUST0516,2023-07-06,Fashion,2122.4,4,10,7640.64,Debit Card,0
TXN03397,CUST0216,2023-02-12,Travel,31832.49,5,15,135288.08,Credit Card,0
TXN03398,CUST0590,2024-09-02,Jewellery,48368.58,1,20,38694.86,Debit Card,0
TXN03399,CUST0256,2024-02-15,Travel,56980.79,5,10,256413.56,UPI,0
TXN03400,CUST0307,2023-07-09,Toys,2829.82,2,15,4810.69,UPI,0
TXN03401,CUST0704,2023-02-11,Sports,9695.08,4,5,36841.3,Debit Card,0
TXN03402,CUST0058,2023-04-07,Travel,13056.32,2,0,26112.64,Credit Card,0
TXN03403,CUST0723,2024-12-30,Grocery,2220.64,5,0,11103.2,Credit Card,0
TXN03404,CUST0774,2024-10-09,Fashion,5135.38,5,5,24393.06,Credit Card,0
TXN03405,CUST0562,2024-10-18,Books,273.59,3,0,820.77,Wallet,0
TXN03406,CUST0456,2024-05-31,Toys,718.69,2,0,1437.38,Wallet,0
TXN03407,CUST0014,2023-05-16,Travel,9181.29,3,15,23412.29,Wallet,0
TXN03408,CUST0808,2024-05-24,Electronics,59326.77,2,10,106788.19,Debit Card,0
TXN03409,CUST0915,2024-06-02,Sports,2215.55,3,0,6646.65,Credit Card,0
TXN03410,CUST0583,2023-02-06,Books,781.44,3,0,2344.32,Wallet,0
TXN03411,CUST0078,2024-08-01,Jewellery,19135.13,2,10,34443.23,Wallet,0
TXN03412,CUST0545,2024-05-31,Grocery,1741.41,5,5,8271.7,Credit Card,0
TXN03413,CUST0879,2023-02-27,Fashion,5798.57,1,5,5508.64,UPI,0
TXN03414,CUST0149,2023-06-04,Beauty,3518.2,5,15,14952.35,Credit Card,0
TXN03415,CUST0423,2023-04-23,Travel,32384.64,1,0,32384.64,Wallet,0
TXN03416,CUST0293,2024-04-04,Electronics,39825.12,2,0,79650.24,Credit Card,1
TXN03417,CUST0015,2024-08-26,Sports,5135.1,4,0,20540.4,Net Banking,0
TXN03418,CUST0806,2024-08-23,Jewellery,43371.68,5,0,216858.4,Credit Card,0
TXN03419,CUST0804,2024-03-17,Travel,21858.55,3,30,45902.95,Debit Card,0
TXN03420,CUST0768,2024-11-20,Jewellery,14449.56,5,5,68635.41,Debit Card,0
TXN03421,CUST0309,2023-08-16,Books,1153.48,2,10,2076.26,Debit Card,1
TXN03422,CUST0297,2024-08-01,Books,635.68,4,15,2161.31,Debit Card,0
TXN03423,CUST0166,2023-05-02,Toys,3433.89,4,0,13735.56,UPI,0
TXN03424,CUST0383,2024-11-01,Travel,21689.66,5,0,108448.3,Credit Card,0
TXN03425,CUST0960,2023-12-23,Fashion,5764.59,5,20,23058.36,UPI,0
TXN03426,CUST0373,2023-09-25,Sports,1114.24,5,20,4456.96,Credit Card,0
TXN03427,CUST0245,2024-11-25,Beauty,2112.15,2,5,4013.08,Credit Card,0
TXN03428,CUST0664,2024-04-29,Beauty,1913.18,1,5,1817.52,UPI,0
TXN03429,CUST0673,2023-01-04,Grocery,2486.7,1,15,2113.69,Credit Card,0
TXN03430,CUST0372,2024-04-22,Grocery,2907.76,3,0,8723.28,Wallet,0
TXN03431,CUST0673,2023-05-01,Sports,5854.05,2,0,11708.1,UPI,0
TXN03432,CUST0531,2024-04-30,Travel,50015.67,4,0,200062.68,UPI,0
TXN03433,CUST0254,2023-08-07,Travel,42882.6,3,5,122215.41,Credit Card,0
TXN03434,CUST0119,2024-11-24,Books,1455.97,4,0,5823.88,Credit Card,0
TXN03435,CUST0416,2023-10-05,Electronics,65833.14,4,10,236999.3,Wallet,0
TXN03436,CUST0183,2023-09-14,Grocery,416.94,5,15,1772.0,Credit Card,0
TXN03437,CUST0024,2023-10-31,Electronics,58496.13,4,10,210586.07,Net Banking,0
TXN03438,CUST0046,2023-02-12,Travel,33523.48,4,0,134093.92,Credit Card,0
TXN03439,CUST0933,2024-06-13,Grocery,246.02,2,5,467.44,Debit Card,0
TXN03440,CUST0002,2024-12-10,Beauty,1481.17,5,15,6294.97,UPI,0
TXN03441,CUST0967,2024-11-19,Jewellery,46244.25,5,0,231221.25,Wallet,0
TXN03442,CUST0823,2024-08-10,Grocery,2792.97,3,0,8378.91,Credit Card,0
TXN03443,CUST0886,2024-11-23,Travel,48534.48,5,5,230538.78,Credit Card,0
TXN03444,CUST0971,2023-05-30,Travel,58961.44,1,0,58961.44,UPI,1
TXN03445,CUST0831,2024-08-16,Jewellery,40714.17,2,25,61071.26,Credit Card,0
TXN03446,CUST0513,2023-01-10,Electronics,5765.31,3,10,15566.34,Credit Card,0
TXN03447,CUST0855,2023-07-31,Sports,3881.31,1,0,3881.31,Credit Card,0
TXN03448,CUST0511,2024-10-13,Jewellery,3469.96,4,15,11797.86,Debit Card,0
TXN03449,CUST0750,2023-09-17,Beauty,742.31,1,5,705.19,UPI,0
TXN03450,CUST0703,2024-01-17,Travel,15473.93,3,0,46421.79,Wallet,0
TXN03451,CUST0715,2024-01-24,Fashion,4276.69,5,0,21383.45,Credit Card,0
TXN03452,CUST0014,2023-12-02,Beauty,4283.4,2,10,7710.12,Credit Card,0
TXN03453,CUST0457,2023-01-05,Electronics,69647.51,3,0,208942.53,Debit Card,0
TXN03454,CUST0621,2023-03-24,Jewellery,31577.69,1,0,31577.69,Credit Card,0
TXN03455,CUST0268,2023-01-06,Travel,55906.03,1,0,55906.03,Debit Card,0
TXN03456,CUST0847,2023-06-01,Travel,31503.55,3,0,94510.65,UPI,0
TXN03457,CUST0954,2023-06-30,Jewellery,44673.73,3,15,113918.01,Credit Card,0
TXN03458,CUST0792,2023-06-16,Sports,5776.34,3,20,13863.22,UPI,0
TXN03459,CUST0399,2024-04-14,Jewellery,15306.8,5,15,65053.9,Wallet,0
TXN03460,CUST0781,2023-03-19,Grocery,2765.96,3,10,7468.09,Net Banking,0
TXN03461,CUST0926,2024-02-16,Home & Kitchen,6308.68,4,25,18926.04,Debit Card,0
TXN03462,CUST0608,2024-07-07,Sports,6338.81,2,0,12677.62,Debit Card,0
TXN03463,CUST0231,2024-07-27,Home & Kitchen,5469.82,2,0,10939.64,Debit Card,0
TXN03464,CUST0703,2024-01-16,Electronics,54712.82,4,5,207908.72,Net Banking,0
TXN03465,CUST0794,2023-11-09,Books,1493.29,1,5,1418.63,Wallet,0
TXN03466,CUST0021,2024-01-30,Beauty,419.91,1,5,398.91,Net Banking,0
TXN03467,CUST0953,2024-06-26,Toys,3629.44,1,0,3629.44,UPI,0
TXN03468,CUST0360,2023-01-04,Jewellery,2188.45,1,0,2188.45,Credit Card,0
TXN03469,CUST0596,2023-04-19,Beauty,2011.87,5,10,9053.41,Wallet,0
TXN03470,CUST0329,2023-04-03,Toys,923.85,4,25,2771.55,Net Banking,0
TXN03471,CUST0542,2023-04-09,Electronics,61800.63,2,5,117421.2,Net Banking,0
TXN03472,CUST0140,2023-07-11,Electronics,8795.81,4,0,35183.24,Debit Card,0
TXN03473,CUST0282,2023-11-29,Books,897.2,2,15,1525.24,Debit Card,0
TXN03474,CUST0802,2023-07-31,Sports,3962.16,1,0,3962.16,Credit Card,0
TXN03475,CUST0270,2024-08-17,Beauty,928.25,5,0,4641.25,Wallet,0
TXN03476,CUST0640,2023-07-26,Beauty,3927.55,3,5,11193.52,Wallet,1
TXN03477,CUST0281,2024-09-18,Jewellery,12436.01,3,15,31711.83,Credit Card,0
TXN03478,CUST0545,2024-07-26,Electronics,21775.64,1,20,17420.51,UPI,0
TXN03479,CUST0241,2023-12-22,Toys,1317.78,1,10,1186.0,Credit Card,0
TXN03480,CUST0940,2023-09-10,Fashion,4900.75,4,5,18622.85,Debit Card,0
TXN03481,CUST0095,2024-08-13,Books,1040.55,5,5,4942.61,Debit Card,0
TXN03482,CUST0025,2023-07-15,Sports,800.67,5,0,4003.35,Debit Card,0
TXN03483,CUST0166,2023-09-19,Travel,16786.57,4,25,50359.71,Debit Card,0
TXN03484,CUST0762,2023-11-18,Fashion,3732.28,5,10,16795.26,Debit Card,0
TXN03485,CUST0646,2024-02-24,Grocery,1129.54,5,0,5647.7,UPI,0
TXN03486,CUST0638,2024-05-12,Home & Kitchen,13355.22,3,15,34055.81,Debit Card,0
TXN03487,CUST0908,2023-11-28,Books,1213.41,5,5,5763.7,Net Banking,0
TXN03488,CUST0476,2023-10-23,Toys,2615.79,1,30,1831.05,UPI,0
TXN03489,CUST0034,2023-08-24,Fashion,3035.32,3,20,7284.77,UPI,0
TXN03490,CUST0549,2024-11-11,Toys,2892.49,1,0,2892.49,Wallet,0
TXN03491,CUST0040,2023-01-07,Jewellery,42494.62,1,15,36120.43,Credit Card,0
TXN03492,CUST0328,2024-06-17,Books,953.02,4,10,3430.87,Debit Card,0
TXN03493,CUST0429,2023-03-13,Electronics,63834.61,5,0,319173.05,Credit Card,0
TXN03494,CUST0228,2024-05-14,Sports,9139.8,5,15,38844.15,Debit Card,0
TXN03495,CUST0002,2024-09-09,Toys,2415.43,5,10,10869.44,Credit Card,0
TXN03496,CUST0040,2023-05-19,Beauty,1767.26,5,0,8836.3,UPI,0
TXN03497,CUST0351,2024-01-21,Fashion,6093.37,3,10,16452.1,UPI,0
TXN03498,CUST0351,2024-06-25,Beauty,1271.94,2,10,2289.49,Debit Card,1
TXN03499,CUST0506,2023-11-20,Toys,3184.11,1,0,3184.11,Debit Card,0
TXN03500,CUST0464,2024-08-23,Fashion,6534.1,2,5,12414.79,Credit Card,0
TXN03501,CUST0236,2024-10-26,Electronics,66660.87,2,10,119989.57,Credit Card,0
TXN03502,CUST0952,2023-03-14,Home & Kitchen,7515.41,2,0,15030.82,UPI,0
TXN03503,CUST0509,2024-01-24,Home & Kitchen,3533.23,3,20,8479.75,Credit Card,0
TXN03504,CUST0431,2023-08-26,Jewellery,6786.73,2,0,13573.46,Wallet,0
TXN03505,CUST0448,2023-11-18,Grocery,2281.41,3,0,6844.23,UPI,0
TXN03506,CUST0855,2023-12-07,Home & Kitchen,13384.91,4,0,53539.64,Debit Card,0
TXN03507,CUST0527,2023-11-01,Grocery,2022.35,4,10,7280.46,Credit Card,0
TXN03508,CUST0201,2023-01-08,Fashion,1581.2,4,10,5692.32,Debit Card,0
TXN03509,CUST0949,2023-07-26,Home & Kitchen,14075.53,3,5,40115.26,Net Banking,0
TXN03510,CUST0125,2024-02-15,Toys,3959.68,3,0,11879.04,Wallet,1
TXN03511,CUST0137,2023-09-15,Electronics,37503.4,1,20,30002.72,Credit Card,0
TXN03512,CUST0678,2024-10-12,Toys,2500.85,2,0,5001.7,UPI,0
TXN03513,CUST0236,2023-02-15,Toys,3175.75,5,0,15878.75,Credit Card,0
TXN03514,CUST0999,2023-05-06,Grocery,2261.89,5,0,11309.45,Debit Card,0
TXN03515,CUST0396,2023-01-21,Travel,58163.87,2,0,116327.74,Debit Card,0
TXN03516,CUST0268,2023-06-19,Travel,9548.34,5,5,45354.62,Wallet,0
TXN03517,CUST0612,2024-06-27,Sports,7220.26,5,0,36101.3,Credit Card,0
TXN03518,CUST0077,2024-02-20,Home & Kitchen,10625.43,5,0,53127.15,Credit Card,0
TXN03519,CUST0412,2024-03-30,Electronics,71757.38,3,20,172217.71,UPI,0
TXN03520,CUST0231,2024-10-23,Electronics,70558.22,3,0,211674.66,Net Banking,0
TXN03521,CUST0011,2023-07-25,Beauty,4896.6,3,15,12486.33,UPI,0
TXN03522,CUST0012,2023-11-29,Toys,2194.69,2,15,3730.97,Debit Card,0
TXN03523,CUST0590,2023-01-21,Electronics,67307.07,4,5,255766.87,Wallet,0
TXN03524,CUST0608,2024-10-11,Fashion,3704.61,5,10,16670.74,Wallet,0
TXN03525,CUST0273,2023-03-06,Books,720.12,1,5,684.11,UPI,0
TXN03526,CUST0925,2024-07-30,Toys,1237.39,3,0,3712.17,Net Banking,0
TXN03527,CUST0850,2023-03-29,Grocery,2491.06,1,25,1868.3,UPI,0
TXN03528,CUST0784,2024-04-23,Toys,3947.52,5,10,17763.84,Credit Card,0
TXN03529,CUST0597,2023-02-12,Electronics,24225.63,4,20,77522.02,Credit Card,0
TXN03530,CUST0587,2023-05-21,Jewellery,4694.32,1,20,3755.46,UPI,0
TXN03531,CUST0911,2024-01-09,Fashion,6616.57,5,0,33082.85,Wallet,0
TXN03532,CUST0933,2024-05-30,Fashion,5151.73,5,0,25758.65,Net Banking,0
TXN03533,CUST0545,2024-05-14,Home & Kitchen,14427.72,3,0,43283.16,Credit Card,0
TXN03534,CUST0719,2023-10-06,Travel,17377.64,4,20,55608.45,Credit Card,1
TXN03535,CUST0017,2023-11-22,Grocery,398.88,5,20,1595.52,Net Banking,0
TXN03536,CUST0505,2024-02-22,Home & Kitchen,7792.68,4,10,28053.65,UPI,0
TXN03537,CUST0315,2024-07-06,Sports,1574.31,3,0,4722.93,Debit Card,0
TXN03538,CUST0294,2024-08-24,Books,503.42,1,0,503.42,UPI,1
TXN03539,CUST0374,2023-11-04,Beauty,892.1,2,20,1427.36,Credit Card,0
TXN03540,CUST0393,2024-10-18,Fashion,2180.99,2,25,3271.48,Wallet,0
TXN03541,CUST0578,2023-11-03,Grocery,497.21,2,0,994.42,Net Banking,0
TXN03542,CUST0518,2024-04-14,Travel,57372.64,4,0,229490.56,Wallet,0
TXN03543,CUST0110,2023-07-03,Grocery,979.98,2,5,1861.96,Credit Card,1
TXN03544,CUST0990,2024-09-22,Beauty,2386.32,1,0,2386.32,Net Banking,0
TXN03545,CUST0042,2024-09-16,Beauty,4523.48,5,20,18093.92,UPI,0
TXN03546,CUST0298,2023-10-18,Home & Kitchen,10417.97,4,10,37504.69,Debit Card,0
TXN03547,CUST0332,2023-09-06,Toys,2586.74,1,10,2328.07,Debit Card,0
TXN03548,CUST0738,2023-11-20,Sports,8643.42,4,5,32845.0,Wallet,0
TXN03549,CUST0678,2024-03-18,Sports,10048.57,4,5,38184.57,UPI,0
TXN03550,CUST0307,2024-08-26,Electronics,70825.2,4,0,283300.8,Debit Card,0
TXN03551,CUST0532,2023-02-28,Sports,7926.09,3,15,20211.53,Wallet,0
TXN03552,CUST0448,2023-09-26,Grocery,2692.02,5,15,11441.08,Debit Card,0
TXN03553,CUST0527,2023-11-14,Sports,6703.53,2,5,12736.71,Net Banking,0
TXN03554,CUST0383,2023-04-04,Travel,18805.58,3,5,53595.9,UPI,0
TXN03555,CUST0464,2023-09-11,Sports,10632.87,5,0,53164.35,UPI,1
TXN03556,CUST0662,2024-11-17,Fashion,4561.05,2,0,9122.1,UPI,0
TXN03557,CUST0522,2024-04-04,Electronics,72960.32,3,10,196992.86,Credit Card,0
TXN03558,CUST0926,2024-05-29,Grocery,312.47,3,10,843.67,Wallet,0
TXN03559,CUST0534,2024-06-16,Beauty,2168.32,1,5,2059.9,Credit Card,0
TXN03560,CUST0080,2023-04-14,Home & Kitchen,14258.83,3,20,34221.19,UPI,0
TXN03561,CUST0963,2024-02-06,Books,487.03,4,10,1753.31,Credit Card,1
TXN03562,CUST0469,2023-11-29,Home & Kitchen,14169.81,3,5,40383.96,Credit Card,0
TXN03563,CUST0356,2024-12-21,Toys,3829.44,4,0,15317.76,UPI,0
TXN03564,CUST0264,2024-08-30,Books,1340.89,5,20,5363.56,Net Banking,1
TXN03565,CUST0695,2023-04-03,Travel,35129.08,5,10,158080.86,Debit Card,0
TXN03566,CUST0649,2024-07-10,Jewellery,33053.09,4,0,132212.36,Credit Card,0
TXN03567,CUST0228,2024-07-27,Electronics,70221.27,1,10,63199.14,UPI,1
TXN03568,CUST0222,2024-06-25,Beauty,3946.72,1,5,3749.38,UPI,0
TXN03569,CUST0407,2024-03-12,Home & Kitchen,9747.33,5,20,38989.32,Credit Card,1
TXN03570,CUST0236,2023-01-10,Sports,11797.76,3,25,26544.96,UPI,0
TXN03571,CUST0911,2024-03-31,Electronics,56425.75,5,10,253915.88,Credit Card,0
TXN03572,CUST0704,2024-02-19,Sports,11720.49,5,15,49812.08,Debit Card,0
TXN03573,CUST0592,2024-06-01,Electronics,9304.14,4,0,37216.56,Debit Card,0
TXN03574,CUST0487,2024-01-10,Electronics,15422.03,1,10,13879.83,UPI,0
TXN03575,CUST0502,2024-06-14,Toys,1970.4,4,15,6699.36,Debit Card,1
TXN03576,CUST0815,2024-06-07,Fashion,3386.6,5,10,15239.7,Debit Card,0
TXN03577,CUST0834,2024-01-08,Travel,47615.89,2,10,85708.6,UPI,0
TXN03578,CUST0475,2024-12-04,Sports,2431.0,3,20,5834.4,UPI,0
TXN03579,CUST0427,2024-09-06,Sports,11727.49,5,0,58637.45,Debit Card,0
TXN03580,CUST0832,2024-03-14,Sports,4191.75,4,0,16767.0,Debit Card,0
TXN03581,CUST0290,2023-07-14,Toys,1887.02,2,15,3207.93,UPI,0
TXN03582,CUST0151,2023-09-22,Home & Kitchen,4701.38,2,20,7522.21,Net Banking,1
TXN03583,CUST0902,2024-05-21,Grocery,1822.22,5,20,7288.88,Credit Card,1
TXN03584,CUST0236,2024-10-07,Sports,1268.37,1,10,1141.53,Debit Card,0
TXN03585,CUST0941,2024-03-01,Home & Kitchen,2925.42,2,20,4680.67,UPI,0
TXN03586,CUST0535,2024-11-19,Fashion,6093.48,3,15,15538.37,UPI,0
TXN03587,CUST0292,2023-04-09,Sports,2726.11,4,0,10904.44,UPI,0
TXN03588,CUST0118,2023-01-30,Travel,16424.32,4,15,55842.69,UPI,1
TXN03589,CUST0352,2023-10-18,Beauty,4027.02,4,0,16108.08,Debit Card,0
TXN03590,CUST0958,2024-07-28,Jewellery,6478.46,5,0,32392.3,UPI,0
TXN03591,CUST0222,2024-05-01,Sports,5587.2,4,5,21231.36,Credit Card,0
TXN03592,CUST0990,2024-02-10,Grocery,264.58,4,5,1005.4,Credit Card,0
TXN03593,CUST0623,2023-01-28,Beauty,1929.99,3,5,5500.47,Wallet,0
TXN03594,CUST0664,2023-05-26,Travel,42841.94,1,0,42841.94,Wallet,0
TXN03595,CUST0955,2023-10-15,Toys,633.38,5,0,3166.9,UPI,0
TXN03596,CUST0452,2024-08-03,Jewellery,44640.06,5,0,223200.3,Debit Card,0
TXN03597,CUST0582,2023-09-09,Toys,3665.15,4,10,13194.54,UPI,1
TXN03598,CUST0099,2023-06-11,Grocery,493.97,3,15,1259.62,UPI,0
TXN03599,CUST0249,2023-04-20,Jewellery,49555.16,2,20,79288.26,Debit Card,0
TXN03600,CUST0741,2024-10-05,Grocery,1033.08,4,20,3305.86,UPI,0
TXN03601,CUST0365,2024-02-02,Toys,611.18,4,5,2322.48,Credit Card,0
TXN03602,CUST0581,2023-09-28,Travel,3288.83,5,15,13977.53,Credit Card,0
TXN03603,CUST0828,2023-07-07,Jewellery,21609.1,5,0,108045.5,UPI,0
TXN03604,CUST0093,2024-06-15,Books,1000.24,4,0,4000.96,Wallet,0
TXN03605,CUST0943,2023-10-03,Home & Kitchen,5516.95,5,15,23447.04,Net Banking,0
TXN03606,CUST0321,2024-11-19,Travel,50692.89,3,10,136870.8,UPI,0
TXN03607,CUST0856,2024-09-02,Jewellery,36397.1,2,20,58235.36,Credit Card,0
TXN03608,CUST0403,2023-09-04,Grocery,1180.45,2,10,2124.81,Debit Card,0
TXN03609,CUST0567,2023-11-20,Grocery,2256.07,2,0,4512.14,Credit Card,0
TXN03610,CUST0770,2023-01-18,Fashion,7553.66,4,20,24171.71,UPI,0
TXN03611,CUST0031,2024-02-12,Travel,8306.47,4,10,29903.29,Debit Card,0
TXN03612,CUST0160,2024-02-15,Grocery,1057.09,4,20,3382.69,UPI,0
TXN03613,CUST0026,2023-05-05,Electronics,39749.45,3,15,101361.1,Wallet,0
TXN03614,CUST0016,2023-11-16,Home & Kitchen,7871.46,2,0,15742.92,Debit Card,0
TXN03615,CUST0567,2023-06-02,Toys,2306.12,5,0,11530.6,Debit Card,0
TXN03616,CUST0017,2024-08-03,Beauty,1712.95,5,0,8564.75,Credit Card,0
TXN03617,CUST0700,2024-10-19,Fashion,5504.45,1,0,5504.45,Credit Card,0
TXN03618,CUST0308,2024-07-10,Grocery,2006.24,1,0,2006.24,Debit Card,0
TXN03619,CUST0940,2023-01-20,Electronics,48336.61,5,10,217514.74,UPI,0
TXN03620,CUST0154,2023-09-04,Fashion,1353.21,2,25,2029.82,UPI,0
TXN03621,CUST0304,2024-01-25,Electronics,40772.59,4,20,130472.29,Net Banking,1
TXN03622,CUST0402,2023-12-13,Fashion,3171.7,5,15,13479.72,Debit Card,0
TXN03623,CUST0202,2024-04-20,Grocery,1574.91,5,0,7874.55,UPI,0
TXN03624,CUST0686,2023-07-22,Electronics,74139.98,1,5,70432.98,UPI,1
TXN03625,CUST0402,2023-01-09,Jewellery,25065.5,2,15,42611.35,Credit Card,0
TXN03626,CUST0899,2024-11-22,Travel,3796.91,5,0,18984.55,Debit Card,0
TXN03627,CUST0013,2024-10-29,Beauty,2362.53,4,20,7560.1,UPI,0
TXN03628,CUST0502,2024-06-14,Toys,3336.4,4,25,10009.2,Credit Card,1
TXN03629,CUST0999,2023-04-13,Beauty,3966.29,3,5,11303.93,Net Banking,0
TXN03630,CUST0236,2023-09-03,Toys,2199.54,4,15,7478.44,Credit Card,1
TXN03631,CUST0788,2024-08-19,Books,487.19,5,0,2435.95,Credit Card,0
TXN03632,CUST0173,2023-11-15,Home & Kitchen,7404.26,5,15,31468.11,Credit Card,0
TXN03633,CUST0502,2023-12-17,Books,911.0,4,0,3644.0,Debit Card,0
TXN03634,CUST0261,2023-08-22,Sports,11998.53,1,0,11998.53,Debit Card,0
TXN03635,CUST0676,2024-10-08,Grocery,2003.7,2,15,3406.29,Debit Card,0
TXN03636,CUST0768,2023-02-06,Jewellery,35324.72,5,15,150130.06,Credit Card,0
TXN03637,CUST0275,2023-12-11,Travel,31012.89,4,10,111646.4,Credit Card,0
TXN03638,CUST0587,2024-08-26,Jewellery,19015.5,4,10,68455.8,Credit Card,0
TXN03639,CUST0093,2023-10-19,Beauty,4120.88,5,15,17513.74,Credit Card,0
TXN03640,CUST0865,2023-01-17,Toys,2131.25,3,15,5434.69,UPI,0
TXN03641,CUST0891,2023-03-31,Books,1492.83,2,30,2089.96,UPI,0
TXN03642,CUST0005,2023-12-14,Jewellery,23941.79,5,20,95767.16,Debit Card,0
TXN03643,CUST0765,2024-11-07,Books,241.8,4,15,822.12,Credit Card,0
TXN03644,CUST0587,2024-03-19,Home & Kitchen,10492.61,3,15,26756.16,Wallet,0
TXN03645,CUST0531,2023-09-10,Home & Kitchen,1462.31,5,10,6580.4,UPI,0
TXN03646,CUST0911,2024-08-15,Toys,1226.86,2,0,2453.72,Net Banking,0
TXN03647,CUST0136,2023-07-03,Sports,4632.62,3,0,13897.86,Credit Card,0
TXN03648,CUST0531,2023-10-17,Jewellery,37495.21,4,20,119984.67,Credit Card,1
TXN03649,CUST0621,2023-08-03,Travel,31171.45,1,20,24937.16,UPI,0
TXN03650,CUST0448,2023-06-07,Books,188.67,2,10,339.61,Credit Card,0
TXN03651,CUST0034,2024-11-21,Books,982.75,3,5,2800.84,Debit Card,0
TXN03652,CUST0120,2024-01-28,Home & Kitchen,6642.39,5,0,33211.95,Credit Card,0
TXN03653,CUST0581,2023-01-20,Grocery,2781.14,5,5,13210.42,Credit Card,0
TXN03654,CUST0288,2024-04-15,Toys,2148.38,3,5,6122.88,Credit Card,0
TXN03655,CUST0047,2024-03-06,Books,1107.12,5,10,4982.04,UPI,0
TXN03656,CUST0959,2024-10-20,Home & Kitchen,3907.93,3,25,8792.84,UPI,0
TXN03657,CUST0284,2023-03-09,Home & Kitchen,11605.82,2,0,23211.64,Credit Card,0
TXN03658,CUST0134,2023-03-18,Electronics,59071.65,5,10,265822.42,Credit Card,0
TXN03659,CUST0227,2023-04-12,Books,1370.51,2,5,2603.97,UPI,0
TXN03660,CUST0176,2024-10-13,Electronics,7536.62,4,30,21102.54,Debit Card,0
TXN03661,CUST0993,2024-08-07,Travel,28507.54,4,20,91224.13,UPI,1
TXN03662,CUST0225,2023-07-26,Travel,41711.86,4,5,158505.07,UPI,0
TXN03663,CUST0742,2023-08-01,Home & Kitchen,2151.33,4,30,6023.72,Credit Card,0
TXN03664,CUST0718,2023-03-20,Grocery,1349.69,5,10,6073.6,Debit Card,0
TXN03665,CUST0501,2023-04-23,Grocery,2838.01,3,0,8514.03,UPI,0
TXN03666,CUST0180,2023-05-13,Electronics,37695.09,5,10,169627.9,Debit Card,0
TXN03667,CUST0787,2023-07-16,Home & Kitchen,14792.75,5,0,73963.75,Credit Card,0
TXN03668,CUST0721,2023-01-25,Electronics,9262.93,2,10,16673.27,Debit Card,0
TXN03669,CUST0489,2024-04-16,Toys,2955.97,3,25,6650.93,Net Banking,0
TXN03670,CUST0896,2024-09-04,Electronics,48576.22,1,15,41289.79,Wallet,0
TXN03671,CUST0804,2024-06-26,Sports,6306.15,1,0,6306.15,UPI,0
TXN03672,CUST0998,2023-10-17,Books,1460.64,3,0,4381.92,Debit Card,0
TXN03673,CUST0851,2023-09-13,Travel,10390.07,1,0,10390.07,Debit Card,0
TXN03674,CUST0721,2023-07-25,Fashion,7219.99,3,0,21659.97,Credit Card,0
TXN03675,CUST0013,2024-04-19,Home & Kitchen,10615.61,2,0,21231.22,Credit Card,0
TXN03676,CUST0196,2023-03-09,Grocery,925.19,2,10,1665.34,Debit Card,0
TXN03677,CUST0824,2023-08-03,Jewellery,45280.12,5,15,192440.51,UPI,0
TXN03678,CUST0659,2024-09-25,Books,729.55,1,15,620.12,Credit Card,0
TXN03679,CUST0011,2024-02-26,Fashion,6606.7,3,0,19820.1,Wallet,0
TXN03680,CUST0396,2024-07-11,Sports,5032.74,2,5,9562.21,Credit Card,0
TXN03681,CUST0988,2024-08-03,Jewellery,42844.68,5,0,214223.4,UPI,0
TXN03682,CUST0003,2024-06-22,Grocery,1982.56,1,0,1982.56,UPI,0
TXN03683,CUST0663,2024-11-13,Sports,2207.93,1,5,2097.53,Credit Card,0
TXN03684,CUST0938,2024-04-06,Grocery,2019.06,1,0,2019.06,Credit Card,0
TXN03685,CUST0424,2024-03-30,Grocery,735.77,2,10,1324.39,Credit Card,0
TXN03686,CUST0735,2023-10-28,Home & Kitchen,6649.3,2,20,10638.88,Wallet,0
TXN03687,CUST0578,2023-10-15,Jewellery,10174.19,1,10,9156.77,Debit Card,0
TXN03688,CUST0752,2023-01-02,Toys,381.46,2,15,648.48,Credit Card,0
TXN03689,CUST0658,2023-01-20,Electronics,20891.49,1,0,20891.49,Net Banking,1
TXN03690,CUST0214,2024-04-21,Electronics,45227.9,4,20,144729.28,UPI,0
TXN03691,CUST0222,2024-05-05,Books,800.11,2,0,1600.22,Credit Card,0
TXN03692,CUST0502,2023-09-14,Grocery,1604.19,3,0,4812.57,Debit Card,0
TXN03693,CUST0789,2024-03-28,Books,484.38,2,0,968.76,Debit Card,0
TXN03694,CUST0347,2024-03-13,Jewellery,34887.74,1,5,33143.35,Credit Card,0
TXN03695,CUST0676,2024-02-02,Grocery,2171.94,3,10,5864.24,Debit Card,0
TXN03696,CUST0111,2023-06-02,Grocery,1202.31,5,30,4208.08,Credit Card,0
TXN03697,CUST0750,2024-10-10,Fashion,7108.78,3,15,18127.39,UPI,0
TXN03698,CUST0090,2023-08-10,Travel,39709.32,3,5,113171.56,Credit Card,0
TXN03699,CUST0217,2024-12-23,Electronics,58477.95,2,10,105260.31,Credit Card,0
TXN03700,CUST0360,2024-12-01,Jewellery,15312.32,3,10,41343.26,Wallet,0
TXN03701,CUST0999,2024-03-11,Sports,606.97,3,20,1456.73,Debit Card,0
TXN03702,CUST0774,2023-05-16,Sports,10465.28,1,15,8895.49,Credit Card,0
TXN03703,CUST0976,2024-06-11,Toys,3342.97,2,10,6017.35,UPI,0
TXN03704,CUST0723,2024-09-17,Beauty,879.0,1,15,747.15,Net Banking,0
TXN03705,CUST0292,2023-10-06,Jewellery,19957.05,2,15,33926.98,Credit Card,0
TXN03706,CUST0506,2024-08-07,Beauty,3408.29,5,0,17041.45,UPI,0
TXN03707,CUST0448,2024-04-29,Fashion,5390.83,3,0,16172.49,UPI,0
TXN03708,CUST0391,2024-06-29,Sports,10407.99,2,15,17693.58,UPI,0
TXN03709,CUST0439,2023-09-02,Jewellery,8732.87,3,20,20958.89,UPI,0
TXN03710,CUST0608,2023-01-18,Grocery,1403.83,3,5,4000.92,UPI,0
TXN03711,CUST0329,2024-07-09,Travel,8541.79,4,30,23917.01,Wallet,0
TXN03712,CUST0623,2023-05-23,Home & Kitchen,6332.25,1,0,6332.25,Net Banking,0
TXN03713,CUST0848,2024-05-15,Travel,3861.12,2,5,7336.13,Credit Card,0
TXN03714,CUST0200,2024-06-10,Toys,3623.61,5,5,17212.15,Wallet,0
TXN03715,CUST0318,2023-04-03,Sports,6608.3,4,25,19824.9,Debit Card,0
TXN03716,CUST0774,2024-01-18,Books,1297.23,1,0,1297.23,UPI,0
TXN03717,CUST0413,2023-10-06,Books,230.87,5,10,1038.92,Net Banking,0
TXN03718,CUST0044,2024-12-27,Home & Kitchen,4029.91,5,0,20149.55,Debit Card,0
TXN03719,CUST0255,2024-03-24,Sports,3556.93,3,10,9603.71,Credit Card,0
TXN03720,CUST0457,2024-08-05,Jewellery,20561.19,1,20,16448.95,Wallet,0
TXN03721,CUST0466,2024-09-12,Grocery,2448.03,4,5,9302.51,Credit Card,0
TXN03722,CUST0464,2023-10-15,Toys,1730.26,2,20,2768.42,Debit Card,0
TXN03723,CUST0441,2024-04-20,Books,426.28,2,25,639.42,UPI,0
TXN03724,CUST0326,2024-11-02,Home & Kitchen,1722.86,4,0,6891.44,Credit Card,1
TXN03725,CUST0304,2023-06-20,Travel,7531.03,3,15,19204.13,Net Banking,1
TXN03726,CUST0294,2024-06-08,Grocery,2328.13,3,0,6984.39,Credit Card,0
TXN03727,CUST0621,2024-01-07,Books,750.48,5,0,3752.4,Wallet,0
TXN03728,CUST0066,2024-01-28,Travel,44392.32,1,10,39953.09,Wallet,0
TXN03729,CUST0013,2023-07-04,Jewellery,34749.78,5,15,147686.56,UPI,1
TXN03730,CUST0823,2024-05-24,Travel,10715.66,2,5,20359.75,UPI,0
TXN03731,CUST0278,2024-03-07,Grocery,600.09,4,0,2400.36,Debit Card,0
TXN03732,CUST0614,2023-07-28,Travel,46054.49,1,25,34540.87,Debit Card,0
TXN03733,CUST0982,2023-11-25,Jewellery,36620.88,4,15,124510.99,Debit Card,1
TXN03734,CUST0735,2023-12-27,Toys,1698.71,1,0,1698.71,Net Banking,0
TXN03735,CUST0810,2024-03-19,Grocery,416.78,2,10,750.2,UPI,0
TXN03736,CUST0693,2024-03-16,Toys,344.76,2,0,689.52,Net Banking,0
TXN03737,CUST0831,2024-01-04,Home & Kitchen,4891.83,1,5,4647.24,Debit Card,1
TXN03738,CUST0016,2023-04-16,Sports,705.13,3,10,1903.85,Debit Card,1
TXN03739,CUST0371,2024-12-24,Travel,16114.14,1,10,14502.73,Credit Card,0
TXN03740,CUST0658,2023-11-21,Fashion,3646.26,2,0,7292.52,Debit Card,1
TXN03741,CUST0005,2023-08-20,Toys,749.24,4,15,2547.42,Net Banking,0
TXN03742,CUST0027,2024-12-25,Jewellery,7005.33,5,0,35026.65,UPI,0
TXN03743,CUST0582,2024-12-08,Books,1360.19,4,10,4896.68,UPI,0
TXN03744,CUST0306,2023-09-06,Toys,2466.24,2,0,4932.48,UPI,0
TXN03745,CUST0704,2023-11-13,Books,1411.52,4,5,5363.78,Credit Card,0
TXN03746,CUST0294,2023-09-21,Travel,22712.09,3,0,68136.27,Credit Card,0
TXN03747,CUST0053,2024-12-29,Home & Kitchen,10415.46,3,10,28121.74,Debit Card,0
TXN03748,CUST0292,2024-05-17,Electronics,20351.88,1,5,19334.29,Debit Card,0
TXN03749,CUST0444,2023-09-20,Grocery,1931.35,4,0,7725.4,Credit Card,1
TXN03750,CUST0898,2024-11-12,Books,324.94,4,0,1299.76,Credit Card,0
TXN03751,CUST0427,2024-02-20,Books,152.81,2,10,275.06,Net Banking,0
TXN03752,CUST0989,2024-10-29,Grocery,2808.29,1,0,2808.29,UPI,0
TXN03753,CUST0137,2023-03-11,Electronics,46617.08,1,10,41955.37,Debit Card,1
TXN03754,CUST0218,2023-08-22,Travel,55835.62,4,5,212175.36,Debit Card,0
TXN03755,CUST0673,2024-03-07,Jewellery,18023.91,5,15,76601.62,Credit Card,0
TXN03756,CUST0057,2023-02-23,Sports,4336.76,4,30,12142.93,UPI,0
TXN03757,CUST0144,2023-06-19,Books,690.88,4,10,2487.17,Credit Card,0
TXN03758,CUST0015,2023-02-05,Electronics,57953.07,4,15,197040.44,Wallet,1
TXN03759,CUST0257,2023-09-16,Electronics,47435.65,3,15,120960.91,Credit Card,0
TXN03760,CUST0830,2023-09-08,Home & Kitchen,13940.04,1,25,10455.03,Net Banking,0
TXN03761,CUST0956,2023-01-13,Books,184.35,3,0,553.05,UPI,0
TXN03762,CUST0662,2024-11-01,Toys,2920.32,5,20,11681.28,Debit Card,0
TXN03763,CUST0945,2024-06-24,Travel,21828.68,2,25,32743.02,Wallet,0
TXN03764,CUST0665,2023-02-26,Jewellery,10651.22,5,5,50593.3,Credit Card,0
TXN03765,CUST0806,2023-06-10,Electronics,43279.67,1,5,41115.69,Credit Card,1
TXN03766,CUST0536,2024-03-12,Home & Kitchen,7971.91,2,30,11160.67,Debit Card,0
TXN03767,CUST0532,2023-08-18,Home & Kitchen,2745.56,5,10,12355.02,Net Banking,0
TXN03768,CUST0910,2023-07-12,Grocery,765.31,1,5,727.04,Credit Card,0
TXN03769,CUST0383,2024-09-11,Books,701.02,5,15,2979.34,Credit Card,0
TXN03770,CUST0688,2023-12-23,Electronics,35660.86,2,5,67755.63,Debit Card,0
TXN03771,CUST0042,2023-12-18,Jewellery,17242.79,2,0,34485.58,UPI,0
TXN03772,CUST0945,2023-09-15,Toys,849.62,5,10,3823.29,Credit Card,0
TXN03773,CUST0975,2024-09-13,Fashion,532.8,3,10,1438.56,Debit Card,0
TXN03774,CUST0668,2024-10-03,Fashion,7776.76,5,20,31107.04,Debit Card,0
TXN03775,CUST0987,2024-09-26,Toys,3790.95,5,10,17059.28,Credit Card,0
TXN03776,CUST0868,2024-09-19,Electronics,41273.78,5,20,165095.12,UPI,0
TXN03777,CUST0831,2023-10-20,Books,1493.32,3,5,4255.96,Debit Card,0
TXN03778,CUST0665,2024-01-21,Jewellery,34335.41,4,10,123607.48,Net Banking,0
TXN03779,CUST0762,2023-08-22,Grocery,392.8,2,0,785.6,UPI,0
TXN03780,CUST0712,2023-10-23,Books,308.92,1,5,293.47,Credit Card,0
TXN03781,CUST0493,2024-12-03,Sports,11043.66,2,20,17669.86,Debit Card,0
TXN03782,CUST0967,2024-06-20,Books,1000.57,2,0,2001.14,Wallet,0
TXN03783,CUST0106,2024-01-14,Books,1288.3,4,20,4122.56,Debit Card,0
TXN03784,CUST0697,2024-11-08,Travel,54201.37,2,0,108402.74,Debit Card,0
TXN03785,CUST0214,2023-07-29,Electronics,38595.65,2,0,77191.3,UPI,0
TXN03786,CUST0360,2024-06-22,Grocery,335.87,3,0,1007.61,Credit Card,0
TXN03787,CUST0031,2023-06-27,Travel,13731.98,3,15,35016.55,UPI,0
TXN03788,CUST0249,2024-07-09,Electronics,9992.9,3,0,29978.7,UPI,0
TXN03789,CUST0431,2023-03-13,Beauty,1187.08,3,15,3027.05,Debit Card,0
TXN03790,CUST0531,2024-05-22,Grocery,1349.49,3,15,3441.2,Credit Card,0
TXN03791,CUST0081,2023-08-10,Electronics,13864.76,1,5,13171.52,Wallet,0
TXN03792,CUST0416,2023-08-16,Fashion,1750.5,4,10,6301.8,Credit Card,0
TXN03793,CUST0360,2023-08-21,Travel,28411.84,5,5,134956.24,Debit Card,0
TXN03794,CUST0673,2023-09-25,Beauty,1898.8,3,25,4272.3,UPI,0
TXN03795,CUST0705,2023-09-11,Grocery,1509.44,4,5,5735.87,Credit Card,1
TXN03796,CUST0020,2024-11-05,Sports,5492.56,5,0,27462.8,Wallet,0
TXN03797,CUST0647,2023-01-06,Jewellery,32934.95,2,5,62576.4,Debit Card,0
TXN03798,CUST0477,2023-02-16,Sports,11283.96,2,15,19182.73,Debit Card,0
TXN03799,CUST0770,2024-02-11,Fashion,1308.98,4,15,4450.53,Debit Card,0
TXN03800,CUST0590,2024-08-02,Fashion,1244.45,1,25,933.34,Net Banking,0
TXN03801,CUST0839,2023-09-11,Toys,3455.38,1,20,2764.3,Wallet,0
TXN03802,CUST0967,2024-03-24,Toys,2173.67,4,0,8694.68,Debit Card,0
TXN03803,CUST0544,2023-02-28,Sports,9337.02,1,10,8403.32,Debit Card,0
TXN03804,CUST0396,2024-01-28,Travel,15279.05,1,15,12987.19,Debit Card,0
TXN03805,CUST0773,2024-09-22,Books,1268.96,2,25,1903.44,Debit Card,0
TXN03806,CUST0940,2024-11-28,Electronics,74288.5,1,5,70574.08,Credit Card,0
TXN03807,CUST0276,2024-07-13,Jewellery,32503.18,1,5,30878.02,UPI,0
TXN03808,CUST0722,2023-07-10,Beauty,797.63,4,20,2552.42,Wallet,0
TXN03809,CUST0427,2023-09-22,Jewellery,44974.15,1,5,42725.44,UPI,1
TXN03810,CUST0971,2024-11-14,Fashion,6443.66,3,10,17397.88,Debit Card,0
TXN03811,CUST0368,2024-07-11,Toys,3078.25,3,25,6926.06,Net Banking,0
TXN03812,CUST0982,2023-05-23,Books,199.58,4,20,638.66,Net Banking,0
TXN03813,CUST0764,2023-09-03,Home & Kitchen,12145.27,3,0,36435.81,Debit Card,0
TXN03814,CUST0329,2023-08-04,Grocery,586.26,2,5,1113.89,Wallet,0
TXN03815,CUST0006,2024-03-12,Home & Kitchen,3957.88,4,5,15039.94,Credit Card,0
TXN03816,CUST0794,2024-11-18,Home & Kitchen,8995.31,1,25,6746.48,Credit Card,1
TXN03817,CUST0360,2024-04-20,Travel,18103.9,3,30,38018.19,Credit Card,0
TXN03818,CUST0303,2024-01-19,Travel,40696.85,2,15,69184.64,Credit Card,0
TXN03819,CUST0160,2024-10-18,Toys,2549.86,4,10,9179.5,Debit Card,0
TXN03820,CUST0181,2024-06-30,Home & Kitchen,2335.72,4,0,9342.88,Wallet,1
TXN03821,CUST0469,2024-02-19,Beauty,3383.27,1,15,2875.78,UPI,1
TXN03822,CUST0330,2023-05-12,Fashion,7429.66,5,5,35290.88,UPI,1
TXN03823,CUST0216,2024-02-02,Home & Kitchen,3087.76,3,10,8336.95,Debit Card,0
TXN03824,CUST0547,2024-05-21,Books,956.03,2,10,1720.85,Debit Card,0
TXN03825,CUST0774,2023-06-02,Grocery,1157.22,4,10,4165.99,Debit Card,0
TXN03826,CUST0402,2024-07-13,Electronics,39470.88,3,25,88809.48,Debit Card,0
TXN03827,CUST0268,2023-06-17,Toys,1361.9,2,0,2723.8,UPI,0
TXN03828,CUST0119,2024-11-20,Toys,1610.28,2,15,2737.48,UPI,0
TXN03829,CUST0850,2024-08-29,Sports,929.59,4,5,3532.44,Debit Card,0
TXN03830,CUST0132,2023-08-18,Books,1475.09,3,15,3761.48,Net Banking,0
TXN03831,CUST0737,2024-12-03,Travel,38613.6,2,15,65643.12,Credit Card,0
TXN03832,CUST0004,2024-02-08,Fashion,4255.29,4,0,17021.16,Debit Card,0
TXN03833,CUST0461,2023-05-24,Beauty,2103.46,3,0,6310.38,Wallet,0
TXN03834,CUST0066,2024-11-06,Books,878.16,3,0,2634.48,Wallet,0
TXN03835,CUST0547,2024-06-14,Jewellery,20245.09,4,0,80980.36,Credit Card,0
TXN03836,CUST0720,2023-03-09,Electronics,31993.09,3,15,81582.38,Debit Card,0
TXN03837,CUST0263,2023-04-08,Grocery,1499.05,5,0,7495.25,Debit Card,0
TXN03838,CUST0265,2023-01-07,Sports,3746.21,2,10,6743.18,Credit Card,0
TXN03839,CUST0648,2023-06-26,Books,393.07,2,0,786.14,UPI,0
TXN03840,CUST0958,2023-07-25,Sports,6945.31,3,10,18752.34,Debit Card,0
TXN03841,CUST0172,2023-10-26,Electronics,68207.41,4,15,231905.19,UPI,0
TXN03842,CUST0163,2023-08-17,Home & Kitchen,2970.16,1,5,2821.65,Credit Card,0
TXN03843,CUST0704,2024-09-22,Sports,973.17,3,10,2627.56,Wallet,0
TXN03844,CUST0971,2023-09-27,Toys,1213.2,1,20,970.56,UPI,0
TXN03845,CUST0830,2023-03-22,Travel,58844.08,3,0,176532.24,UPI,0
TXN03846,CUST0473,2024-11-02,Home & Kitchen,12568.36,1,15,10683.11,UPI,0
TXN03847,CUST0686,2023-07-07,Books,954.42,3,5,2720.1,Wallet,0
TXN03848,CUST0090,2024-11-30,Grocery,2801.9,4,0,11207.6,Wallet,0
TXN03849,CUST0870,2024-05-15,Toys,1947.53,1,10,1752.78,UPI,0
TXN03850,CUST0178,2024-12-06,Electronics,78746.05,5,0,393730.25,UPI,0
TXN03851,CUST0680,2024-05-01,Home & Kitchen,5007.49,4,20,16023.97,UPI,0
TXN03852,CUST0594,2024-05-02,Toys,1189.13,3,0,3567.39,Debit Card,0
TXN03853,CUST0878,2024-04-22,Travel,39368.75,1,0,39368.75,Credit Card,0
TXN03854,CUST0165,2024-12-03,Home & Kitchen,6169.79,2,10,11105.62,Debit Card,0
TXN03855,CUST0911,2023-10-16,Fashion,5197.74,4,10,18711.86,UPI,0
TXN03856,CUST0532,2023-04-16,Fashion,2787.47,1,15,2369.35,Credit Card,0
TXN03857,CUST0598,2024-10-02,Home & Kitchen,9574.44,4,0,38297.76,Debit Card,0
TXN03858,CUST0142,2024-08-31,Home & Kitchen,4715.6,1,20,3772.48,Debit Card,0
TXN03859,CUST0048,2024-07-29,Fashion,882.29,2,30,1235.21,Debit Card,0
TXN03860,CUST0434,2024-10-01,Books,1381.38,5,10,6216.21,Net Banking,0
TXN03861,CUST0445,2023-08-11,Sports,10668.54,2,15,18136.52,Credit Card,0
TXN03862,CUST0774,2024-01-17,Grocery,2918.23,3,10,7879.22,UPI,0
TXN03863,CUST0994,2023-04-14,Toys,2951.15,4,0,11804.6,UPI,0
TXN03864,CUST0446,2024-10-25,Toys,2826.07,5,5,13423.83,Credit Card,0
TXN03865,CUST0734,2023-04-24,Electronics,46925.23,4,0,187700.92,UPI,0
TXN03866,CUST0359,2024-05-22,Grocery,552.64,1,30,386.85,Debit Card,0
TXN03867,CUST0053,2023-02-24,Beauty,1189.41,3,0,3568.23,Debit Card,0
TXN03868,CUST0945,2023-05-01,Fashion,2671.02,3,10,7211.75,Debit Card,0
TXN03869,CUST0156,2023-08-05,Beauty,4483.73,4,0,17934.92,Wallet,0
TXN03870,CUST0051,2024-09-26,Travel,12859.26,3,15,32791.11,Wallet,0
TXN03871,CUST0983,2023-01-03,Grocery,2784.04,4,0,11136.16,Wallet,0
TXN03872,CUST0180,2023-04-02,Jewellery,27093.72,1,15,23029.66,Net Banking,0
TXN03873,CUST0875,2024-02-11,Electronics,58667.72,1,0,58667.72,Credit Card,0
TXN03874,CUST0268,2024-11-06,Home & Kitchen,2365.47,4,20,7569.5,Debit Card,0
TXN03875,CUST0172,2024-03-16,Travel,18334.91,2,20,29335.86,Net Banking,0
TXN03876,CUST0777,2024-09-22,Sports,11527.11,2,15,19596.09,UPI,0
TXN03877,CUST0180,2024-03-07,Jewellery,14775.2,1,0,14775.2,Debit Card,0
TXN03878,CUST0828,2023-03-02,Grocery,1030.26,5,0,5151.3,UPI,0
TXN03879,CUST0228,2024-12-26,Grocery,753.27,2,20,1205.23,Credit Card,0
TXN03880,CUST0254,2024-04-17,Beauty,906.65,4,0,3626.6,UPI,0
TXN03881,CUST0834,2023-09-04,Books,464.9,1,0,464.9,Debit Card,0
TXN03882,CUST0228,2024-01-07,Beauty,3318.94,3,10,8961.14,UPI,0
TXN03883,CUST0383,2023-10-16,Toys,1984.86,3,0,5954.58,UPI,0
TXN03884,CUST0531,2024-08-12,Beauty,2902.65,2,0,5805.3,Wallet,1
TXN03885,CUST0598,2023-01-24,Books,315.19,5,10,1418.36,Credit Card,0
TXN03886,CUST0532,2024-02-10,Sports,9744.13,2,5,18513.85,UPI,0
TXN03887,CUST0066,2023-11-04,Travel,47693.4,5,0,238467.0,UPI,0
TXN03888,CUST0902,2024-09-04,Fashion,661.92,2,10,1191.46,UPI,0
TXN03889,CUST0398,2024-01-07,Grocery,1273.84,3,5,3630.44,Debit Card,0
TXN03890,CUST0434,2024-09-26,Home & Kitchen,1776.54,5,15,7550.3,Wallet,0
TXN03891,CUST0591,2023-08-03,Beauty,4022.9,3,0,12068.7,Debit Card,0
TXN03892,CUST0159,2023-09-19,Jewellery,37388.94,4,10,134600.18,Credit Card,0
TXN03893,CUST0398,2023-12-12,Sports,10882.66,4,5,41354.11,UPI,0
TXN03894,CUST0268,2024-02-17,Electronics,22730.3,1,5,21593.78,Credit Card,1
TXN03895,CUST0673,2023-05-03,Grocery,1477.63,3,0,4432.89,Debit Card,0
TXN03896,CUST0699,2023-11-16,Books,399.06,3,0,1197.18,Credit Card,1
TXN03897,CUST0393,2023-12-03,Toys,1673.57,1,20,1338.86,Debit Card,1
TXN03898,CUST0741,2023-06-07,Books,855.03,4,5,3249.11,Debit Card,0
TXN03899,CUST0350,2023-11-23,Beauty,550.65,4,15,1872.21,Credit Card,0
TXN03900,CUST0388,2024-10-22,Travel,43747.61,5,25,164053.54,UPI,0
TXN03901,CUST0943,2023-03-06,Toys,2310.19,5,10,10395.86,Debit Card,0
TXN03902,CUST0010,2024-01-04,Jewellery,41790.03,4,5,158802.11,Debit Card,1
TXN03903,CUST0446,2023-01-04,Books,516.9,2,0,1033.8,Net Banking,0
TXN03904,CUST0792,2024-11-16,Jewellery,45359.41,3,25,102058.67,Debit Card,0
TXN03905,CUST0646,2024-10-09,Electronics,79902.07,5,15,339583.8,UPI,0
TXN03906,CUST0263,2023-03-01,Jewellery,46126.33,2,15,78414.76,Debit Card,0
TXN03907,CUST0773,2023-02-14,Grocery,2378.1,5,5,11295.98,UPI,0
TXN03908,CUST0298,2024-08-06,Sports,9861.0,1,20,7888.8,UPI,0
TXN03909,CUST0925,2024-08-29,Toys,2422.85,3,15,6178.27,Credit Card,0
TXN03910,CUST0578,2024-06-26,Grocery,732.43,5,0,3662.15,UPI,0
TXN03911,CUST0307,2023-06-05,Home & Kitchen,10413.98,4,10,37490.33,UPI,0
TXN03912,CUST0870,2023-03-05,Books,1112.22,1,5,1056.61,Debit Card,1
TXN03913,CUST0465,2024-02-25,Books,1480.27,1,0,1480.27,UPI,0
TXN03914,CUST0661,2023-11-19,Home & Kitchen,8486.48,4,20,27156.74,Debit Card,0
TXN03915,CUST0231,2023-04-19,Jewellery,15025.71,1,0,15025.71,UPI,0
TXN03916,CUST0297,2024-04-07,Grocery,2114.28,3,10,5708.56,UPI,0
TXN03917,CUST0178,2024-08-02,Toys,3923.69,5,5,18637.53,Credit Card,0
TXN03918,CUST0630,2024-06-30,Toys,955.69,1,5,907.91,UPI,0
TXN03919,CUST0545,2023-09-08,Home & Kitchen,5429.17,3,10,14658.76,Net Banking,1
TXN03920,CUST0763,2024-05-24,Books,881.54,4,30,2468.31,Debit Card,1
TXN03921,CUST0563,2024-07-01,Home & Kitchen,3217.05,5,5,15280.99,Net Banking,0
TXN03922,CUST0665,2024-03-16,Electronics,6666.55,4,0,26666.2,Debit Card,0
TXN03923,CUST0369,2024-03-29,Electronics,30273.73,5,10,136231.78,Net Banking,0
TXN03924,CUST0757,2024-10-05,Electronics,69902.81,1,0,69902.81,Credit Card,0
TXN03925,CUST0619,2024-11-09,Fashion,826.01,1,0,826.01,Credit Card,0
TXN03926,CUST0930,2023-10-01,Sports,5489.79,5,0,27448.95,Credit Card,0
TXN03927,CUST0062,2023-03-01,Travel,46445.44,3,0,139336.32,Net Banking,0
TXN03928,CUST0823,2023-12-08,Beauty,4779.96,3,5,13622.89,Debit Card,1
TXN03929,CUST0551,2024-01-29,Fashion,7891.07,3,5,22489.55,UPI,0
TXN03930,CUST0398,2023-04-23,Toys,1861.29,2,0,3722.58,Net Banking,0
TXN03931,CUST0080,2023-08-09,Jewellery,47618.45,3,15,121427.05,Credit Card,0
TXN03932,CUST0997,2023-03-09,Books,197.82,1,0,197.82,Debit Card,0
TXN03933,CUST0941,2023-11-11,Jewellery,37804.01,2,25,56706.02,UPI,1
TXN03934,CUST0688,2024-04-11,Home & Kitchen,9926.99,3,10,26802.87,Debit Card,0
TXN03935,CUST0379,2023-09-20,Books,486.85,1,0,486.85,Credit Card,0
TXN03936,CUST1000,2023-05-11,Beauty,2684.4,2,30,3758.16,UPI,0
TXN03937,CUST0106,2024-02-28,Beauty,908.9,1,5,863.46,Debit Card,0
TXN03938,CUST0066,2023-09-24,Grocery,2640.47,5,5,12542.23,Credit Card,0
TXN03939,CUST0599,2024-12-20,Jewellery,19179.11,1,0,19179.11,Credit Card,0
TXN03940,CUST0090,2023-07-31,Travel,38684.53,2,15,65763.7,Credit Card,0
TXN03941,CUST0717,2024-07-16,Beauty,1046.25,3,10,2824.88,Debit Card,0
TXN03942,CUST0936,2023-10-15,Sports,2950.28,2,0,5900.56,Credit Card,0
TXN03943,CUST0765,2024-02-29,Grocery,2977.48,3,0,8932.44,Debit Card,0
TXN03944,CUST0925,2024-07-07,Travel,45925.92,3,15,117111.1,UPI,0
TXN03945,CUST0350,2024-12-07,Books,1448.66,4,0,5794.64,Net Banking,0
TXN03946,CUST0194,2023-09-01,Jewellery,16200.86,5,0,81004.3,UPI,0
TXN03947,CUST0888,2024-12-12,Jewellery,9899.02,4,10,35636.47,UPI,0
TXN03948,CUST0029,2024-09-24,Travel,31674.9,2,20,50679.84,Debit Card,0
TXN03949,CUST0053,2023-11-30,Travel,31196.09,4,0,124784.36,UPI,0
TXN03950,CUST0353,2023-11-24,Beauty,1122.25,3,0,3366.75,Wallet,0
TXN03951,CUST0080,2024-12-15,Books,1139.85,2,20,1823.76,Net Banking,0
TXN03952,CUST0782,2023-04-16,Grocery,1212.98,4,0,4851.92,UPI,0
TXN03953,CUST0175,2023-03-20,Sports,2724.56,1,10,2452.1,Debit Card,0
TXN03954,CUST0764,2023-06-14,Toys,1528.34,5,30,5349.19,UPI,0
TXN03955,CUST0451,2024-09-22,Toys,2385.54,1,20,1908.43,Credit Card,0
TXN03956,CUST0021,2023-02-26,Fashion,5948.53,2,0,11897.06,Wallet,0
TXN03957,CUST0562,2023-07-07,Sports,6093.56,4,5,23155.53,Debit Card,0
TXN03958,CUST0431,2023-02-21,Books,859.55,3,0,2578.65,Debit Card,0
TXN03959,CUST0430,2023-03-13,Books,337.58,4,25,1012.74,Credit Card,0
TXN03960,CUST0470,2023-11-20,Grocery,2761.13,2,30,3865.58,Credit Card,0
TXN03961,CUST0851,2024-09-03,Jewellery,46578.76,2,0,93157.52,Credit Card,0
TXN03962,CUST0595,2023-12-04,Fashion,5625.7,2,15,9563.69,Credit Card,1
TXN03963,CUST0823,2023-06-04,Grocery,249.37,2,20,398.99,Debit Card,1
TXN03964,CUST0231,2023-02-28,Fashion,4528.06,4,0,18112.24,Credit Card,0
TXN03965,CUST0067,2023-10-02,Jewellery,32202.51,1,0,32202.51,Wallet,0
TXN03966,CUST0762,2023-07-20,Home & Kitchen,14924.09,3,0,44772.27,Debit Card,0
TXN03967,CUST0607,2023-10-22,Fashion,7970.5,3,5,22715.92,Debit Card,0
TXN03968,CUST0337,2023-11-18,Grocery,2601.31,5,20,10405.24,Debit Card,0
TXN03969,CUST0742,2023-11-25,Home & Kitchen,1706.4,2,25,2559.6,Credit Card,0
TXN03970,CUST0013,2024-01-25,Travel,57336.75,2,0,114673.5,Net Banking,0
TXN03971,CUST0986,2023-10-11,Sports,7584.34,2,0,15168.68,Debit Card,0
TXN03972,CUST0750,2023-06-25,Beauty,4064.17,1,5,3860.96,Credit Card,0
TXN03973,CUST0796,2024-09-01,Grocery,1340.14,2,15,2278.24,Credit Card,0
TXN03974,CUST0875,2023-12-15,Travel,21221.16,5,10,95495.22,Debit Card,0
TXN03975,CUST0457,2024-03-07,Toys,2014.0,5,10,9063.0,UPI,0
TXN03976,CUST0794,2024-11-24,Toys,843.44,1,10,759.1,Debit Card,0
TXN03977,CUST0531,2024-01-17,Books,632.04,2,0,1264.08,UPI,0
TXN03978,CUST0452,2023-09-29,Grocery,2601.33,4,10,9364.79,UPI,0
TXN03979,CUST0747,2024-05-06,Electronics,7846.29,4,30,21969.61,UPI,0
TXN03980,CUST0294,2024-06-30,Beauty,1009.13,3,0,3027.39,Debit Card,0
TXN03981,CUST0664,2023-11-27,Electronics,14383.71,1,10,12945.34,UPI,0
TXN03982,CUST0395,2024-08-21,Sports,5195.06,4,0,20780.24,Credit Card,0
TXN03983,CUST0142,2023-06-07,Books,1495.93,3,10,4039.01,Debit Card,0
TXN03984,CUST0572,2024-03-07,Beauty,1114.78,5,10,5016.51,Credit Card,0
TXN03985,CUST0238,2023-11-21,Home & Kitchen,2865.85,3,10,7737.79,Credit Card,0
TXN03986,CUST0545,2023-04-26,Fashion,7362.92,2,20,11780.67,UPI,0
TXN03987,CUST0658,2024-06-03,Beauty,4445.64,2,5,8446.72,UPI,0
TXN03988,CUST0742,2024-09-10,Jewellery,3547.54,5,10,15963.93,Credit Card,0
TXN03989,CUST0977,2024-09-10,Home & Kitchen,11474.22,1,0,11474.22,Credit Card,0
TXN03990,CUST0869,2024-09-17,Fashion,5415.99,2,15,9207.18,Wallet,0
TXN03991,CUST0042,2024-03-10,Sports,9352.25,2,0,18704.5,Debit Card,0
TXN03992,CUST0673,2024-06-05,Toys,2129.66,3,20,5111.18,Credit Card,0
TXN03993,CUST0300,2024-07-25,Fashion,7935.34,3,0,23806.02,Credit Card,0
TXN03994,CUST0285,2023-09-23,Jewellery,4104.66,3,0,12313.98,UPI,0
TXN03995,CUST0773,2024-02-02,Books,466.4,4,0,1865.6,Debit Card,0
TXN03996,CUST0090,2023-04-12,Fashion,3474.09,5,30,12159.32,Credit Card,0
TXN03997,CUST0600,2023-03-04,Beauty,2413.96,1,5,2293.26,UPI,0
TXN03998,CUST0538,2024-11-17,Beauty,4630.43,3,0,13891.29,Debit Card,0
TXN03999,CUST0773,2024-12-09,Books,906.01,1,0,906.01,UPI,0
TXN04000,CUST0075,2024-05-25,Beauty,512.02,3,5,1459.26,Wallet,0
TXN04001,CUST0748,2023-08-10,Sports,5249.64,2,0,10499.28,Credit Card,0
TXN04002,CUST0792,2024-03-11,Jewellery,21991.54,1,10,19792.39,Wallet,0
TXN04003,CUST0466,2023-07-09,Grocery,2903.37,4,0,11613.48,Net Banking,0
TXN04004,CUST0485,2024-10-01,Grocery,1877.75,3,10,5069.92,Debit Card,0
TXN04005,CUST0387,2023-11-30,Toys,2651.91,5,0,13259.55,Net Banking,0
TXN04006,CUST0584,2024-07-11,Travel,43655.42,2,5,82945.3,UPI,1
TXN04007,CUST0350,2024-08-03,Sports,9378.45,3,10,25321.82,Net Banking,0
TXN04008,CUST0245,2023-10-28,Travel,39197.91,1,0,39197.91,UPI,1
TXN04009,CUST0332,2023-12-17,Grocery,864.14,3,5,2462.8,Credit Card,0
TXN04010,CUST0794,2024-07-23,Fashion,7055.34,2,5,13405.15,UPI,0
TXN04011,CUST0684,2024-12-28,Fashion,5990.9,5,0,29954.5,Credit Card,0
TXN04012,CUST0165,2023-04-25,Fashion,6064.03,5,10,27288.14,Credit Card,0
TXN04013,CUST0642,2024-06-05,Beauty,4983.82,5,10,22427.19,UPI,0
TXN04014,CUST0556,2024-01-02,Beauty,4071.87,2,10,7329.37,Wallet,0
TXN04015,CUST0870,2023-09-26,Electronics,67186.36,3,0,201559.08,UPI,0
TXN04016,CUST0446,2023-03-27,Fashion,7635.54,2,0,15271.08,UPI,0
TXN04017,CUST0272,2024-01-13,Fashion,1633.5,2,0,3267.0,Credit Card,0
TXN04018,CUST0949,2023-05-27,Home & Kitchen,7867.73,3,10,21242.87,UPI,1
TXN04019,CUST0887,2023-04-28,Books,933.77,4,10,3361.57,UPI,0
TXN04020,CUST0119,2023-05-15,Grocery,1121.97,5,5,5329.36,Credit Card,0
TXN04021,CUST0834,2024-06-10,Beauty,4245.2,1,15,3608.42,Credit Card,0
TXN04022,CUST0328,2023-07-25,Jewellery,38596.14,1,0,38596.14,UPI,0
TXN04023,CUST0134,2023-08-21,Beauty,3688.15,3,30,7745.12,Debit Card,0
TXN04024,CUST0935,2023-03-07,Jewellery,49863.17,1,0,49863.17,Debit Card,0
TXN04025,CUST0031,2023-01-04,Electronics,24453.6,4,15,83142.24,Wallet,0
TXN04026,CUST0051,2023-01-03,Jewellery,37301.95,2,5,70873.7,Wallet,0
TXN04027,CUST0231,2023-09-16,Beauty,2891.6,5,20,11566.4,UPI,0
TXN04028,CUST0415,2024-12-15,Toys,1458.06,1,0,1458.06,UPI,1
TXN04029,CUST0398,2023-11-21,Beauty,1054.76,1,5,1002.02,Credit Card,0
TXN04030,CUST0757,2023-08-28,Sports,10813.08,3,5,30817.28,Credit Card,0
TXN04031,CUST0673,2024-08-27,Toys,2503.19,3,30,5256.7,Wallet,0
TXN04032,CUST0350,2024-06-18,Fashion,6687.0,2,30,9361.8,UPI,0
TXN04033,CUST0070,2023-11-14,Grocery,1726.97,5,0,8634.85,UPI,1
TXN04034,CUST0348,2024-08-21,Jewellery,12558.9,1,10,11303.01,Credit Card,0
TXN04035,CUST0684,2023-02-20,Beauty,1886.48,2,10,3395.66,Net Banking,0
TXN04036,CUST0953,2024-04-14,Beauty,2093.23,5,0,10466.15,Credit Card,0
TXN04037,CUST0288,2023-02-12,Jewellery,48700.87,2,0,97401.74,Credit Card,0
TXN04038,CUST0426,2023-07-23,Travel,3321.1,1,30,2324.77,Credit Card,0
TXN04039,CUST0480,2023-12-13,Grocery,2959.86,3,10,7991.62,UPI,0
TXN04040,CUST0915,2023-02-27,Home & Kitchen,14722.56,3,0,44167.68,UPI,0
TXN04041,CUST0596,2023-02-28,Books,1494.8,3,0,4484.4,Debit Card,0
TXN04042,CUST0001,2024-11-10,Fashion,4074.41,4,0,16297.64,Credit Card,0
TXN04043,CUST0261,2024-11-16,Toys,3866.09,2,10,6958.96,Net Banking,0
TXN04044,CUST0828,2024-05-25,Beauty,2159.32,1,5,2051.35,Wallet,1
TXN04045,CUST0958,2023-11-14,Electronics,6972.08,2,10,12549.74,Credit Card,0
TXN04046,CUST0397,2024-03-08,Grocery,828.17,3,0,2484.51,Net Banking,0
TXN04047,CUST0005,2024-01-07,Jewellery,47374.22,2,5,90011.02,Wallet,0
TXN04048,CUST0708,2023-07-26,Beauty,364.69,5,0,1823.45,Debit Card,0
TXN04049,CUST0051,2023-04-21,Toys,2320.18,2,20,3712.29,Credit Card,0
TXN04050,CUST0742,2023-01-23,Electronics,10670.12,4,0,42680.48,Wallet,0
TXN04051,CUST0953,2024-03-03,Books,536.64,4,15,1824.58,Credit Card,0
TXN04052,CUST0467,2024-11-14,Books,268.93,3,5,766.45,Credit Card,0
TXN04053,CUST0716,2023-01-11,Toys,3480.26,1,10,3132.23,UPI,0
TXN04054,CUST0796,2024-07-25,Grocery,1855.0,5,0,9275.0,UPI,0
TXN04055,CUST0763,2024-05-29,Electronics,72657.98,1,15,61759.28,UPI,0
TXN04056,CUST0842,2023-05-24,Jewellery,35040.95,1,20,28032.76,UPI,0
TXN04057,CUST0246,2024-06-04,Electronics,77827.18,5,0,389135.9,UPI,0
TXN04058,CUST0744,2023-10-21,Sports,6412.61,4,0,25650.44,Debit Card,0
TXN04059,CUST0435,2023-11-21,Jewellery,32658.11,3,15,83278.18,Debit Card,0
TXN04060,CUST0172,2023-07-12,Fashion,4822.32,2,0,9644.64,Debit Card,0
TXN04061,CUST0535,2023-10-18,Home & Kitchen,7676.5,4,10,27635.4,Net Banking,0
TXN04062,CUST0056,2024-09-30,Fashion,6844.7,3,0,20534.1,Wallet,1
TXN04063,CUST0513,2024-02-23,Home & Kitchen,9952.26,4,10,35828.14,Debit Card,0
TXN04064,CUST0383,2024-04-04,Fashion,6509.84,5,10,29294.28,Credit Card,0
TXN04065,CUST0612,2023-02-17,Electronics,63977.3,1,0,63977.3,Wallet,0
TXN04066,CUST0891,2023-04-17,Grocery,734.93,5,10,3307.18,Credit Card,0
TXN04067,CUST0086,2023-09-21,Toys,2705.61,2,5,5140.66,Credit Card,0
TXN04068,CUST0466,2023-09-10,Beauty,1238.35,5,0,6191.75,Net Banking,0
TXN04069,CUST0698,2024-06-22,Home & Kitchen,9083.15,1,5,8628.99,UPI,0
TXN04070,CUST0383,2024-06-04,Beauty,3483.94,4,10,12542.18,Debit Card,0
TXN04071,CUST0076,2023-06-07,Sports,11968.48,3,0,35905.44,Wallet,1
TXN04072,CUST0373,2024-06-09,Sports,948.18,2,30,1327.45,Wallet,0
TXN04073,CUST0640,2023-01-29,Beauty,728.84,4,15,2478.06,Debit Card,0
TXN04074,CUST0697,2024-06-21,Sports,1478.1,3,0,4434.3,Net Banking,0
TXN04075,CUST0071,2024-12-26,Jewellery,21121.34,1,20,16897.07,UPI,0
TXN04076,CUST0666,2023-05-23,Beauty,4161.47,5,5,19766.98,Credit Card,0
TXN04077,CUST0762,2024-09-18,Sports,10222.24,4,10,36800.06,Wallet,0
TXN04078,CUST0591,2023-08-06,Home & Kitchen,11265.11,3,0,33795.33,Credit Card,0
TXN04079,CUST0910,2024-08-15,Grocery,2711.26,3,15,6913.71,Debit Card,0
TXN04080,CUST0639,2024-12-13,Sports,4280.6,5,15,18192.55,Debit Card,0
TXN04081,CUST0768,2023-03-08,Beauty,714.33,4,10,2571.59,UPI,0
TXN04082,CUST0294,2023-05-24,Home & Kitchen,1625.77,4,0,6503.08,Credit Card,0
TXN04083,CUST0774,2023-05-21,Beauty,4305.02,1,0,4305.02,Net Banking,1
TXN04084,CUST0382,2023-12-12,Books,1136.09,4,5,4317.14,UPI,0
TXN04085,CUST0037,2024-04-09,Electronics,57396.15,5,0,286980.75,Credit Card,0
TXN04086,CUST0328,2023-04-06,Electronics,30475.73,4,5,115807.77,UPI,0
TXN04087,CUST0457,2024-02-12,Electronics,33492.89,1,15,28468.96,Debit Card,0
TXN04088,CUST0829,2023-04-28,Fashion,7685.85,3,20,18446.04,Debit Card,1
TXN04089,CUST0051,2024-11-27,Jewellery,5062.63,4,5,19237.99,Credit Card,0
TXN04090,CUST0804,2024-03-19,Beauty,3936.54,5,0,19682.7,UPI,0
TXN04091,CUST0372,2024-01-15,Jewellery,16862.4,4,20,53959.68,Credit Card,0
TXN04092,CUST0268,2024-12-13,Beauty,483.56,2,20,773.7,Net Banking,0
TXN04093,CUST0158,2023-10-05,Books,1152.47,1,5,1094.85,Credit Card,0
TXN04094,CUST0429,2023-12-27,Sports,4372.4,3,0,13117.2,Debit Card,0
TXN04095,CUST0726,2024-01-05,Fashion,5916.11,2,15,10057.39,Debit Card,0
TXN04096,CUST0808,2024-09-13,Grocery,2181.43,5,15,9271.08,UPI,0
TXN04097,CUST0141,2023-07-31,Beauty,2813.5,4,0,11254.0,Credit Card,0
TXN04098,CUST0884,2023-09-16,Home & Kitchen,11838.7,1,10,10654.83,Credit Card,0
TXN04099,CUST0329,2024-11-06,Sports,7223.84,4,10,26005.82,Credit Card,0
TXN04100,CUST0545,2023-04-07,Toys,1360.56,4,5,5170.13,UPI,1
TXN04101,CUST0669,2023-07-29,Toys,3016.23,4,15,10255.18,Credit Card,0
TXN04102,CUST0284,2024-07-01,Grocery,1849.59,4,5,7028.44,Credit Card,0
TXN04103,CUST0692,2024-09-03,Home & Kitchen,980.73,1,15,833.62,Credit Card,0
TXN04104,CUST0977,2023-01-21,Electronics,72623.31,2,10,130721.96,Net Banking,0
TXN04105,CUST0794,2024-12-29,Fashion,4592.33,5,0,22961.65,Wallet,0
TXN04106,CUST0077,2024-03-08,Jewellery,43694.11,2,10,78649.4,UPI,0
TXN04107,CUST0009,2024-09-07,Travel,53316.0,1,15,45318.6,Debit Card,0
TXN04108,CUST0042,2024-01-06,Travel,28363.1,5,30,99270.85,Credit Card,0
TXN04109,CUST0648,2024-01-28,Fashion,4307.45,3,5,12276.23,Debit Card,0
TXN04110,CUST0998,2024-09-15,Sports,5339.6,2,0,10679.2,Debit Card,0
TXN04111,CUST0569,2023-08-07,Books,756.74,1,30,529.72,Debit Card,0
TXN04112,CUST0346,2024-05-18,Sports,10804.68,1,10,9724.21,Debit Card,1
TXN04113,CUST0992,2024-09-23,Toys,3216.13,1,25,2412.1,Debit Card,0
TXN04114,CUST0587,2023-04-06,Jewellery,8073.23,5,0,40366.15,Credit Card,1
TXN04115,CUST0131,2024-03-07,Toys,2558.14,4,5,9720.93,Credit Card,0
TXN04116,CUST0249,2023-07-07,Beauty,4980.76,3,0,14942.28,Credit Card,0
TXN04117,CUST0794,2024-05-15,Toys,2503.54,5,20,10014.16,Credit Card,0
TXN04118,CUST0587,2024-01-10,Travel,47794.68,5,20,191178.72,Credit Card,0
TXN04119,CUST0999,2024-03-09,Travel,46836.5,2,10,84305.7,Credit Card,1
TXN04120,CUST0149,2024-02-27,Jewellery,18815.24,3,0,56445.72,Credit Card,1
TXN04121,CUST0113,2023-05-24,Toys,1675.84,1,0,1675.84,Credit Card,0
TXN04122,CUST0253,2024-06-23,Fashion,5930.57,5,10,26687.56,Credit Card,0
TXN04123,CUST0859,2024-05-13,Fashion,4249.88,3,10,11474.68,Credit Card,0
TXN04124,CUST0940,2023-01-06,Grocery,1797.6,2,15,3055.92,Debit Card,0
TXN04125,CUST0001,2023-11-13,Books,1112.42,4,5,4227.2,UPI,0
TXN04126,CUST0927,2023-08-18,Jewellery,39323.6,3,5,112072.26,Wallet,0
TXN04127,CUST0294,2023-05-02,Toys,1304.61,1,0,1304.61,Wallet,0
TXN04128,CUST0955,2024-05-09,Jewellery,9046.1,5,10,40707.45,Debit Card,0
TXN04129,CUST0444,2024-12-06,Sports,3926.46,4,5,14920.55,Debit Card,0
TXN04130,CUST0737,2024-09-08,Electronics,43065.37,2,25,64598.06,Credit Card,0
TXN04131,CUST0080,2024-12-11,Home & Kitchen,5658.41,1,10,5092.57,Wallet,0
TXN04132,CUST0557,2024-04-19,Sports,7079.34,4,5,26901.49,UPI,0
TXN04133,CUST0908,2024-07-27,Sports,1209.51,2,0,2419.02,Net Banking,0
TXN04134,CUST0669,2024-05-22,Toys,2186.08,1,25,1639.56,Credit Card,0
TXN04135,CUST0269,2024-08-14,Electronics,32598.87,5,0,162994.35,Debit Card,0
TXN04136,CUST0763,2023-06-24,Fashion,4510.0,2,5,8569.0,Credit Card,0
TXN04137,CUST0298,2024-06-04,Fashion,3669.0,4,25,11007.0,Wallet,0
TXN04138,CUST0513,2024-11-22,Sports,3840.17,1,15,3264.14,Credit Card,0
TXN04139,CUST0249,2023-09-28,Books,1370.55,3,10,3700.48,UPI,0
TXN04140,CUST0410,2024-11-04,Fashion,1885.74,1,0,1885.74,Credit Card,0
TXN04141,CUST0794,2024-12-18,Beauty,3502.42,4,20,11207.74,Net Banking,0
TXN04142,CUST0829,2024-07-25,Sports,11140.95,4,0,44563.8,Credit Card,0
TXN04143,CUST0703,2023-07-05,Home & Kitchen,8449.11,3,0,25347.33,Net Banking,0
TXN04144,CUST0445,2024-08-09,Electronics,70730.64,4,0,282922.56,Debit Card,0
TXN04145,CUST0297,2023-04-04,Grocery,549.58,1,0,549.58,UPI,0
TXN04146,CUST0257,2024-08-01,Travel,31145.96,2,30,43604.34,Credit Card,0
TXN04147,CUST0646,2024-05-28,Jewellery,23937.21,1,10,21543.49,Net Banking,0
TXN04148,CUST0792,2023-06-27,Sports,692.55,4,10,2493.18,UPI,0
TXN04149,CUST0924,2024-10-15,Fashion,3824.43,3,30,8031.3,Debit Card,0
TXN04150,CUST0882,2024-07-09,Jewellery,19713.43,3,0,59140.29,UPI,0
TXN04151,CUST0545,2024-11-16,Home & Kitchen,10311.14,5,0,51555.7,Credit Card,0
TXN04152,CUST0163,2023-10-22,Toys,3771.82,3,10,10183.91,Credit Card,0
TXN04153,CUST0646,2023-08-19,Travel,7890.09,3,10,21303.24,Debit Card,0
TXN04154,CUST0015,2023-08-24,Books,592.09,4,10,2131.52,UPI,0
TXN04155,CUST0467,2023-04-03,Grocery,1443.38,2,0,2886.76,UPI,0
TXN04156,CUST0354,2024-05-01,Toys,1984.19,2,10,3571.54,UPI,0
TXN04157,CUST0757,2023-02-13,Home & Kitchen,11802.3,4,0,47209.2,UPI,0
TXN04158,CUST0434,2024-06-22,Fashion,3825.47,3,0,11476.41,Wallet,0
TXN04159,CUST0964,2024-04-19,Beauty,427.66,1,0,427.66,Debit Card,0
TXN04160,CUST0423,2023-02-08,Electronics,58257.81,2,5,110689.84,Debit Card,0
TXN04161,CUST0665,2024-01-20,Toys,3573.87,4,5,13580.71,Net Banking,0
TXN04162,CUST0374,2024-03-10,Toys,2201.45,1,5,2091.38,Debit Card,0
TXN04163,CUST0416,2023-10-16,Grocery,1827.1,3,30,3836.91,Debit Card,0
TXN04164,CUST0559,2023-09-05,Electronics,17220.23,4,25,51660.69,UPI,0
TXN04165,CUST0002,2024-07-15,Home & Kitchen,3933.17,2,10,7079.71,Net Banking,0
TXN04166,CUST0941,2023-12-25,Jewellery,13288.17,1,30,9301.72,UPI,0
TXN04167,CUST0332,2024-03-13,Jewellery,22675.61,1,30,15872.93,Credit Card,0
TXN04168,CUST0966,2023-07-28,Electronics,74610.89,2,5,141760.69,Debit Card,0
TXN04169,CUST0912,2023-05-04,Books,854.41,1,5,811.69,Credit Card,0
TXN04170,CUST0818,2024-02-07,Sports,2789.91,2,30,3905.87,Debit Card,0
TXN04171,CUST0487,2023-10-11,Books,509.22,4,10,1833.19,Debit Card,0
TXN04172,CUST0837,2024-10-24,Books,668.42,5,0,3342.1,Credit Card,0
TXN04173,CUST0882,2024-07-29,Toys,2606.06,3,15,6645.45,Debit Card,1
TXN04174,CUST0912,2023-08-29,Toys,1928.12,4,0,7712.48,UPI,1
TXN04175,CUST0595,2023-06-16,Travel,25369.36,3,5,72302.68,Net Banking,1
TXN04176,CUST0329,2024-07-14,Fashion,4735.46,3,0,14206.38,Credit Card,0
TXN04177,CUST0083,2024-11-29,Home & Kitchen,4234.06,2,0,8468.12,Debit Card,0
TXN04178,CUST0560,2023-05-28,Home & Kitchen,1920.43,5,0,9602.15,Debit Card,0
TXN04179,CUST0022,2024-12-01,Travel,4391.62,3,20,10539.89,Credit Card,0
TXN04180,CUST0456,2024-09-14,Toys,1229.66,3,0,3688.98,Debit Card,0
TXN04181,CUST0930,2023-09-22,Grocery,456.46,4,0,1825.84,Net Banking,0
TXN04182,CUST0395,2024-05-15,Grocery,1141.75,5,0,5708.75,Credit Card,0
TXN04183,CUST0608,2023-10-06,Fashion,6297.0,5,10,28336.5,Debit Card,0
TXN04184,CUST0402,2023-06-08,Electronics,58722.07,3,30,123316.35,Debit Card,0
TXN04185,CUST0394,2023-03-01,Toys,2560.43,5,0,12802.15,Credit Card,0
TXN04186,CUST0627,2024-05-13,Jewellery,42920.01,4,0,171680.04,Credit Card,0
TXN04187,CUST0444,2023-11-13,Jewellery,15539.25,2,5,29524.57,UPI,1
TXN04188,CUST0429,2024-08-09,Toys,3574.7,3,10,9651.69,Net Banking,0
TXN04189,CUST0346,2024-05-02,Beauty,2176.42,1,0,2176.42,UPI,0
TXN04190,CUST0599,2024-04-09,Electronics,35067.0,3,5,99940.95,Debit Card,0
TXN04191,CUST0406,2023-08-16,Jewellery,21456.88,3,5,61152.11,UPI,0
TXN04192,CUST0578,2024-10-27,Sports,1718.28,2,5,3264.73,Credit Card,0
TXN04193,CUST0621,2023-12-22,Books,1466.91,1,25,1100.18,UPI,0
TXN04194,CUST0794,2024-04-10,Toys,812.48,1,0,812.48,Debit Card,0
TXN04195,CUST0614,2023-08-15,Beauty,1902.16,1,0,1902.16,UPI,0
TXN04196,CUST0737,2023-06-18,Sports,4240.02,2,20,6784.03,Credit Card,0
TXN04197,CUST0806,2023-10-11,Books,250.82,5,20,1003.28,Net Banking,0
TXN04198,CUST0108,2023-09-19,Books,355.55,1,0,355.55,UPI,0
TXN04199,CUST0002,2023-12-30,Fashion,836.44,5,30,2927.54,Credit Card,0
TXN04200,CUST0328,2024-06-04,Electronics,26930.34,4,15,91563.16,Debit Card,0
TXN04201,CUST0302,2023-04-08,Toys,3506.63,2,0,7013.26,Debit Card,0
TXN04202,CUST0941,2023-01-12,Beauty,1895.38,5,10,8529.21,Credit Card,0
TXN04203,CUST0042,2024-08-05,Travel,10050.43,1,0,10050.43,Debit Card,0
TXN04204,CUST0848,2024-02-21,Fashion,5342.7,1,0,5342.7,Debit Card,0
TXN04205,CUST0179,2024-05-15,Grocery,2990.48,5,0,14952.4,Credit Card,0
TXN04206,CUST0741,2023-05-15,Sports,3248.49,5,10,14618.2,Debit Card,0
TXN04207,CUST0164,2023-09-16,Travel,18935.55,4,20,60593.76,Credit Card,0
TXN04208,CUST0621,2024-05-31,Sports,11679.06,2,5,22190.21,Credit Card,0
TXN04209,CUST0649,2023-10-21,Toys,961.47,3,5,2740.19,Credit Card,0
TXN04210,CUST0913,2024-09-02,Beauty,2702.71,4,10,9729.76,Credit Card,0
TXN04211,CUST0658,2024-03-15,Beauty,1426.37,4,10,5134.93,Wallet,0
TXN04212,CUST0830,2023-05-31,Books,1408.68,4,15,4789.51,Wallet,0
TXN04213,CUST0219,2024-04-25,Travel,58946.7,1,5,55999.36,Net Banking,0
TXN04214,CUST0457,2023-09-15,Beauty,4129.08,5,10,18580.86,Credit Card,0
TXN04215,CUST0734,2023-05-29,Jewellery,17109.62,2,5,32508.28,UPI,0
TXN04216,CUST0995,2023-05-22,Sports,5199.76,1,15,4419.8,UPI,0
TXN04217,CUST0147,2023-09-08,Books,477.11,4,0,1908.44,Credit Card,0
TXN04218,CUST0890,2024-10-05,Toys,3595.8,2,0,7191.6,Net Banking,0
TXN04219,CUST0014,2023-02-16,Beauty,4598.42,1,5,4368.5,Wallet,0
TXN04220,CUST0837,2024-01-07,Home & Kitchen,6747.96,3,20,16195.1,UPI,0
TXN04221,CUST0674,2023-04-04,Toys,2729.17,4,10,9825.01,Credit Card,0
TXN04222,CUST0632,2023-12-22,Travel,12436.53,1,30,8705.57,UPI,0
TXN04223,CUST0741,2024-06-15,Jewellery,22876.92,1,0,22876.92,Credit Card,0
TXN04224,CUST0409,2024-11-22,Electronics,52362.43,4,10,188504.75,Credit Card,0
TXN04225,CUST0765,2023-09-29,Grocery,1279.13,3,5,3645.52,UPI,0
TXN04226,CUST0142,2024-03-04,Home & Kitchen,5877.91,5,10,26450.6,Debit Card,0
TXN04227,CUST0792,2024-10-09,Books,151.35,3,20,363.24,Credit Card,0
TXN04228,CUST0274,2024-12-02,Sports,9768.95,4,20,31260.64,Credit Card,0
TXN04229,CUST0013,2024-12-24,Travel,53692.24,5,15,228192.02,UPI,0
TXN04230,CUST0925,2023-03-05,Travel,58259.42,1,10,52433.48,Wallet,0
TXN04231,CUST0804,2023-06-13,Electronics,58945.35,3,25,132627.04,Debit Card,0
TXN04232,CUST0953,2024-01-24,Home & Kitchen,8592.85,3,5,24489.62,Credit Card,0
TXN04233,CUST0097,2024-04-13,Sports,3669.84,5,20,14679.36,Debit Card,0
TXN04234,CUST0834,2024-07-03,Grocery,2998.04,1,25,2248.53,UPI,0
TXN04235,CUST0561,2024-12-27,Fashion,4923.15,3,10,13292.5,Net Banking,0
TXN04236,CUST0664,2024-06-14,Fashion,5608.66,5,15,23836.8,Debit Card,0
TXN04237,CUST0328,2024-08-08,Travel,41897.15,3,5,119406.88,Credit Card,0
TXN04238,CUST0313,2024-10-14,Home & Kitchen,12802.58,1,0,12802.58,Credit Card,0
TXN04239,CUST0070,2023-01-17,Electronics,5725.44,1,10,5152.9,Net Banking,0
TXN04240,CUST0911,2024-08-29,Travel,15554.08,2,0,31108.16,Credit Card,0
TXN04241,CUST0675,2023-10-28,Fashion,5491.51,5,10,24711.8,UPI,0
TXN04242,CUST0268,2023-03-29,Travel,54023.31,4,20,172874.59,Credit Card,1
TXN04243,CUST0941,2024-07-16,Fashion,5640.04,3,0,16920.12,UPI,0
TXN04244,CUST0236,2023-09-02,Home & Kitchen,6671.58,1,0,6671.58,Credit Card,1
TXN04245,CUST0469,2024-04-11,Home & Kitchen,5934.09,3,10,16022.04,Credit Card,0
TXN04246,CUST0178,2024-03-17,Electronics,60346.1,3,5,171986.38,Debit Card,0
TXN04247,CUST0768,2023-04-23,Books,1150.67,4,5,4372.55,Debit Card,0
TXN04248,CUST0928,2024-03-17,Books,969.53,1,5,921.05,Debit Card,0
TXN04249,CUST0476,2023-01-08,Travel,19613.62,2,0,39227.24,UPI,0
TXN04250,CUST0902,2024-07-02,Travel,55733.82,5,0,278669.1,Debit Card,0
TXN04251,CUST0982,2024-07-12,Travel,34457.16,3,20,82697.18,UPI,0
TXN04252,CUST0383,2023-04-10,Electronics,64286.93,4,0,257147.72,Debit Card,0
TXN04253,CUST0382,2023-12-11,Toys,1092.94,4,5,4153.17,UPI,0
TXN04254,CUST0462,2024-11-15,Travel,22610.32,5,30,79136.12,Debit Card,0
TXN04255,CUST0513,2024-04-25,Books,1330.68,5,20,5322.72,Net Banking,0
TXN04256,CUST0276,2024-12-03,Books,217.64,1,0,217.64,Debit Card,0
TXN04257,CUST0228,2023-12-08,Sports,6440.39,3,10,17389.05,Debit Card,0
TXN04258,CUST0484,2023-08-22,Home & Kitchen,7640.22,3,15,19482.56,UPI,0
TXN04259,CUST0441,2023-08-23,Toys,3079.55,5,15,13088.09,Debit Card,0
TXN04260,CUST0143,2023-05-06,Fashion,2614.2,2,15,4444.14,Debit Card,0
TXN04261,CUST0671,2024-11-20,Books,445.74,3,10,1203.5,UPI,0
TXN04262,CUST0986,2024-04-21,Grocery,2793.17,4,0,11172.68,UPI,0
TXN04263,CUST0627,2024-11-15,Grocery,1800.79,5,10,8103.56,Net Banking,0
TXN04264,CUST0172,2024-01-07,Books,291.33,3,10,786.59,UPI,1
TXN04265,CUST0473,2023-04-30,Grocery,740.5,1,10,666.45,Credit Card,0
TXN04266,CUST0956,2024-06-25,Beauty,4994.48,5,0,24972.4,Net Banking,0
TXN04267,CUST0120,2024-07-13,Toys,1023.75,4,0,4095.0,Net Banking,0
TXN04268,CUST0708,2023-06-28,Home & Kitchen,9468.75,1,30,6628.12,Credit Card,0
TXN04269,CUST0295,2023-04-04,Books,717.17,5,0,3585.85,Credit Card,0
TXN04270,CUST0200,2024-07-20,Books,1345.56,5,0,6727.8,UPI,1
TXN04271,CUST0728,2023-10-29,Fashion,6163.76,3,15,15717.59,Credit Card,0
TXN04272,CUST0469,2024-02-22,Toys,2508.72,1,5,2383.28,Debit Card,0
TXN04273,CUST0027,2024-08-08,Travel,3612.12,5,0,18060.6,Wallet,0
TXN04274,CUST0374,2024-03-27,Travel,53148.33,4,10,191333.99,Credit Card,0
TXN04275,CUST0184,2024-02-21,Jewellery,23344.04,1,10,21009.64,Credit Card,0
TXN04276,CUST0999,2023-05-02,Sports,11219.99,3,10,30293.97,UPI,0
TXN04277,CUST0595,2023-02-26,Beauty,2629.03,2,25,3943.54,Credit Card,0
TXN04278,CUST0865,2023-05-19,Electronics,57066.84,5,0,285334.2,Net Banking,1
TXN04279,CUST0416,2023-07-18,Electronics,10196.95,2,15,17334.82,Credit Card,0
TXN04280,CUST0393,2024-12-21,Jewellery,37767.28,5,0,188836.4,Debit Card,0
TXN04281,CUST0328,2023-12-27,Home & Kitchen,5599.54,3,5,15958.69,Credit Card,0
TXN04282,CUST0450,2024-10-11,Electronics,31351.93,3,15,79947.42,UPI,1
TXN04283,CUST0768,2024-02-14,Travel,9763.38,3,0,29290.14,UPI,0
TXN04284,CUST0351,2024-10-07,Grocery,611.2,3,10,1650.24,Wallet,0
TXN04285,CUST0532,2024-06-11,Sports,2717.65,1,0,2717.65,Debit Card,0
TXN04286,CUST0587,2024-09-06,Toys,1514.36,1,0,1514.36,Net Banking,1
TXN04287,CUST0680,2023-08-31,Travel,53842.29,5,10,242290.31,UPI,0
TXN04288,CUST0178,2023-03-31,Fashion,3261.95,1,15,2772.66,Wallet,0
TXN04289,CUST0785,2024-05-30,Toys,2980.14,5,0,14900.7,Credit Card,0
TXN04290,CUST0178,2023-03-03,Electronics,11206.06,1,25,8404.54,Debit Card,1
TXN04291,CUST0819,2023-07-31,Fashion,4933.24,1,0,4933.24,Debit Card,0
TXN04292,CUST0781,2023-09-05,Toys,2083.0,1,0,2083.0,Credit Card,0
TXN04293,CUST0684,2024-12-04,Books,1470.24,4,0,5880.96,UPI,0
TXN04294,CUST0119,2024-05-11,Beauty,4277.18,3,0,12831.54,UPI,0
TXN04295,CUST0328,2023-02-25,Travel,28925.3,4,0,115701.2,UPI,0
TXN04296,CUST0400,2024-04-03,Fashion,6313.57,1,15,5366.53,Credit Card,0
TXN04297,CUST0181,2023-10-16,Jewellery,11265.86,1,10,10139.27,Credit Card,0
TXN04298,CUST0155,2024-06-26,Beauty,2942.98,4,5,11183.32,Credit Card,0
TXN04299,CUST0831,2024-04-14,Toys,576.09,5,30,2016.32,Wallet,0
TXN04300,CUST0811,2024-01-24,Home & Kitchen,5742.86,3,5,16367.15,Debit Card,0
TXN04301,CUST0664,2024-02-25,Jewellery,12841.38,5,0,64206.9,Debit Card,0
TXN04302,CUST0112,2024-05-27,Travel,43977.86,3,0,131933.58,Debit Card,0
TXN04303,CUST0993,2024-12-10,Books,811.62,2,0,1623.24,Credit Card,0
TXN04304,CUST0848,2024-07-10,Fashion,6133.03,3,10,16559.18,Credit Card,0
TXN04305,CUST0911,2024-07-12,Grocery,1642.83,5,0,8214.15,Debit Card,0
TXN04306,CUST0422,2023-03-22,Fashion,1148.63,3,10,3101.3,UPI,0
TXN04307,CUST0263,2024-03-19,Beauty,3756.23,2,15,6385.59,Net Banking,0
TXN04308,CUST0077,2023-10-14,Fashion,6749.22,2,15,11473.67,Net Banking,0
TXN04309,CUST0157,2023-10-11,Beauty,4546.6,1,15,3864.61,Wallet,0
TXN04310,CUST0741,2024-05-05,Jewellery,29455.61,2,0,58911.22,Credit Card,0
TXN04311,CUST0053,2024-01-23,Fashion,6151.89,4,0,24607.56,Credit Card,0
TXN04312,CUST0461,2024-12-01,Jewellery,38098.13,5,10,171441.58,Credit Card,0
TXN04313,CUST0106,2024-07-04,Books,360.26,4,0,1441.04,UPI,0
TXN04314,CUST0685,2024-08-17,Books,371.7,4,0,1486.8,UPI,0
TXN04315,CUST0885,2024-02-12,Beauty,633.16,5,10,2849.22,UPI,0
TXN04316,CUST0233,2023-11-23,Toys,1483.68,4,5,5637.98,Debit Card,0
TXN04317,CUST0946,2023-06-25,Books,789.24,4,15,2683.42,Debit Card,0
TXN04318,CUST0067,2024-06-04,Sports,11976.04,4,5,45508.95,Debit Card,0
TXN04319,CUST0982,2024-01-18,Fashion,3732.45,2,30,5225.43,Credit Card,0
TXN04320,CUST0175,2023-09-15,Sports,8879.17,5,15,37736.47,UPI,0
TXN04321,CUST0902,2023-12-13,Fashion,5700.48,5,0,28502.4,Wallet,0
TXN04322,CUST0428,2023-09-29,Electronics,20336.15,5,10,91512.68,Debit Card,0
TXN04323,CUST0658,2023-09-18,Jewellery,4808.34,4,10,17310.02,UPI,0
TXN04324,CUST0372,2024-01-31,Beauty,2866.23,2,15,4872.59,Debit Card,1
TXN04325,CUST0350,2024-11-22,Travel,42917.42,5,10,193128.39,Credit Card,0
TXN04326,CUST0743,2023-06-03,Travel,59900.35,3,10,161730.94,Credit Card,0
TXN04327,CUST0744,2024-06-10,Home & Kitchen,5892.28,5,5,27988.33,Credit Card,1
TXN04328,CUST0621,2023-03-08,Toys,3616.55,1,0,3616.55,UPI,0
TXN04329,CUST0467,2024-11-29,Beauty,2095.08,3,25,4713.93,Credit Card,0
TXN04330,CUST0395,2023-12-14,Books,1080.71,5,5,5133.37,Net Banking,0
TXN04331,CUST0400,2023-03-04,Grocery,1875.11,4,0,7500.44,Wallet,0
TXN04332,CUST0743,2023-12-22,Toys,496.02,5,0,2480.1,Credit Card,0
TXN04333,CUST0773,2023-10-08,Toys,590.04,2,20,944.06,Credit Card,0
TXN04334,CUST0759,2023-02-10,Grocery,258.14,2,10,464.65,UPI,1
TXN04335,CUST0278,2024-06-23,Jewellery,19800.04,5,15,84150.17,Net Banking,0
TXN04336,CUST0550,2024-01-02,Toys,3059.46,4,20,9790.27,Debit Card,0
TXN04337,CUST0839,2023-10-04,Electronics,17956.65,4,20,57461.28,Debit Card,0
TXN04338,CUST0045,2023-08-09,Toys,2541.66,4,10,9149.98,Net Banking,0
TXN04339,CUST0326,2024-12-29,Home & Kitchen,4901.35,5,0,24506.75,Debit Card,0
TXN04340,CUST0834,2023-03-02,Sports,9685.72,5,0,48428.6,Credit Card,0
TXN04341,CUST0474,2023-04-13,Travel,48508.58,1,10,43657.72,Wallet,0
TXN04342,CUST0013,2023-07-04,Jewellery,39219.9,2,5,74517.81,Credit Card,0
TXN04343,CUST0987,2023-05-27,Beauty,2766.72,3,10,7470.14,Credit Card,0
TXN04344,CUST0090,2023-03-16,Books,534.17,3,10,1442.26,Debit Card,0
TXN04345,CUST0873,2024-04-17,Electronics,65708.3,2,10,118274.94,Credit Card,0
TXN04346,CUST0794,2023-01-01,Jewellery,10932.83,1,0,10932.83,Wallet,0
TXN04347,CUST0305,2024-02-20,Sports,3903.26,2,0,7806.52,Debit Card,0
TXN04348,CUST0513,2024-04-13,Home & Kitchen,3412.06,1,15,2900.25,Net Banking,0
TXN04349,CUST0240,2023-12-31,Sports,8286.0,1,0,8286.0,Credit Card,0
TXN04350,CUST0763,2024-11-04,Beauty,3525.31,4,15,11986.05,Credit Card,0
TXN04351,CUST0026,2023-01-17,Grocery,2027.03,2,10,3648.65,UPI,0
TXN04352,CUST0077,2024-05-24,Books,711.06,3,30,1493.23,Wallet,0
TXN04353,CUST0328,2024-03-14,Grocery,480.48,5,20,1921.92,Credit Card,0
TXN04354,CUST0461,2024-06-14,Fashion,7333.77,5,5,34835.41,UPI,0
TXN04355,CUST0718,2023-02-28,Home & Kitchen,8009.78,2,10,14417.6,Credit Card,0
TXN04356,CUST0026,2024-12-13,Books,699.41,5,0,3497.05,Net Banking,0
TXN04357,CUST0267,2023-04-25,Beauty,3067.48,1,5,2914.11,Wallet,0
TXN04358,CUST0840,2023-07-22,Jewellery,11253.94,5,15,47829.24,UPI,0
TXN04359,CUST0830,2024-06-26,Travel,10555.28,1,10,9499.75,UPI,0
TXN04360,CUST0036,2023-07-13,Books,697.46,1,10,627.71,Credit Card,0
TXN04361,CUST0220,2024-04-16,Jewellery,12906.59,3,0,38719.77,Credit Card,0
TXN04362,CUST0952,2023-04-16,Jewellery,13725.93,5,20,54903.72,Credit Card,0
TXN04363,CUST0651,2023-05-06,Fashion,7193.84,3,0,21581.52,Credit Card,0
TXN04364,CUST0963,2024-02-18,Electronics,44806.94,5,20,179227.76,UPI,0
TXN04365,CUST0484,2024-09-06,Home & Kitchen,7665.26,1,10,6898.73,Debit Card,0
TXN04366,CUST0297,2024-11-05,Home & Kitchen,10590.61,5,5,50305.4,Credit Card,0
TXN04367,CUST0428,2024-05-24,Fashion,7636.61,3,0,22909.83,Net Banking,0
TXN04368,CUST0734,2024-05-15,Grocery,514.16,4,0,2056.64,Wallet,0
TXN04369,CUST0227,2023-05-01,Grocery,2533.9,3,20,6081.36,Debit Card,0
TXN04370,CUST0329,2024-08-29,Beauty,3044.89,4,20,9743.65,Debit Card,0
TXN04371,CUST0669,2023-07-27,Electronics,15962.4,2,10,28732.32,Credit Card,0
TXN04372,CUST0792,2024-10-22,Jewellery,16263.17,3,10,43910.56,Debit Card,1
TXN04373,CUST0108,2023-12-16,Toys,2084.74,5,10,9381.33,Debit Card,0
TXN04374,CUST0268,2023-07-12,Toys,2857.36,4,10,10286.5,Wallet,0
TXN04375,CUST0649,2024-10-15,Grocery,879.3,5,10,3956.85,UPI,0
TXN04376,CUST0462,2024-01-28,Fashion,4511.59,4,5,17144.04,UPI,0
TXN04377,CUST0945,2024-05-11,Electronics,56350.37,3,20,135240.89,Credit Card,0
TXN04378,CUST0444,2024-01-27,Sports,5715.64,3,15,14574.88,Debit Card,1
TXN04379,CUST0796,2024-12-13,Travel,52192.48,5,5,247914.28,Credit Card,0
TXN04380,CUST0377,2024-11-04,Electronics,70209.43,3,20,168502.63,Net Banking,0
TXN04381,CUST0661,2023-04-19,Beauty,2512.25,5,10,11305.12,Credit Card,0
TXN04382,CUST0773,2024-04-14,Jewellery,48700.43,1,0,48700.43,Debit Card,0
TXN04383,CUST0408,2023-12-16,Jewellery,5628.08,4,0,22512.32,Credit Card,0
TXN04384,CUST0217,2024-12-22,Home & Kitchen,847.75,5,15,3602.94,UPI,1
TXN04385,CUST0704,2023-05-29,Books,663.9,4,20,2124.48,Debit Card,0
TXN04386,CUST0014,2023-09-13,Books,961.48,1,20,769.18,Debit Card,0
TXN04387,CUST0143,2024-01-24,Home & Kitchen,9734.64,4,15,33097.78,Credit Card,0
TXN04388,CUST0737,2023-07-18,Beauty,2539.29,5,0,12696.45,Debit Card,1
TXN04389,CUST0398,2024-03-18,Jewellery,7994.4,3,0,23983.2,UPI,0
TXN04390,CUST0569,2023-07-05,Books,380.17,4,5,1444.65,Wallet,0
TXN04391,CUST0832,2023-12-10,Books,1300.4,4,20,4161.28,Credit Card,0
TXN04392,CUST0016,2024-11-07,Travel,52470.93,1,30,36729.65,Wallet,0
TXN04393,CUST0346,2023-04-18,Books,1059.76,2,0,2119.52,Debit Card,0
TXN04394,CUST0142,2024-08-17,Jewellery,33882.46,3,15,86400.27,Credit Card,0
TXN04395,CUST0068,2023-03-21,Beauty,3109.11,5,10,13991.0,UPI,1
TXN04396,CUST0865,2023-09-10,Sports,2913.36,1,0,2913.36,Debit Card,0
TXN04397,CUST0409,2023-01-25,Grocery,1399.1,5,10,6295.95,Credit Card,0
TXN04398,CUST0632,2023-10-10,Electronics,57192.1,5,20,228768.4,UPI,0
TXN04399,CUST0886,2024-07-16,Fashion,4529.39,4,0,18117.56,Debit Card,0
TXN04400,CUST0200,2024-09-11,Toys,368.75,1,20,295.0,UPI,0
TXN04401,CUST0952,2023-08-26,Electronics,76516.76,1,0,76516.76,UPI,0
TXN04402,CUST0120,2023-11-12,Travel,51154.51,3,0,153463.53,Debit Card,0
TXN04403,CUST0875,2024-04-07,Books,501.74,2,0,1003.48,Debit Card,0
TXN04404,CUST0673,2024-11-28,Beauty,3197.36,5,20,12789.44,Credit Card,0
TXN04405,CUST0990,2024-08-14,Sports,11124.93,3,5,31706.05,Debit Card,0
TXN04406,CUST0462,2024-08-30,Toys,655.24,3,15,1670.86,Credit Card,0
TXN04407,CUST0346,2024-01-17,Home & Kitchen,7943.02,5,10,35743.59,Credit Card,1
TXN04408,CUST0092,2024-04-09,Sports,5801.17,4,10,20884.21,Debit Card,0
TXN04409,CUST0006,2023-05-30,Grocery,1348.57,4,20,4315.42,Credit Card,0
TXN04410,CUST0271,2023-12-18,Books,1278.04,5,5,6070.69,UPI,0
TXN04411,CUST0668,2024-03-17,Fashion,3354.85,1,20,2683.88,Debit Card,1
TXN04412,CUST0526,2024-01-30,Toys,535.55,2,0,1071.1,UPI,1
TXN04413,CUST0850,2023-12-31,Books,238.88,4,10,859.97,Credit Card,0
TXN04414,CUST0396,2023-01-06,Toys,458.16,2,15,778.87,Debit Card,0
TXN04415,CUST0875,2024-06-17,Fashion,3568.59,3,20,8564.62,UPI,0
TXN04416,CUST0880,2023-08-08,Grocery,2211.54,3,0,6634.62,Wallet,0
TXN04417,CUST0646,2023-01-12,Home & Kitchen,3692.86,5,10,16617.87,Wallet,0
TXN04418,CUST0419,2024-01-20,Jewellery,33030.49,5,5,156894.83,Debit Card,0
TXN04419,CUST0853,2024-12-04,Beauty,3529.32,5,5,16764.27,UPI,0
TXN04420,CUST0700,2024-04-02,Sports,3509.3,4,0,14037.2,Debit Card,0
TXN04421,CUST0759,2023-08-13,Electronics,50041.82,2,0,100083.64,Debit Card,0
TXN04422,CUST0201,2023-12-02,Home & Kitchen,10525.13,3,20,25260.31,UPI,0
TXN04423,CUST0149,2023-06-16,Home & Kitchen,7425.91,2,15,12624.05,Debit Card,0
TXN04424,CUST0226,2023-11-12,Travel,22192.85,4,5,84332.83,Credit Card,1
TXN04425,CUST0169,2023-04-26,Toys,2590.86,2,20,4145.38,UPI,0
TXN04426,CUST0958,2024-05-12,Toys,3918.03,2,0,7836.06,Net Banking,0
TXN04427,CUST0504,2023-05-28,Travel,27329.96,5,10,122984.82,Credit Card,0
TXN04428,CUST0743,2023-02-05,Sports,5065.78,2,20,8105.25,UPI,0
TXN04429,CUST0955,2024-02-11,Toys,2017.79,2,20,3228.46,Debit Card,0
TXN04430,CUST0843,2024-01-20,Jewellery,5658.48,2,5,10751.11,Debit Card,0
TXN04431,CUST0461,2024-02-15,Beauty,2899.87,1,15,2464.89,UPI,0
TXN04432,CUST0043,2023-11-04,Electronics,29652.3,3,5,84509.06,Wallet,1
TXN04433,CUST0303,2024-10-03,Electronics,14106.66,3,20,33855.98,Debit Card,1
TXN04434,CUST0999,2023-08-28,Fashion,3996.93,2,10,7194.47,UPI,0
TXN04435,CUST0621,2024-01-02,Fashion,525.38,5,15,2232.87,Debit Card,0
TXN04436,CUST0298,2023-10-31,Beauty,2188.39,5,0,10941.95,Net Banking,0
TXN04437,CUST0036,2024-09-08,Books,292.74,5,10,1317.33,UPI,0
TXN04438,CUST0540,2023-06-16,Books,182.8,3,10,493.56,UPI,0
TXN04439,CUST0828,2024-07-07,Home & Kitchen,12507.55,4,10,45027.18,Wallet,0
TXN04440,CUST0931,2023-10-28,Home & Kitchen,13810.73,2,15,23478.24,Credit Card,0
TXN04441,CUST0941,2023-07-24,Travel,14837.45,3,25,33384.26,Debit Card,0
TXN04442,CUST0350,2023-07-14,Grocery,1710.04,5,15,7267.67,UPI,0
TXN04443,CUST0200,2023-06-20,Fashion,2584.69,3,0,7754.07,UPI,0
TXN04444,CUST0016,2024-09-07,Grocery,1582.02,3,20,3796.85,UPI,0
TXN04445,CUST0626,2024-02-06,Toys,1915.54,3,0,5746.62,Credit Card,1
TXN04446,CUST0298,2023-02-08,Electronics,25178.83,5,10,113304.74,UPI,0
TXN04447,CUST0417,2024-10-07,Home & Kitchen,10745.59,4,20,34385.89,UPI,0
TXN04448,CUST0974,2023-09-09,Books,320.76,1,0,320.76,Credit Card,0
TXN04449,CUST0162,2024-11-12,Beauty,549.44,2,20,879.1,Debit Card,1
TXN04450,CUST0376,2023-10-10,Fashion,6257.57,2,15,10637.87,Credit Card,0
TXN04451,CUST0665,2023-07-26,Electronics,54944.75,3,10,148350.83,Net Banking,1
TXN04452,CUST0562,2024-05-14,Sports,6283.2,4,5,23876.16,Credit Card,0
TXN04453,CUST0346,2023-05-23,Beauty,2498.61,5,5,11868.4,Credit Card,0
TXN04454,CUST0059,2023-01-19,Grocery,1592.75,1,30,1114.92,Credit Card,0
TXN04455,CUST0354,2024-12-02,Jewellery,22977.16,1,0,22977.16,Credit Card,0
TXN04456,CUST0398,2024-07-29,Grocery,1300.1,3,10,3510.27,UPI,1
TXN04457,CUST0923,2024-11-17,Fashion,4247.68,3,0,12743.04,Net Banking,1
TXN04458,CUST0430,2023-01-20,Beauty,2784.02,5,0,13920.1,Debit Card,0
TXN04459,CUST0537,2024-03-23,Jewellery,35211.31,5,15,149648.07,Credit Card,0
TXN04460,CUST0840,2023-08-14,Toys,2931.47,5,5,13924.48,Debit Card,0
TXN04461,CUST0109,2023-04-11,Sports,4904.97,3,30,10300.44,Debit Card,0
TXN04462,CUST0266,2023-10-21,Grocery,1357.91,4,10,4888.48,Debit Card,0
TXN04463,CUST0994,2024-07-03,Sports,4860.15,3,10,13122.4,Debit Card,0
TXN04464,CUST0649,2023-03-06,Beauty,2821.72,3,0,8465.16,UPI,0
TXN04465,CUST0993,2024-05-13,Electronics,39001.52,1,30,27301.06,Debit Card,0
TXN04466,CUST0834,2023-03-17,Beauty,4481.1,5,0,22405.5,UPI,0
TXN04467,CUST0142,2024-12-04,Books,1090.09,2,10,1962.16,Debit Card,0
TXN04468,CUST0066,2024-09-26,Jewellery,45135.51,5,5,214393.67,Credit Card,0
TXN04469,CUST0566,2023-05-05,Electronics,58185.27,4,5,221104.03,Wallet,0
TXN04470,CUST0111,2023-01-27,Grocery,2918.78,4,10,10507.61,Credit Card,0
TXN04471,CUST0516,2024-09-06,Toys,2652.23,5,15,11271.98,Debit Card,0
TXN04472,CUST0290,2023-10-03,Sports,11584.47,5,0,57922.35,Wallet,0
TXN04473,CUST0750,2024-07-25,Beauty,1043.4,3,10,2817.18,Credit Card,1
TXN04474,CUST0185,2024-11-10,Travel,5991.23,2,15,10185.09,Credit Card,0
TXN04475,CUST0042,2023-03-24,Fashion,4843.44,3,5,13803.8,Debit Card,0
TXN04476,CUST0346,2024-04-30,Grocery,2953.78,1,0,2953.78,Credit Card,0
TXN04477,CUST0940,2024-04-07,Fashion,3632.04,1,5,3450.44,UPI,0
TXN04478,CUST0432,2023-01-06,Electronics,20903.25,4,0,83613.0,Net Banking,0
TXN04479,CUST0744,2024-11-06,Books,854.08,4,0,3416.32,Debit Card,0
TXN04480,CUST0519,2024-01-03,Grocery,2016.64,2,5,3831.62,UPI,0
TXN04481,CUST0683,2024-04-15,Books,575.49,4,10,2071.76,UPI,0
TXN04482,CUST0031,2024-12-14,Books,1114.94,1,0,1114.94,Net Banking,0
TXN04483,CUST0186,2024-03-24,Toys,3907.92,2,10,7034.26,UPI,0
TXN04484,CUST0204,2024-11-19,Electronics,72272.23,1,30,50590.56,Wallet,0
TXN04485,CUST0666,2024-01-05,Beauty,1670.45,5,30,5846.58,Debit Card,0
TXN04486,CUST0042,2023-12-06,Travel,21623.25,5,20,86493.0,Credit Card,0
TXN04487,CUST0346,2024-10-29,Jewellery,19833.98,2,0,39667.96,Debit Card,0
TXN04488,CUST0763,2023-10-05,Books,682.65,3,0,2047.95,Net Banking,0
TXN04489,CUST0610,2023-12-06,Electronics,12523.96,4,20,40076.67,Credit Card,1
TXN04490,CUST0488,2024-09-05,Toys,3119.26,2,0,6238.52,UPI,0
TXN04491,CUST0446,2023-03-21,Grocery,1222.95,4,0,4891.8,Debit Card,0
TXN04492,CUST0649,2024-12-06,Home & Kitchen,13293.44,1,10,11964.1,Wallet,0
TXN04493,CUST0407,2024-08-25,Home & Kitchen,13962.56,3,0,41887.68,UPI,0
TXN04494,CUST0172,2023-03-08,Travel,4392.58,4,20,14056.26,UPI,0
TXN04495,CUST0802,2023-08-03,Toys,3957.46,5,15,16819.2,Net Banking,0
TXN04496,CUST0063,2024-02-20,Electronics,58251.7,5,15,247569.72,Wallet,0
TXN04497,CUST0802,2023-05-25,Toys,2225.45,1,20,1780.36,Debit Card,0
TXN04498,CUST0177,2024-07-05,Jewellery,20697.33,2,0,41394.66,Wallet,1
TXN04499,CUST0172,2024-12-24,Jewellery,26888.87,4,15,91422.16,Credit Card,0
TXN04500,CUST0225,2023-10-13,Beauty,1825.74,1,5,1734.45,UPI,0
TXN04501,CUST0952,2024-07-24,Home & Kitchen,9642.17,5,15,40979.22,Debit Card,0
TXN04502,CUST0710,2024-06-23,Home & Kitchen,2120.32,5,0,10601.6,Debit Card,0
TXN04503,CUST0794,2023-02-16,Jewellery,31813.88,5,15,135208.99,Net Banking,1
TXN04504,CUST0911,2023-08-25,Toys,1318.78,3,30,2769.44,UPI,0
TXN04505,CUST0550,2023-04-27,Travel,4005.19,3,0,12015.57,Debit Card,0
TXN04506,CUST0400,2023-05-31,Travel,34504.23,5,0,172521.15,Credit Card,0
TXN04507,CUST0184,2023-03-24,Books,930.9,2,0,1861.8,Wallet,1
TXN04508,CUST0012,2023-02-26,Grocery,1394.39,3,5,3974.01,Debit Card,0
TXN04509,CUST0030,2024-12-29,Home & Kitchen,1826.46,4,0,7305.84,Credit Card,0
TXN04510,CUST0400,2024-01-20,Jewellery,44880.46,3,20,107713.1,UPI,0
TXN04511,CUST0360,2023-08-08,Toys,2562.29,4,10,9224.24,Debit Card,0
TXN04512,CUST0180,2023-10-12,Electronics,13678.5,3,10,36931.95,UPI,0
TXN04513,CUST0547,2024-03-09,Grocery,1630.61,5,15,6930.09,Credit Card,0
TXN04514,CUST0222,2023-11-16,Travel,31343.5,4,5,119105.3,Debit Card,0
TXN04515,CUST0421,2024-09-02,Fashion,953.01,2,5,1810.72,Wallet,0
TXN04516,CUST0652,2023-08-30,Fashion,5051.45,3,15,12881.2,Wallet,0
TXN04517,CUST0756,2024-04-09,Toys,3290.81,3,15,8391.57,Net Banking,0
TXN04518,CUST0393,2023-07-22,Sports,9138.69,5,0,45693.45,UPI,0
TXN04519,CUST0834,2024-07-02,Sports,2913.85,4,0,11655.4,Credit Card,0
TXN04520,CUST0905,2024-03-20,Home & Kitchen,13044.55,5,0,65222.75,Debit Card,0
TXN04521,CUST0802,2024-10-01,Electronics,30690.66,4,5,116624.51,UPI,0
TXN04522,CUST0664,2023-05-15,Books,1427.79,3,0,4283.37,Credit Card,0
TXN04523,CUST0599,2024-07-29,Toys,565.47,3,15,1441.95,Credit Card,1
TXN04524,CUST0423,2024-06-24,Fashion,4146.57,3,20,9951.77,Debit Card,0
TXN04525,CUST0953,2024-05-01,Fashion,4978.43,3,0,14935.29,Debit Card,0
TXN04526,CUST0801,2024-07-25,Electronics,23573.76,1,10,21216.38,Credit Card,0
TXN04527,CUST0516,2024-04-30,Home & Kitchen,11753.6,3,5,33497.76,Debit Card,0
TXN04528,CUST0330,2024-07-19,Sports,7746.61,3,10,20915.85,Wallet,0
TXN04529,CUST0186,2024-10-22,Beauty,385.11,4,10,1386.4,Credit Card,0
TXN04530,CUST0982,2024-02-09,Home & Kitchen,9438.83,3,20,22653.19,UPI,0
TXN04531,CUST0426,2024-07-23,Home & Kitchen,7778.99,3,0,23336.97,Debit Card,0
TXN04532,CUST0703,2024-03-08,Travel,14173.66,4,0,56694.64,Net Banking,0
TXN04533,CUST0955,2024-07-01,Books,1494.26,3,10,4034.5,UPI,0
TXN04534,CUST0804,2024-10-18,Books,1361.17,3,5,3879.33,Credit Card,0
TXN04535,CUST0142,2023-09-07,Fashion,2693.81,5,0,13469.05,Credit Card,0
TXN04536,CUST0610,2023-03-21,Books,880.45,1,0,880.45,UPI,0
TXN04537,CUST0402,2023-01-15,Fashion,2873.77,4,10,10345.57,Credit Card,0
TXN04538,CUST0668,2023-02-09,Home & Kitchen,11812.04,5,5,56107.19,Debit Card,0
TXN04539,CUST0046,2023-03-22,Electronics,74774.86,2,30,104684.8,Debit Card,0
TXN04540,CUST0198,2024-05-24,Beauty,1986.49,2,5,3774.33,Credit Card,1
TXN04541,CUST0161,2023-11-03,Electronics,65418.82,1,0,65418.82,Debit Card,1
TXN04542,CUST0328,2024-12-05,Home & Kitchen,7877.39,2,10,14179.3,Debit Card,0
TXN04543,CUST0913,2024-02-01,Jewellery,21035.77,1,0,21035.77,Credit Card,0
TXN04544,CUST0293,2024-11-08,Toys,3772.16,2,10,6789.89,Net Banking,1
TXN04545,CUST0782,2023-07-23,Sports,6418.61,2,10,11553.5,Wallet,1
TXN04546,CUST0380,2023-07-30,Toys,2029.42,5,10,9132.39,Credit Card,0
TXN04547,CUST0478,2024-02-03,Beauty,3460.44,2,15,5882.75,Credit Card,0
TXN04548,CUST0179,2024-01-08,Books,502.67,1,0,502.67,Wallet,0
TXN04549,CUST0698,2024-01-24,Toys,1501.73,3,25,3378.89,UPI,0
TXN04550,CUST0792,2023-09-15,Books,1408.26,3,15,3591.06,Net Banking,0
TXN04551,CUST0737,2023-04-25,Home & Kitchen,10435.12,3,5,29740.09,Debit Card,0
TXN04552,CUST0258,2023-11-30,Beauty,4185.19,1,0,4185.19,Debit Card,0
TXN04553,CUST0066,2023-12-15,Travel,18453.37,1,0,18453.37,Wallet,0
TXN04554,CUST0426,2023-08-21,Sports,6799.21,3,5,19377.75,Debit Card,0
TXN04555,CUST0333,2024-05-23,Sports,11673.92,2,10,21013.06,UPI,0
TXN04556,CUST0804,2024-03-24,Jewellery,17297.79,3,0,51893.37,UPI,1
TXN04557,CUST0502,2023-03-18,Travel,12147.16,4,25,36441.48,Net Banking,0
TXN04558,CUST0822,2024-08-30,Fashion,4331.65,1,0,4331.65,Wallet,0
TXN04559,CUST0944,2023-04-08,Sports,5021.16,4,0,20084.64,Debit Card,0
TXN04560,CUST0943,2024-07-21,Grocery,646.82,4,0,2587.28,Credit Card,0
TXN04561,CUST0347,2024-09-21,Fashion,7164.14,1,0,7164.14,Credit Card,0
TXN04562,CUST0037,2024-04-06,Sports,11894.25,3,20,28546.2,Net Banking,0
TXN04563,CUST0371,2024-05-14,Home & Kitchen,8873.87,5,10,39932.42,Credit Card,1
TXN04564,CUST0513,2024-09-22,Beauty,3940.98,4,0,15763.92,Credit Card,0
TXN04565,CUST0832,2023-02-07,Beauty,4337.48,3,20,10409.95,Net Banking,0
TXN04566,CUST0419,2024-11-27,Grocery,2162.75,5,20,8651.0,Debit Card,0
TXN04567,CUST0665,2023-12-24,Home & Kitchen,1427.02,4,15,4851.87,Net Banking,0
TXN04568,CUST0999,2023-08-30,Grocery,641.38,3,20,1539.31,UPI,0
TXN04569,CUST0587,2023-02-20,Books,245.84,4,10,885.02,Debit Card,0
TXN04570,CUST0726,2024-02-29,Electronics,5740.97,3,10,15500.62,Credit Card,0
TXN04571,CUST0840,2023-05-07,Sports,4088.36,2,5,7767.88,Debit Card,0
TXN04572,CUST0174,2023-04-13,Home & Kitchen,6371.45,2,0,12742.9,Credit Card,0
TXN04573,CUST0463,2024-04-21,Electronics,23077.23,1,10,20769.51,UPI,0
TXN04574,CUST0090,2023-08-17,Electronics,9845.35,5,20,39381.4,Debit Card,0
TXN04575,CUST0244,2024-12-23,Beauty,2790.36,4,10,10045.3,Credit Card,0
TXN04576,CUST0105,2024-03-11,Beauty,1584.6,4,25,4753.8,Debit Card,0
TXN04577,CUST0287,2024-01-20,Travel,48374.12,3,5,137866.24,Net Banking,0
TXN04578,CUST0047,2023-03-26,Books,160.87,5,15,683.7,Wallet,0
TXN04579,CUST0549,2023-12-25,Home & Kitchen,12763.88,4,10,45949.97,Debit Card,0
TXN04580,CUST0712,2023-01-27,Jewellery,47828.18,5,15,203269.76,Credit Card,0
TXN04581,CUST0648,2023-03-13,Home & Kitchen,10969.12,5,10,49361.04,Net Banking,1
TXN04582,CUST0257,2023-04-05,Books,1140.42,2,0,2280.84,UPI,0
TXN04583,CUST0844,2024-08-10,Beauty,4687.74,4,0,18750.96,Wallet,0
TXN04584,CUST0690,2024-03-01,Beauty,1282.64,4,30,3591.39,Debit Card,0
TXN04585,CUST0930,2023-01-06,Sports,11938.05,1,0,11938.05,Debit Card,1
TXN04586,CUST0724,2023-03-31,Toys,3161.88,5,10,14228.46,Wallet,0
TXN04587,CUST0775,2024-08-14,Beauty,3714.88,3,5,10587.41,Debit Card,0
TXN04588,CUST0111,2023-08-10,Grocery,1211.05,2,5,2301.0,Credit Card,0
TXN04589,CUST0820,2024-08-17,Sports,6821.86,1,15,5798.58,Debit Card,0
TXN04590,CUST0024,2024-08-16,Fashion,5404.38,2,15,9187.45,Credit Card,0
TXN04591,CUST0796,2023-06-01,Toys,2595.27,3,25,5839.36,UPI,0
TXN04592,CUST0017,2024-07-10,Toys,2908.44,1,5,2763.02,UPI,0
TXN04593,CUST0770,2023-07-31,Grocery,430.67,2,10,775.21,Credit Card,0
TXN04594,CUST0539,2024-08-05,Toys,1615.9,3,20,3878.16,Net Banking,0
TXN04595,CUST0080,2023-09-20,Jewellery,22832.0,1,30,15982.4,Debit Card,1
TXN04596,CUST0027,2024-01-17,Beauty,1524.96,3,30,3202.42,Credit Card,0
TXN04597,CUST0023,2024-07-23,Beauty,1111.35,1,15,944.65,Credit Card,1
TXN04598,CUST0585,2023-02-26,Sports,2183.77,4,0,8735.08,Net Banking,0
TXN04599,CUST0992,2024-03-01,Books,644.62,4,0,2578.48,Debit Card,0
TXN04600,CUST0971,2024-09-14,Grocery,1581.64,2,20,2530.62,Net Banking,0
TXN04601,CUST0952,2023-05-22,Beauty,595.99,5,20,2383.96,Credit Card,0
TXN04602,CUST0834,2024-07-21,Electronics,75984.36,5,15,322933.53,Credit Card,0
TXN04603,CUST0935,2024-06-07,Travel,46618.87,3,0,139856.61,UPI,0
TXN04604,CUST0454,2023-01-15,Beauty,3735.0,1,10,3361.5,UPI,0
TXN04605,CUST0059,2023-01-08,Home & Kitchen,3254.62,4,5,12367.56,Debit Card,0
TXN04606,CUST0658,2023-08-19,Electronics,50285.06,5,10,226282.77,Wallet,0
TXN04607,CUST0880,2023-07-05,Books,865.13,4,5,3287.49,Credit Card,0
TXN04608,CUST0446,2023-02-22,Electronics,78685.16,3,25,177041.61,Net Banking,0
TXN04609,CUST0417,2023-05-17,Toys,3066.39,3,0,9199.17,UPI,1
TXN04610,CUST0256,2023-06-23,Travel,35818.43,1,10,32236.59,Credit Card,0
TXN04611,CUST0828,2023-08-07,Fashion,6881.09,5,5,32685.18,UPI,0
TXN04612,CUST0533,2023-09-20,Travel,11840.37,3,15,30192.94,Wallet,0
TXN04613,CUST0329,2023-09-12,Beauty,371.52,3,10,1003.1,UPI,0
TXN04614,CUST0757,2023-09-27,Sports,8468.66,4,25,25405.98,Debit Card,0
TXN04615,CUST0802,2024-08-09,Jewellery,6718.95,2,0,13437.9,Debit Card,0
TXN04616,CUST0217,2023-08-12,Books,305.84,5,0,1529.2,UPI,0
TXN04617,CUST0562,2024-08-26,Sports,9089.36,1,15,7725.96,Wallet,0
TXN04618,CUST0288,2023-05-14,Beauty,1571.51,1,5,1492.93,UPI,0
TXN04619,CUST0446,2023-06-12,Sports,7766.4,4,0,31065.6,UPI,0
TXN04620,CUST0686,2024-12-10,Home & Kitchen,13827.18,1,10,12444.46,Credit Card,1
TXN04621,CUST0366,2024-12-01,Electronics,28735.59,3,15,73275.75,Net Banking,0
TXN04622,CUST0945,2023-03-14,Jewellery,12422.92,5,0,62114.6,Credit Card,0
TXN04623,CUST0750,2024-12-18,Beauty,800.85,1,0,800.85,UPI,0
TXN04624,CUST0163,2024-06-26,Toys,782.71,5,20,3130.84,Credit Card,0
TXN04625,CUST0410,2024-09-22,Books,234.0,1,10,210.6,Debit Card,0
TXN04626,CUST0912,2024-04-28,Toys,624.28,2,0,1248.56,UPI,0
TXN04627,CUST0850,2024-11-01,Electronics,37400.34,2,0,74800.68,UPI,0
TXN04628,CUST0804,2023-09-12,Jewellery,17401.52,5,10,78306.84,Net Banking,0
TXN04629,CUST0762,2024-09-09,Electronics,57992.06,2,0,115984.12,Credit Card,0
TXN04630,CUST0487,2023-07-17,Grocery,2636.68,2,20,4218.69,Credit Card,0
TXN04631,CUST0010,2024-03-02,Toys,3203.66,3,15,8169.33,Wallet,0
TXN04632,CUST0290,2024-05-07,Electronics,44797.79,1,10,40318.01,Credit Card,0
TXN04633,CUST0578,2024-09-23,Electronics,12683.16,2,25,19024.74,UPI,0
TXN04634,CUST0639,2023-03-23,Sports,8691.35,5,5,41283.91,Wallet,0
TXN04635,CUST0583,2023-11-04,Beauty,2005.3,3,0,6015.9,Net Banking,0
TXN04636,CUST0292,2024-11-29,Sports,1576.41,2,15,2679.9,Debit Card,0
TXN04637,CUST0407,2024-01-09,Grocery,2558.91,5,10,11515.1,UPI,0
TXN04638,CUST0857,2024-07-17,Travel,22278.34,1,5,21164.42,Debit Card,0
TXN04639,CUST0781,2024-04-03,Travel,15440.18,2,5,29336.34,Debit Card,0
TXN04640,CUST0651,2024-05-15,Sports,10534.55,5,5,50039.11,Credit Card,0
TXN04641,CUST0587,2023-12-23,Fashion,7266.0,5,0,36330.0,Net Banking,0
TXN04642,CUST0013,2023-10-23,Toys,1554.19,4,15,5284.25,Credit Card,0
TXN04643,CUST0865,2024-08-02,Sports,4644.74,5,15,19740.14,UPI,0
TXN04644,CUST0328,2023-10-27,Home & Kitchen,9030.73,4,5,34316.77,UPI,1
TXN04645,CUST0015,2024-10-07,Home & Kitchen,11214.87,1,5,10654.13,Debit Card,0
TXN04646,CUST0300,2023-12-09,Books,235.25,1,5,223.49,Credit Card,0
TXN04647,CUST0368,2023-04-30,Grocery,1861.36,3,0,5584.08,UPI,0
TXN04648,CUST0761,2024-07-22,Grocery,2867.9,4,0,11471.6,Debit Card,0
TXN04649,CUST0332,2023-07-05,Sports,3587.87,5,0,17939.35,UPI,0
TXN04650,CUST0970,2024-08-06,Jewellery,45623.71,3,5,130027.57,Credit Card,0
TXN04651,CUST0464,2023-06-07,Electronics,76262.63,3,10,205909.1,Credit Card,0
TXN04652,CUST0737,2023-08-16,Beauty,1565.02,1,15,1330.27,Credit Card,0
TXN04653,CUST0502,2023-11-04,Electronics,61565.14,5,5,292434.41,Credit Card,0
TXN04654,CUST0565,2023-08-22,Electronics,22908.13,4,25,68724.39,Credit Card,0
TXN04655,CUST0002,2023-01-11,Grocery,2265.31,1,20,1812.25,UPI,0
TXN04656,CUST0597,2023-06-24,Grocery,2432.78,3,30,5108.84,Credit Card,0
TXN04657,CUST0192,2024-10-04,Home & Kitchen,4310.32,2,20,6896.51,Credit Card,0
TXN04658,CUST0744,2023-01-02,Grocery,2204.43,3,10,5951.96,Credit Card,0
TXN04659,CUST0550,2024-12-12,Sports,9857.99,2,10,17744.38,UPI,0
TXN04660,CUST0377,2023-07-01,Home & Kitchen,5891.82,1,0,5891.82,Debit Card,0
TXN04661,CUST0642,2023-12-16,Toys,920.5,4,15,3129.7,Debit Card,0
TXN04662,CUST0761,2024-09-30,Electronics,11897.34,5,10,53538.03,UPI,0
TXN04663,CUST0901,2024-01-17,Toys,2428.91,2,10,4372.04,UPI,0
TXN04664,CUST0184,2023-10-24,Electronics,78357.36,5,15,333018.78,Credit Card,0
TXN04665,CUST0845,2023-07-16,Electronics,66721.27,1,5,63385.21,Net Banking,0
TXN04666,CUST0189,2023-10-13,Books,738.38,1,10,664.54,Debit Card,0
TXN04667,CUST0845,2024-07-09,Electronics,45246.57,1,5,42984.24,Debit Card,0
TXN04668,CUST0572,2024-06-05,Jewellery,15417.34,4,15,52418.96,UPI,0
TXN04669,CUST0064,2023-08-13,Toys,903.34,2,20,1445.34,Credit Card,0
TXN04670,CUST0009,2024-12-28,Electronics,41156.09,5,20,164624.36,Credit Card,0
TXN04671,CUST0409,2024-12-23,Fashion,3976.26,3,15,10139.46,Wallet,0
TXN04672,CUST0506,2023-10-13,Fashion,4414.47,1,0,4414.47,Debit Card,0
TXN04673,CUST0143,2024-12-29,Fashion,7646.03,5,25,28672.61,Debit Card,0
TXN04674,CUST0458,2023-11-27,Sports,7484.41,5,0,37422.05,Net Banking,1
TXN04675,CUST0034,2024-07-14,Home & Kitchen,9401.96,4,20,30086.27,Credit Card,0
TXN04676,CUST0781,2023-06-12,Toys,773.69,2,0,1547.38,Credit Card,1
TXN04677,CUST0203,2023-07-12,Electronics,79736.66,4,5,302999.31,Credit Card,0
TXN04678,CUST0106,2023-05-25,Travel,47052.16,4,15,159977.34,UPI,0
TXN04679,CUST0446,2024-11-01,Home & Kitchen,13256.29,5,10,59653.31,Debit Card,0
TXN04680,CUST0773,2024-11-22,Travel,26615.12,2,5,50568.73,UPI,0
TXN04681,CUST0625,2024-06-21,Beauty,2660.0,2,15,4522.0,Credit Card,0
TXN04682,CUST0949,2024-09-03,Jewellery,27060.02,2,10,48708.04,UPI,0
TXN04683,CUST0240,2024-09-14,Beauty,1212.24,1,0,1212.24,Debit Card,1
TXN04684,CUST0495,2023-09-27,Grocery,2130.57,2,10,3835.03,Credit Card,0
TXN04685,CUST0866,2023-02-20,Home & Kitchen,13622.27,5,0,68111.35,Net Banking,0
TXN04686,CUST0067,2024-06-10,Travel,12331.23,1,15,10481.55,Debit Card,0
TXN04687,CUST0180,2023-05-08,Books,266.53,3,0,799.59,UPI,0
TXN04688,CUST0645,2024-10-13,Electronics,60366.42,4,10,217319.11,Credit Card,0
TXN04689,CUST0372,2023-02-15,Sports,3714.5,2,5,7057.55,UPI,0
TXN04690,CUST0534,2023-08-22,Toys,2608.29,3,5,7433.63,Credit Card,0
TXN04691,CUST0837,2024-03-23,Electronics,57181.88,2,10,102927.38,UPI,0
TXN04692,CUST0483,2024-08-06,Toys,1491.07,4,10,5367.85,UPI,0
TXN04693,CUST0782,2024-03-18,Books,1250.45,5,30,4376.58,Credit Card,0
TXN04694,CUST0473,2024-05-17,Electronics,46249.17,5,20,184996.68,Credit Card,0
TXN04695,CUST0516,2024-08-29,Jewellery,43711.97,4,15,148620.7,UPI,0
TXN04696,CUST0397,2023-10-12,Grocery,2337.22,3,10,6310.49,Credit Card,0
TXN04697,CUST0426,2023-05-12,Fashion,7014.32,1,5,6663.6,Net Banking,0
TXN04698,CUST0870,2024-04-20,Books,177.22,1,0,177.22,Debit Card,0
TXN04699,CUST0169,2024-06-27,Grocery,881.82,2,5,1675.46,Debit Card,0
TXN04700,CUST0553,2023-12-22,Electronics,11750.6,4,20,37601.92,Credit Card,0
TXN04701,CUST0432,2023-02-06,Travel,28198.73,4,5,107155.17,Credit Card,0
TXN04702,CUST0119,2024-09-29,Grocery,2691.89,1,10,2422.7,Credit Card,1
TXN04703,CUST0982,2023-05-18,Sports,5929.96,3,0,17789.88,Credit Card,1
TXN04704,CUST0002,2024-02-26,Grocery,2579.2,4,0,10316.8,Credit Card,0
TXN04705,CUST0265,2024-03-20,Beauty,1837.74,5,0,9188.7,Debit Card,0
TXN04706,CUST0398,2024-09-03,Jewellery,18299.36,5,10,82347.12,Debit Card,0
TXN04707,CUST0999,2023-08-30,Books,1359.01,4,5,5164.24,Credit Card,0
TXN04708,CUST0930,2023-09-02,Fashion,3693.63,3,10,9972.8,Credit Card,0
TXN04709,CUST0516,2024-06-22,Electronics,64232.41,5,10,289045.85,Debit Card,0
TXN04710,CUST0627,2023-07-28,Books,469.47,3,15,1197.15,UPI,1
TXN04711,CUST0214,2024-04-01,Home & Kitchen,14272.97,1,15,12132.02,Debit Card,0
TXN04712,CUST0775,2023-04-09,Books,925.68,2,15,1573.66,Wallet,1
TXN04713,CUST0754,2024-05-16,Sports,9256.29,1,10,8330.66,Credit Card,1
TXN04714,CUST0782,2023-05-17,Books,270.85,2,5,514.62,Credit Card,0
TXN04715,CUST0189,2023-07-06,Home & Kitchen,7795.83,5,25,29234.36,Credit Card,1
TXN04716,CUST0292,2023-02-05,Grocery,2722.91,2,0,5445.82,Credit Card,0
TXN04717,CUST0229,2024-09-21,Beauty,4422.08,2,0,8844.16,Wallet,0
TXN04718,CUST0229,2024-10-31,Grocery,331.08,4,5,1258.1,Debit Card,0
TXN04719,CUST0864,2024-04-23,Grocery,1050.36,2,10,1890.65,Debit Card,0
TXN04720,CUST0275,2024-11-11,Home & Kitchen,7095.14,4,0,28380.56,Credit Card,0
TXN04721,CUST0674,2023-02-24,Toys,937.38,2,15,1593.55,Net Banking,0
TXN04722,CUST0204,2024-04-15,Fashion,5974.99,4,10,21509.96,UPI,0
TXN04723,CUST0587,2023-03-25,Home & Kitchen,3420.07,5,10,15390.32,Debit Card,0
TXN04724,CUST0222,2023-01-06,Grocery,1170.59,5,5,5560.3,Net Banking,0
TXN04725,CUST0078,2023-12-29,Books,1045.43,2,10,1881.77,Wallet,0
TXN04726,CUST0306,2024-12-10,Fashion,4115.67,3,0,12347.01,Credit Card,0
TXN04727,CUST0005,2024-10-25,Electronics,60392.83,5,0,301964.15,Credit Card,0
TXN04728,CUST0774,2023-06-19,Travel,57788.85,1,0,57788.85,Credit Card,0
TXN04729,CUST0899,2023-09-06,Electronics,13741.0,1,15,11679.85,UPI,0
TXN04730,CUST0743,2024-10-23,Sports,8689.07,4,10,31280.65,Credit Card,0
TXN04731,CUST0742,2023-07-29,Grocery,844.96,3,10,2281.39,Net Banking,0
TXN04732,CUST0499,2023-09-01,Books,709.54,4,10,2554.34,Debit Card,0
TXN04733,CUST0911,2023-05-21,Toys,421.59,2,10,758.86,Net Banking,0
TXN04734,CUST0070,2024-09-23,Beauty,938.76,5,5,4459.11,UPI,0
TXN04735,CUST0172,2023-06-29,Beauty,1802.95,3,0,5408.85,UPI,0
TXN04736,CUST0120,2024-09-28,Fashion,3064.89,4,20,9807.65,Debit Card,0
TXN04737,CUST0484,2024-12-24,Toys,3628.47,4,10,13062.49,Wallet,0
TXN04738,CUST0506,2023-01-17,Travel,45283.34,1,15,38490.84,UPI,0
TXN04739,CUST0158,2023-01-16,Electronics,77913.72,2,10,140244.7,UPI,0
TXN04740,CUST0947,2024-01-20,Travel,37147.08,4,15,126300.07,Debit Card,1
TXN04741,CUST0080,2023-12-07,Jewellery,13602.26,1,10,12242.03,Wallet,0
TXN04742,CUST0361,2023-02-15,Electronics,29574.13,3,0,88722.39,Debit Card,0
TXN04743,CUST0257,2024-05-18,Electronics,28987.69,4,20,92760.61,Net Banking,0
TXN04744,CUST0051,2023-05-23,Electronics,29487.07,1,5,28012.72,Debit Card,0
TXN04745,CUST0079,2023-10-12,Books,1058.5,2,0,2117.0,UPI,0
TXN04746,CUST0983,2023-12-21,Home & Kitchen,8337.47,5,0,41687.35,Wallet,0
TXN04747,CUST0260,2024-06-08,Books,670.32,3,15,1709.32,Debit Card,0
TXN04748,CUST0005,2024-07-10,Beauty,1000.72,4,15,3402.45,Debit Card,0
TXN04749,CUST0236,2023-02-16,Books,179.89,1,15,152.91,Debit Card,0
TXN04750,CUST0106,2024-06-11,Travel,15473.58,4,25,46420.74,Credit Card,0
TXN04751,CUST0837,2023-04-17,Books,295.09,5,5,1401.68,UPI,0
TXN04752,CUST0742,2023-01-03,Home & Kitchen,11953.32,4,10,43031.95,Credit Card,0
TXN04753,CUST0281,2024-09-07,Fashion,1343.73,4,10,4837.43,Debit Card,0
TXN04754,CUST0466,2023-04-05,Toys,2979.64,1,30,2085.75,Debit Card,0
TXN04755,CUST0236,2023-05-13,Fashion,3392.44,5,5,16114.09,Credit Card,0
TXN04756,CUST0971,2023-07-20,Jewellery,5522.16,3,30,11596.54,UPI,0
TXN04757,CUST0350,2023-09-11,Beauty,4119.83,1,0,4119.83,Credit Card,0
TXN04758,CUST0216,2023-07-02,Jewellery,29822.27,5,15,126744.65,UPI,0
TXN04759,CUST0030,2023-05-30,Jewellery,13316.55,5,10,59924.48,Credit Card,0
TXN04760,CUST0945,2024-07-02,Toys,3610.32,4,20,11553.02,Credit Card,0
TXN04761,CUST0163,2024-05-04,Toys,467.46,2,0,934.92,Debit Card,0
TXN04762,CUST0106,2024-05-19,Home & Kitchen,3665.84,2,0,7331.68,Credit Card,0
TXN04763,CUST0227,2024-02-17,Home & Kitchen,11479.07,3,0,34437.21,Debit Card,1
TXN04764,CUST0445,2024-05-22,Fashion,5820.33,4,10,20953.19,Credit Card,0
TXN04765,CUST0598,2024-10-12,Home & Kitchen,4907.66,2,10,8833.79,Debit Card,0
TXN04766,CUST0756,2024-09-03,Home & Kitchen,1680.75,1,25,1260.56,Debit Card,0
TXN04767,CUST0992,2024-02-08,Sports,10382.09,3,10,28031.64,Debit Card,0
TXN04768,CUST0400,2023-08-24,Grocery,1078.35,4,0,4313.4,UPI,0
TXN04769,CUST0752,2024-08-18,Fashion,1967.85,1,0,1967.85,UPI,0
TXN04770,CUST0149,2024-06-28,Toys,2209.43,2,0,4418.86,Debit Card,0
TXN04771,CUST0830,2024-09-24,Fashion,7326.7,2,15,12455.39,Credit Card,1
TXN04772,CUST0459,2024-06-25,Toys,461.12,2,20,737.79,Debit Card,0
TXN04773,CUST0331,2024-03-09,Books,1183.84,2,30,1657.38,UPI,0
TXN04774,CUST0598,2024-06-29,Grocery,1802.93,5,5,8563.92,UPI,0
TXN04775,CUST0507,2024-10-06,Sports,5450.12,3,0,16350.36,Credit Card,0
TXN04776,CUST0911,2023-07-27,Sports,9082.52,3,0,27247.56,Debit Card,0
TXN04777,CUST0543,2023-05-20,Travel,58051.99,2,10,104493.58,Wallet,1
TXN04778,CUST0940,2024-08-10,Beauty,1377.27,3,30,2892.27,Debit Card,0
TXN04779,CUST0212,2024-08-09,Toys,831.5,1,0,831.5,Debit Card,0
TXN04780,CUST0703,2023-11-03,Beauty,4590.54,1,0,4590.54,Credit Card,1
TXN04781,CUST0641,2024-07-23,Books,1053.09,3,15,2685.38,Debit Card,0
TXN04782,CUST0332,2023-04-08,Sports,5593.04,2,15,9508.17,Credit Card,0
TXN04783,CUST0228,2023-05-05,Books,923.9,4,0,3695.6,Credit Card,0
TXN04784,CUST0845,2023-12-15,Jewellery,37789.47,2,20,60463.15,UPI,0
TXN04785,CUST0276,2023-05-14,Grocery,2364.49,5,0,11822.45,Credit Card,0
TXN04786,CUST0587,2023-08-14,Travel,55433.97,4,25,166301.91,Wallet,0
TXN04787,CUST0480,2024-12-12,Books,726.24,5,0,3631.2,Debit Card,0
TXN04788,CUST0532,2024-07-02,Travel,19724.42,3,0,59173.26,UPI,0
TXN04789,CUST0695,2024-10-11,Grocery,1991.06,5,5,9457.53,Debit Card,0
TXN04790,CUST0470,2024-12-20,Fashion,3617.96,3,0,10853.88,Debit Card,0
TXN04791,CUST0534,2024-12-06,Books,952.71,5,10,4287.2,Wallet,0
TXN04792,CUST0828,2024-07-21,Home & Kitchen,6763.8,4,15,22996.92,Credit Card,0
TXN04793,CUST0762,2023-12-05,Electronics,16474.68,5,10,74136.06,Net Banking,0
TXN04794,CUST0308,2023-11-18,Sports,5951.46,2,15,10117.48,UPI,0
TXN04795,CUST0794,2023-03-28,Sports,8476.46,3,5,24157.91,UPI,0
TXN04796,CUST0326,2023-04-05,Sports,9711.84,1,0,9711.84,Credit Card,0
TXN04797,CUST0789,2023-07-15,Fashion,4199.95,5,30,14699.82,UPI,0
TXN04798,CUST0573,2023-07-11,Electronics,17392.84,3,20,41742.82,Credit Card,0
TXN04799,CUST0281,2024-10-17,Grocery,1361.13,1,0,1361.13,Wallet,0
TXN04800,CUST0860,2024-06-05,Fashion,6397.2,3,5,18232.02,UPI,0
TXN04801,CUST0977,2024-10-22,Sports,5306.6,3,10,14327.82,Debit Card,0
TXN04802,CUST0069,2024-10-13,Sports,8540.45,1,0,8540.45,Wallet,0
TXN04803,CUST0627,2023-01-13,Beauty,2683.9,1,10,2415.51,Credit Card,1
TXN04804,CUST0265,2023-09-11,Travel,16749.72,4,10,60298.99,Wallet,0
TXN04805,CUST0684,2023-03-22,Travel,48380.58,5,0,241902.9,UPI,0
TXN04806,CUST0840,2024-12-22,Beauty,695.8,5,0,3479.0,Credit Card,0
TXN04807,CUST0783,2024-01-08,Jewellery,27194.73,3,15,69346.56,Debit Card,0
TXN04808,CUST0807,2024-01-29,Beauty,1281.79,2,5,2435.4,UPI,0
TXN04809,CUST0211,2024-02-22,Travel,6822.74,2,0,13645.48,UPI,0
TXN04810,CUST0337,2023-02-28,Sports,6333.45,3,15,16150.3,Debit Card,0
TXN04811,CUST0639,2023-05-08,Home & Kitchen,7893.78,4,15,26838.85,Credit Card,0
TXN04812,CUST0703,2024-06-24,Travel,43293.35,1,0,43293.35,Credit Card,0
TXN04813,CUST0619,2023-11-29,Electronics,60856.3,3,20,146055.12,Wallet,1
TXN04814,CUST0062,2023-10-09,Home & Kitchen,11134.64,5,15,47322.22,Credit Card,0
TXN04815,CUST0153,2024-08-02,Fashion,3571.69,2,5,6786.21,Wallet,0
TXN04816,CUST0977,2023-07-26,Travel,39006.32,2,5,74112.01,Credit Card,0
TXN04817,CUST0178,2023-09-29,Grocery,1815.45,2,15,3086.26,Debit Card,0
TXN04818,CUST0774,2023-11-05,Books,719.11,4,0,2876.44,Credit Card,0
TXN04819,CUST0254,2024-02-07,Books,956.24,5,10,4303.08,Wallet,0
TXN04820,CUST0352,2023-06-24,Electronics,76043.59,4,15,258548.21,Credit Card,0
TXN04821,CUST0013,2023-08-06,Toys,1013.71,1,10,912.34,Debit Card,0
TXN04822,CUST0050,2024-11-02,Books,1372.79,3,10,3706.53,Net Banking,0
TXN04823,CUST0850,2023-11-22,Electronics,9009.16,3,10,24324.73,UPI,0
TXN04824,CUST0252,2023-09-10,Toys,1441.04,2,0,2882.08,Net Banking,0
TXN04825,CUST0053,2024-03-29,Fashion,2661.09,2,5,5056.07,Wallet,0
TXN04826,CUST0193,2023-07-08,Toys,2617.55,1,10,2355.8,Wallet,0
TXN04827,CUST0097,2024-03-18,Grocery,567.43,4,15,1929.26,UPI,0
TXN04828,CUST0147,2023-05-10,Travel,53293.81,5,15,226498.69,UPI,0
TXN04829,CUST0577,2024-04-29,Books,1268.54,1,5,1205.11,UPI,1
TXN04830,CUST0639,2023-01-03,Sports,8033.55,3,30,16870.46,Credit Card,0
TXN04831,CUST0840,2023-12-17,Beauty,2454.55,3,0,7363.65,UPI,0
TXN04832,CUST0220,2024-07-08,Travel,56178.49,4,0,224713.96,Credit Card,0
TXN04833,CUST0737,2023-05-13,Fashion,6730.6,1,5,6394.07,Net Banking,0
TXN04834,CUST0616,2024-11-20,Fashion,4244.86,5,0,21224.3,UPI,0
TXN04835,CUST0564,2024-05-08,Electronics,57640.5,1,10,51876.45,Wallet,0
TXN04836,CUST0487,2023-09-23,Jewellery,29212.64,1,0,29212.64,Credit Card,0
TXN04837,CUST0674,2023-01-24,Toys,2475.39,4,0,9901.56,UPI,0
TXN04838,CUST0889,2024-06-17,Toys,1524.61,5,0,7623.05,Debit Card,0
TXN04839,CUST0891,2023-01-03,Electronics,39656.35,3,15,101123.69,Wallet,0
TXN04840,CUST0160,2024-10-31,Beauty,667.17,2,20,1067.47,Credit Card,0
TXN04841,CUST0263,2024-03-02,Sports,4673.78,5,15,19863.56,Credit Card,1
TXN04842,CUST0352,2023-01-04,Fashion,5718.71,3,0,17156.13,Debit Card,0
TXN04843,CUST0210,2024-09-10,Travel,57333.31,4,10,206399.92,Debit Card,0
TXN04844,CUST0724,2024-05-17,Beauty,4826.4,5,0,24132.0,Debit Card,0
TXN04845,CUST0249,2023-08-20,Sports,6935.24,5,5,32942.39,Wallet,0
TXN04846,CUST0429,2023-03-13,Jewellery,31117.87,3,20,74682.89,Credit Card,0
TXN04847,CUST0351,2023-03-29,Travel,13586.11,3,10,36682.5,UPI,0
TXN04848,CUST0829,2024-06-11,Electronics,57148.11,1,0,57148.11,Credit Card,0
TXN04849,CUST0790,2024-08-25,Travel,7027.55,1,5,6676.17,Credit Card,0
TXN04850,CUST0999,2024-03-25,Grocery,997.12,5,0,4985.6,Wallet,0
TXN04851,CUST0988,2024-03-14,Jewellery,34081.44,2,5,64754.74,Debit Card,0
TXN04852,CUST0590,2024-06-15,Electronics,28273.26,4,10,101783.74,Net Banking,0
TXN04853,CUST0031,2024-03-10,Electronics,8738.52,3,5,24904.78,Net Banking,0
TXN04854,CUST0397,2024-12-24,Electronics,67390.28,1,25,50542.71,Net Banking,0
TXN04855,CUST0962,2023-03-25,Books,568.95,4,10,2048.22,Debit Card,0
TXN04856,CUST0912,2023-12-05,Beauty,596.59,5,20,2386.36,Net Banking,1
TXN04857,CUST0290,2023-05-06,Sports,1452.59,3,15,3704.1,Debit Card,0
TXN04858,CUST0527,2024-07-16,Toys,1231.51,3,15,3140.35,Debit Card,0
TXN04859,CUST0845,2023-01-18,Fashion,1835.12,1,10,1651.61,Credit Card,0
TXN04860,CUST0419,2024-09-20,Fashion,6307.25,2,0,12614.5,Debit Card,0
TXN04861,CUST0002,2024-09-27,Grocery,1100.72,3,10,2971.94,Wallet,0
TXN04862,CUST0983,2024-06-23,Grocery,2453.15,2,5,4660.98,UPI,0
TXN04863,CUST0782,2023-12-11,Grocery,686.77,4,0,2747.08,Net Banking,0
TXN04864,CUST0994,2024-04-12,Home & Kitchen,7798.88,3,5,22226.81,Credit Card,0
TXN04865,CUST0461,2023-05-21,Grocery,2126.5,3,15,5422.58,Wallet,0
TXN04866,CUST0903,2023-01-06,Fashion,5389.93,2,30,7545.9,Credit Card,0
TXN04867,CUST0253,2024-10-30,Jewellery,30854.21,1,5,29311.5,Wallet,0
TXN04868,CUST0655,2024-09-09,Sports,11142.97,5,10,50143.36,Net Banking,0
TXN04869,CUST0307,2024-09-22,Grocery,839.87,4,20,2687.58,Credit Card,0
TXN04870,CUST0622,2024-10-10,Jewellery,25698.52,3,5,73240.78,UPI,1
TXN04871,CUST0702,2024-06-24,Home & Kitchen,13352.69,1,0,13352.69,UPI,0
TXN04872,CUST0298,2024-11-08,Home & Kitchen,1906.09,3,0,5718.27,Debit Card,0
TXN04873,CUST0958,2023-03-06,Toys,506.79,4,20,1621.73,Credit Card,0
TXN04874,CUST0825,2023-02-25,Books,464.96,5,0,2324.8,Net Banking,0
TXN04875,CUST0483,2023-04-06,Books,1004.58,3,5,2863.05,Debit Card,0
TXN04876,CUST0180,2023-08-03,Travel,17813.14,2,10,32063.65,Credit Card,0
TXN04877,CUST0412,2023-02-27,Books,406.82,1,20,325.46,Credit Card,0
TXN04878,CUST0902,2024-05-06,Travel,29151.73,5,25,109318.99,UPI,0
TXN04879,CUST0891,2024-02-09,Beauty,3183.91,3,5,9074.14,Credit Card,0
TXN04880,CUST0598,2023-07-03,Books,485.55,5,25,1820.81,UPI,0
TXN04881,CUST0364,2023-10-09,Home & Kitchen,5069.81,2,0,10139.62,UPI,0
TXN04882,CUST0958,2024-12-21,Toys,2570.17,3,0,7710.51,Debit Card,1
TXN04883,CUST0864,2023-06-12,Jewellery,47395.44,5,25,177732.9,Debit Card,0
TXN04884,CUST0109,2023-03-30,Grocery,2089.28,3,10,5641.06,UPI,0
TXN04885,CUST0673,2023-04-07,Books,1206.92,3,0,3620.76,Wallet,0
TXN04886,CUST0716,2024-08-09,Travel,23908.18,5,10,107586.81,Debit Card,0
TXN04887,CUST0773,2023-03-29,Jewellery,15068.21,3,15,38423.94,Wallet,0
TXN04888,CUST0614,2024-06-01,Electronics,39070.08,2,20,62512.13,Debit Card,0
TXN04889,CUST0902,2024-10-29,Fashion,6553.5,5,20,26214.0,Debit Card,0
TXN04890,CUST0076,2023-03-04,Books,766.0,5,10,3447.0,Credit Card,1
TXN04891,CUST0792,2024-06-24,Fashion,6850.44,2,20,10960.7,UPI,1
TXN04892,CUST0429,2023-07-10,Books,1484.84,2,10,2672.71,Debit Card,0
TXN04893,CUST0531,2024-12-16,Electronics,10402.0,2,10,18723.6,Net Banking,0
TXN04894,CUST0006,2023-10-05,Grocery,327.15,3,15,834.23,Wallet,0
TXN04895,CUST0148,2024-06-22,Beauty,1003.07,3,5,2858.75,Wallet,0
TXN04896,CUST0796,2023-03-26,Sports,4981.81,4,0,19927.24,Credit Card,0
TXN04897,CUST0010,2023-12-01,Jewellery,8290.03,3,5,23626.59,Debit Card,0
TXN04898,CUST0838,2024-03-16,Jewellery,43791.89,2,10,78825.4,Credit Card,0
TXN04899,CUST0625,2024-12-22,Grocery,264.81,4,0,1059.24,Credit Card,0
TXN04900,CUST0794,2024-10-11,Toys,1468.43,2,0,2936.86,Credit Card,0
TXN04901,CUST0243,2023-06-21,Home & Kitchen,3422.66,1,0,3422.66,Debit Card,1
TXN04902,CUST0172,2023-12-05,Books,1407.58,5,0,7037.9,Net Banking,0
TXN04903,CUST0142,2024-10-29,Sports,8232.08,1,15,6997.27,UPI,0
TXN04904,CUST0149,2023-08-17,Toys,3674.51,2,0,7349.02,Net Banking,0
TXN04905,CUST0668,2023-06-28,Sports,11684.55,3,0,35053.65,Wallet,0
TXN04906,CUST0163,2023-09-04,Home & Kitchen,7858.8,5,15,33399.9,Debit Card,0
TXN04907,CUST0090,2024-11-04,Fashion,2257.39,3,20,5417.74,Net Banking,0
TXN04908,CUST0925,2024-11-05,Books,411.53,3,0,1234.59,Credit Card,0
TXN04909,CUST0397,2024-12-30,Home & Kitchen,3965.45,5,0,19827.25,Debit Card,0
TXN04910,CUST0176,2023-11-13,Jewellery,36012.48,5,25,135046.8,Debit Card,0
TXN04911,CUST0110,2023-10-13,Jewellery,3941.39,1,5,3744.32,Credit Card,0
TXN04912,CUST0864,2023-03-17,Books,219.34,2,25,329.01,Debit Card,0
TXN04913,CUST0614,2024-03-27,Beauty,3158.27,3,0,9474.81,Debit Card,1
TXN04914,CUST0959,2023-07-23,Grocery,1997.76,2,0,3995.52,Net Banking,0
TXN04915,CUST0042,2024-12-28,Grocery,2062.74,2,0,4125.48,Net Banking,0
TXN04916,CUST0442,2024-02-28,Jewellery,19850.26,4,0,79401.04,UPI,0
TXN04917,CUST0344,2023-07-12,Jewellery,40685.35,1,20,32548.28,UPI,0
TXN04918,CUST0297,2023-10-20,Home & Kitchen,8377.47,3,30,17592.69,Credit Card,0
TXN04919,CUST0234,2024-12-04,Electronics,12909.92,5,30,45184.72,UPI,0
TXN04920,CUST0509,2024-02-17,Travel,48434.66,5,20,193738.64,Credit Card,0
TXN04921,CUST0630,2024-03-14,Beauty,4779.42,2,20,7647.07,Credit Card,0
TXN04922,CUST0794,2023-10-28,Toys,522.13,1,15,443.81,Credit Card,0
TXN04923,CUST0969,2023-09-17,Travel,25307.03,1,20,20245.62,UPI,0
TXN04924,CUST0999,2023-07-11,Home & Kitchen,7722.73,3,0,23168.19,UPI,0
TXN04925,CUST0008,2023-09-28,Travel,11348.83,3,5,32344.17,Credit Card,0
TXN04926,CUST0704,2024-09-07,Travel,52459.41,2,10,94426.94,Credit Card,0
TXN04927,CUST0570,2024-03-07,Home & Kitchen,4834.92,2,20,7735.87,UPI,0
TXN04928,CUST0648,2024-12-16,Jewellery,39584.41,2,15,67293.5,UPI,0
TXN04929,CUST0620,2024-11-26,Jewellery,34207.74,4,20,109464.77,Debit Card,0
TXN04930,CUST0850,2023-08-05,Books,957.36,1,10,861.62,Credit Card,0
TXN04931,CUST0385,2023-04-01,Travel,13952.14,2,15,23718.64,Credit Card,0
TXN04932,CUST0014,2023-07-17,Toys,1116.6,1,30,781.62,Credit Card,0
TXN04933,CUST0203,2024-02-03,Home & Kitchen,1472.35,5,0,7361.75,UPI,0
TXN04934,CUST0024,2023-02-08,Toys,1190.64,5,25,4464.9,UPI,0
TXN04935,CUST0340,2024-12-09,Sports,4538.06,1,10,4084.25,UPI,0
TXN04936,CUST0261,2024-04-15,Grocery,2532.81,5,10,11397.64,Debit Card,0
TXN04937,CUST0086,2023-03-20,Books,644.63,5,20,2578.52,UPI,0
TXN04938,CUST0581,2024-12-29,Grocery,2312.94,5,5,10986.46,Debit Card,0
TXN04939,CUST0603,2023-04-04,Books,743.25,3,5,2118.26,Credit Card,0
TXN04940,CUST0992,2024-11-14,Beauty,3988.88,3,10,10769.98,Credit Card,0
TXN04941,CUST0216,2023-02-12,Home & Kitchen,14663.06,1,0,14663.06,Net Banking,1
TXN04942,CUST0396,2023-05-12,Grocery,871.56,1,10,784.4,UPI,0
TXN04943,CUST0674,2023-03-18,Toys,3490.66,4,0,13962.64,Credit Card,0
TXN04944,CUST0276,2023-08-20,Home & Kitchen,9629.9,3,25,21667.28,UPI,0
TXN04945,CUST0923,2023-02-08,Toys,3323.99,1,0,3323.99,Credit Card,0
TXN04946,CUST0080,2024-07-19,Travel,40140.4,3,10,108379.08,UPI,0
TXN04947,CUST0936,2023-05-31,Grocery,1387.06,4,25,4161.18,Wallet,0
TXN04948,CUST0259,2024-11-30,Travel,16000.27,1,25,12000.2,Credit Card,0
TXN04949,CUST0549,2024-02-23,Jewellery,5361.69,1,15,4557.44,Credit Card,0
TXN04950,CUST0236,2023-07-05,Sports,6704.91,1,10,6034.42,Debit Card,0
TXN04951,CUST0712,2023-11-14,Beauty,4954.53,1,0,4954.53,UPI,0
TXN04952,CUST0977,2024-04-08,Beauty,3768.8,2,5,7160.72,Credit Card,0
TXN04953,CUST0403,2024-03-07,Grocery,1116.57,3,0,3349.71,Debit Card,0
TXN04954,CUST0249,2023-05-15,Fashion,6704.04,3,15,17095.3,Credit Card,0
TXN04955,CUST0774,2024-05-17,Sports,9366.42,3,5,26694.3,Credit Card,0
TXN04956,CUST0535,2024-11-15,Electronics,26122.68,4,15,88817.11,UPI,0
TXN04957,CUST0016,2023-09-26,Books,169.32,2,5,321.71,UPI,0
TXN04958,CUST0307,2024-03-12,Beauty,855.36,3,10,2309.47,UPI,0
TXN04959,CUST0991,2024-09-18,Home & Kitchen,13257.75,3,10,35795.93,Credit Card,0
TXN04960,CUST0214,2024-05-12,Jewellery,42155.03,1,20,33724.02,UPI,0
TXN04961,CUST0483,2024-07-04,Travel,19826.91,1,0,19826.91,Debit Card,0
TXN04962,CUST0446,2023-12-06,Electronics,26389.66,1,5,25070.18,Debit Card,0
TXN04963,CUST0540,2023-08-30,Home & Kitchen,12058.68,3,0,36176.04,Debit Card,1
TXN04964,CUST0200,2023-08-09,Grocery,2825.66,1,0,2825.66,Net Banking,0
TXN04965,CUST0405,2024-10-19,Sports,9482.16,3,10,25601.83,UPI,0
TXN04966,CUST0572,2024-11-06,Beauty,3146.22,4,0,12584.88,Debit Card,0
TXN04967,CUST0305,2023-12-27,Books,477.61,4,0,1910.44,Net Banking,0
TXN04968,CUST0233,2023-07-09,Electronics,44431.09,5,20,177724.36,Net Banking,0
TXN04969,CUST0760,2024-02-17,Beauty,1397.51,2,10,2515.52,Credit Card,1
TXN04970,CUST0434,2023-11-25,Fashion,6560.09,1,0,6560.09,Debit Card,1
TXN04971,CUST0001,2023-08-10,Fashion,3402.21,1,0,3402.21,Credit Card,0
TXN04972,CUST0627,2024-11-16,Fashion,6752.73,2,0,13505.46,Debit Card,0
TXN04973,CUST0831,2023-04-02,Jewellery,20317.24,2,10,36571.03,Net Banking,0
TXN04974,CUST0275,2024-03-15,Travel,49976.52,5,15,212400.21,Wallet,0
TXN04975,CUST0951,2023-04-16,Grocery,1133.29,2,10,2039.92,Credit Card,0
TXN04976,CUST0562,2023-09-02,Home & Kitchen,7049.88,3,0,21149.64,Credit Card,0
TXN04977,CUST0155,2023-11-01,Beauty,3192.8,1,10,2873.52,Debit Card,0
TXN04978,CUST0106,2024-07-08,Home & Kitchen,1798.08,2,5,3416.35,Debit Card,0
TXN04979,CUST0542,2024-08-20,Home & Kitchen,14264.54,3,10,38514.26,UPI,0
TXN04980,CUST0013,2023-04-07,Beauty,2995.95,2,20,4793.52,Debit Card,1
TXN04981,CUST0350,2024-04-21,Travel,31945.74,3,5,91045.36,Debit Card,1
TXN04982,CUST0759,2023-09-23,Jewellery,42290.91,4,0,169163.64,Credit Card,0
TXN04983,CUST0915,2024-07-28,Jewellery,43556.61,3,20,104535.86,Net Banking,0
TXN04984,CUST0875,2023-04-13,Sports,6553.77,5,0,32768.85,Credit Card,0
TXN04985,CUST0995,2023-09-11,Grocery,2796.33,3,0,8388.99,Credit Card,0
TXN04986,CUST0242,2024-03-30,Sports,1338.01,2,15,2274.62,UPI,0
TXN04987,CUST0042,2024-05-27,Travel,9453.87,4,15,32143.16,Debit Card,0
TXN04988,CUST0096,2024-10-27,Home & Kitchen,9274.39,4,20,29678.05,UPI,0
TXN04989,CUST0015,2024-05-07,Grocery,1191.38,3,0,3574.14,Credit Card,0
TXN04990,CUST0817,2023-09-18,Sports,5892.17,2,5,11195.12,Wallet,0
TXN04991,CUST0850,2023-02-04,Sports,4340.1,4,0,17360.4,Credit Card,0
TXN04992,CUST0371,2024-01-16,Fashion,3535.44,3,10,9545.69,Debit Card,0
TXN04993,CUST0662,2024-02-01,Jewellery,41487.02,3,0,124461.06,Debit Card,0
TXN04994,CUST0066,2023-01-27,Toys,2495.86,3,15,6364.44,Net Banking,0
TXN04995,CUST0811,2023-11-02,Sports,11969.73,4,0,47878.92,UPI,0
TXN04996,CUST0717,2024-11-29,Electronics,64015.94,1,0,64015.94,Credit Card,0
TXN04997,CUST0426,2024-11-01,Fashion,2552.5,2,5,4849.75,Debit Card,0
TXN04998,CUST0993,2024-08-03,Home & Kitchen,4553.7,5,30,15937.95,Debit Card,0
TXN04999,CUST0741,2023-06-14,Books,603.46,5,20,2413.84,UPI,0
TXN05000,CUST0804,2023-09-15,Jewellery,42476.46,2,30,59467.04,UPI,0
